"municipio_ibge","municipio","regiao_intermediaria","status","google_busca_1","google_busca_2","google_busca_3","google_busca_4","google_busca_5","consultado_em","candidatos","observacoes"
"3500105","Adamantina","Presidente Prudente","a pesquisar","https://www.google.com/maps/search/?api=1&query=arena%20beach%20tennis%20em%20Adamantina%2C%20S%C3%A3o%20Paulo%2C%20Brasil","https://www.google.com/maps/search/?api=1&query=arena%20futev%C3%B4lei%20em%20Adamantina%2C%20S%C3%A3o%20Paulo%2C%20Brasil","https://www.google.com/maps/search/?api=1&query=quadra%20v%C3%B4lei%20de%20praia%20em%20Adamantina%2C%20S%C3%A3o%20Paulo%2C%20Brasil","https://www.google.com/maps/search/?api=1&query=arena%20esportes%20de%20areia%20em%20Adamantina%2C%20S%C3%A3o%20Paulo%2C%20Brasil","https://www.google.com/maps/search/?api=1&query=beach%20sports%20em%20Adamantina%2C%20S%C3%A3o%20Paulo%2C%20Brasil","","",""
"3500204","Adolfo","São José do Rio Preto","a pesquisar","https://www.google.com/maps/search/?api=1&query=arena%20beach%20tennis%20em%20Adolfo%2C%20S%C3%A3o%20Paulo%2C%20Brasil","https://www.google.com/maps/search/?api=1&query=arena%20futev%C3%B4lei%20em%20Adolfo%2C%20S%C3%A3o%20Paulo%2C%20Brasil","https://www.google.com/maps/search/?api=1&query=quadra%20v%C3%B4lei%20de%20praia%20em%20Adolfo%2C%20S%C3%A3o%20Paulo%2C%20Brasil","https://www.google.com/maps/search/?api=1&query=arena%20esportes%20de%20areia%20em%20Adolfo%2C%20S%C3%A3o%20Paulo%2C%20Brasil","https://www.google.com/maps/search/?api=1&query=beach%20sports%20em%20Adolfo%2C%20S%C3%A3o%20Paulo%2C%20Brasil","","",""
"3500303","Aguaí","Campinas","a pesquisar","https://www.google.com/maps/search/?api=1&query=arena%20beach%20tennis%20em%20Agua%C3%AD%2C%20S%C3%A3o%20Paulo%2C%20Brasil","https://www.google.com/maps/search/?api=1&query=arena%20futev%C3%B4lei%20em%20Agua%C3%AD%2C%20S%C3%A3o%20Paulo%2C%20Brasil","https://www.google.com/maps/search/?api=1&query=quadra%20v%C3%B4lei%20de%20praia%20em%20Agua%C3%AD%2C%20S%C3%A3o%20Paulo%2C%20Brasil","https://www.google.com/maps/search/?api=1&query=arena%20esportes%20de%20areia%20em%20Agua%C3%AD%2C%20S%C3%A3o%20Paulo%2C%20Brasil","https://www.google.com/maps/search/?api=1&query=beach%20sports%20em%20Agua%C3%AD%2C%20S%C3%A3o%20Paulo%2C%20Brasil","","",""
"3500402","Águas da Prata","Campinas","a pesquisar","https://www.google.com/maps/search/?api=1&query=arena%20beach%20tennis%20em%20%C3%81guas%20da%20Prata%2C%20S%C3%A3o%20Paulo%2C%20Brasil","https://www.google.com/maps/search/?api=1&query=arena%20futev%C3%B4lei%20em%20%C3%81guas%20da%20Prata%2C%20S%C3%A3o%20Paulo%2C%20Brasil","https://www.google.com/maps/search/?api=1&query=quadra%20v%C3%B4lei%20de%20praia%20em%20%C3%81guas%20da%20Prata%2C%20S%C3%A3o%20Paulo%2C%20Brasil","https://www.google.com/maps/search/?api=1&query=arena%20esportes%20de%20areia%20em%20%C3%81guas%20da%20Prata%2C%20S%C3%A3o%20Paulo%2C%20Brasil","https://www.google.com/maps/search/?api=1&query=beach%20sports%20em%20%C3%81guas%20da%20Prata%2C%20S%C3%A3o%20Paulo%2C%20Brasil","","",""
"3500501","Águas de Lindóia","Campinas","a pesquisar","https://www.google.com/maps/search/?api=1&query=arena%20beach%20tennis%20em%20%C3%81guas%20de%20Lind%C3%B3ia%2C%20S%C3%A3o%20Paulo%2C%20Brasil","https://www.google.com/maps/search/?api=1&query=arena%20futev%C3%B4lei%20em%20%C3%81guas%20de%20Lind%C3%B3ia%2C%20S%C3%A3o%20Paulo%2C%20Brasil","https://www.google.com/maps/search/?api=1&query=quadra%20v%C3%B4lei%20de%20praia%20em%20%C3%81guas%20de%20Lind%C3%B3ia%2C%20S%C3%A3o%20Paulo%2C%20Brasil","https://www.google.com/maps/search/?api=1&query=arena%20esportes%20de%20areia%20em%20%C3%81guas%20de%20Lind%C3%B3ia%2C%20S%C3%A3o%20Paulo%2C%20Brasil","https://www.google.com/maps/search/?api=1&query=beach%20sports%20em%20%C3%81guas%20de%20Lind%C3%B3ia%2C%20S%C3%A3o%20Paulo%2C%20Brasil","","",""
"3500550","Águas de Santa Bárbara","Sorocaba","a pesquisar","https://www.google.com/maps/search/?api=1&query=arena%20beach%20tennis%20em%20%C3%81guas%20de%20Santa%20B%C3%A1rbara%2C%20S%C3%A3o%20Paulo%2C%20Brasil","https://www.google.com/maps/search/?api=1&query=arena%20futev%C3%B4lei%20em%20%C3%81guas%20de%20Santa%20B%C3%A1rbara%2C%20S%C3%A3o%20Paulo%2C%20Brasil","https://www.google.com/maps/search/?api=1&query=quadra%20v%C3%B4lei%20de%20praia%20em%20%C3%81guas%20de%20Santa%20B%C3%A1rbara%2C%20S%C3%A3o%20Paulo%2C%20Brasil","https://www.google.com/maps/search/?api=1&query=arena%20esportes%20de%20areia%20em%20%C3%81guas%20de%20Santa%20B%C3%A1rbara%2C%20S%C3%A3o%20Paulo%2C%20Brasil","https://www.google.com/maps/search/?api=1&query=beach%20sports%20em%20%C3%81guas%20de%20Santa%20B%C3%A1rbara%2C%20S%C3%A3o%20Paulo%2C%20Brasil","","",""
"3500600","Águas de São Pedro","Campinas","a pesquisar","https://www.google.com/maps/search/?api=1&query=arena%20beach%20tennis%20em%20%C3%81guas%20de%20S%C3%A3o%20Pedro%2C%20S%C3%A3o%20Paulo%2C%20Brasil","https://www.google.com/maps/search/?api=1&query=arena%20futev%C3%B4lei%20em%20%C3%81guas%20de%20S%C3%A3o%20Pedro%2C%20S%C3%A3o%20Paulo%2C%20Brasil","https://www.google.com/maps/search/?api=1&query=quadra%20v%C3%B4lei%20de%20praia%20em%20%C3%81guas%20de%20S%C3%A3o%20Pedro%2C%20S%C3%A3o%20Paulo%2C%20Brasil","https://www.google.com/maps/search/?api=1&query=arena%20esportes%20de%20areia%20em%20%C3%81guas%20de%20S%C3%A3o%20Pedro%2C%20S%C3%A3o%20Paulo%2C%20Brasil","https://www.google.com/maps/search/?api=1&query=beach%20sports%20em%20%C3%81guas%20de%20S%C3%A3o%20Pedro%2C%20S%C3%A3o%20Paulo%2C%20Brasil","","",""
"3500709","Agudos","Bauru","a pesquisar","https://www.google.com/maps/search/?api=1&query=arena%20beach%20tennis%20em%20Agudos%2C%20S%C3%A3o%20Paulo%2C%20Brasil","https://www.google.com/maps/search/?api=1&query=arena%20futev%C3%B4lei%20em%20Agudos%2C%20S%C3%A3o%20Paulo%2C%20Brasil","https://www.google.com/maps/search/?api=1&query=quadra%20v%C3%B4lei%20de%20praia%20em%20Agudos%2C%20S%C3%A3o%20Paulo%2C%20Brasil","https://www.google.com/maps/search/?api=1&query=arena%20esportes%20de%20areia%20em%20Agudos%2C%20S%C3%A3o%20Paulo%2C%20Brasil","https://www.google.com/maps/search/?api=1&query=beach%20sports%20em%20Agudos%2C%20S%C3%A3o%20Paulo%2C%20Brasil","","",""
"3500758","Alambari","Sorocaba","a pesquisar","https://www.google.com/maps/search/?api=1&query=arena%20beach%20tennis%20em%20Alambari%2C%20S%C3%A3o%20Paulo%2C%20Brasil","https://www.google.com/maps/search/?api=1&query=arena%20futev%C3%B4lei%20em%20Alambari%2C%20S%C3%A3o%20Paulo%2C%20Brasil","https://www.google.com/maps/search/?api=1&query=quadra%20v%C3%B4lei%20de%20praia%20em%20Alambari%2C%20S%C3%A3o%20Paulo%2C%20Brasil","https://www.google.com/maps/search/?api=1&query=arena%20esportes%20de%20areia%20em%20Alambari%2C%20S%C3%A3o%20Paulo%2C%20Brasil","https://www.google.com/maps/search/?api=1&query=beach%20sports%20em%20Alambari%2C%20S%C3%A3o%20Paulo%2C%20Brasil","","",""
"3500808","Alfredo Marcondes","Presidente Prudente","a pesquisar","https://www.google.com/maps/search/?api=1&query=arena%20beach%20tennis%20em%20Alfredo%20Marcondes%2C%20S%C3%A3o%20Paulo%2C%20Brasil","https://www.google.com/maps/search/?api=1&query=arena%20futev%C3%B4lei%20em%20Alfredo%20Marcondes%2C%20S%C3%A3o%20Paulo%2C%20Brasil","https://www.google.com/maps/search/?api=1&query=quadra%20v%C3%B4lei%20de%20praia%20em%20Alfredo%20Marcondes%2C%20S%C3%A3o%20Paulo%2C%20Brasil","https://www.google.com/maps/search/?api=1&query=arena%20esportes%20de%20areia%20em%20Alfredo%20Marcondes%2C%20S%C3%A3o%20Paulo%2C%20Brasil","https://www.google.com/maps/search/?api=1&query=beach%20sports%20em%20Alfredo%20Marcondes%2C%20S%C3%A3o%20Paulo%2C%20Brasil","","",""
"3500907","Altair","São José do Rio Preto","a pesquisar","https://www.google.com/maps/search/?api=1&query=arena%20beach%20tennis%20em%20Altair%2C%20S%C3%A3o%20Paulo%2C%20Brasil","https://www.google.com/maps/search/?api=1&query=arena%20futev%C3%B4lei%20em%20Altair%2C%20S%C3%A3o%20Paulo%2C%20Brasil","https://www.google.com/maps/search/?api=1&query=quadra%20v%C3%B4lei%20de%20praia%20em%20Altair%2C%20S%C3%A3o%20Paulo%2C%20Brasil","https://www.google.com/maps/search/?api=1&query=arena%20esportes%20de%20areia%20em%20Altair%2C%20S%C3%A3o%20Paulo%2C%20Brasil","https://www.google.com/maps/search/?api=1&query=beach%20sports%20em%20Altair%2C%20S%C3%A3o%20Paulo%2C%20Brasil","","",""
"3501004","Altinópolis","Ribeirão Preto","a pesquisar","https://www.google.com/maps/search/?api=1&query=arena%20beach%20tennis%20em%20Altin%C3%B3polis%2C%20S%C3%A3o%20Paulo%2C%20Brasil","https://www.google.com/maps/search/?api=1&query=arena%20futev%C3%B4lei%20em%20Altin%C3%B3polis%2C%20S%C3%A3o%20Paulo%2C%20Brasil","https://www.google.com/maps/search/?api=1&query=quadra%20v%C3%B4lei%20de%20praia%20em%20Altin%C3%B3polis%2C%20S%C3%A3o%20Paulo%2C%20Brasil","https://www.google.com/maps/search/?api=1&query=arena%20esportes%20de%20areia%20em%20Altin%C3%B3polis%2C%20S%C3%A3o%20Paulo%2C%20Brasil","https://www.google.com/maps/search/?api=1&query=beach%20sports%20em%20Altin%C3%B3polis%2C%20S%C3%A3o%20Paulo%2C%20Brasil","","",""
"3501103","Alto Alegre","Araçatuba","a pesquisar","https://www.google.com/maps/search/?api=1&query=arena%20beach%20tennis%20em%20Alto%20Alegre%2C%20S%C3%A3o%20Paulo%2C%20Brasil","https://www.google.com/maps/search/?api=1&query=arena%20futev%C3%B4lei%20em%20Alto%20Alegre%2C%20S%C3%A3o%20Paulo%2C%20Brasil","https://www.google.com/maps/search/?api=1&query=quadra%20v%C3%B4lei%20de%20praia%20em%20Alto%20Alegre%2C%20S%C3%A3o%20Paulo%2C%20Brasil","https://www.google.com/maps/search/?api=1&query=arena%20esportes%20de%20areia%20em%20Alto%20Alegre%2C%20S%C3%A3o%20Paulo%2C%20Brasil","https://www.google.com/maps/search/?api=1&query=beach%20sports%20em%20Alto%20Alegre%2C%20S%C3%A3o%20Paulo%2C%20Brasil","","",""
"3501152","Alumínio","Sorocaba","a pesquisar","https://www.google.com/maps/search/?api=1&query=arena%20beach%20tennis%20em%20Alum%C3%ADnio%2C%20S%C3%A3o%20Paulo%2C%20Brasil","https://www.google.com/maps/search/?api=1&query=arena%20futev%C3%B4lei%20em%20Alum%C3%ADnio%2C%20S%C3%A3o%20Paulo%2C%20Brasil","https://www.google.com/maps/search/?api=1&query=quadra%20v%C3%B4lei%20de%20praia%20em%20Alum%C3%ADnio%2C%20S%C3%A3o%20Paulo%2C%20Brasil","https://www.google.com/maps/search/?api=1&query=arena%20esportes%20de%20areia%20em%20Alum%C3%ADnio%2C%20S%C3%A3o%20Paulo%2C%20Brasil","https://www.google.com/maps/search/?api=1&query=beach%20sports%20em%20Alum%C3%ADnio%2C%20S%C3%A3o%20Paulo%2C%20Brasil","","",""
"3501202","Álvares Florence","São José do Rio Preto","a pesquisar","https://www.google.com/maps/search/?api=1&query=arena%20beach%20tennis%20em%20%C3%81lvares%20Florence%2C%20S%C3%A3o%20Paulo%2C%20Brasil","https://www.google.com/maps/search/?api=1&query=arena%20futev%C3%B4lei%20em%20%C3%81lvares%20Florence%2C%20S%C3%A3o%20Paulo%2C%20Brasil","https://www.google.com/maps/search/?api=1&query=quadra%20v%C3%B4lei%20de%20praia%20em%20%C3%81lvares%20Florence%2C%20S%C3%A3o%20Paulo%2C%20Brasil","https://www.google.com/maps/search/?api=1&query=arena%20esportes%20de%20areia%20em%20%C3%81lvares%20Florence%2C%20S%C3%A3o%20Paulo%2C%20Brasil","https://www.google.com/maps/search/?api=1&query=beach%20sports%20em%20%C3%81lvares%20Florence%2C%20S%C3%A3o%20Paulo%2C%20Brasil","","",""
"3501301","Álvares Machado","Presidente Prudente","a pesquisar","https://www.google.com/maps/search/?api=1&query=arena%20beach%20tennis%20em%20%C3%81lvares%20Machado%2C%20S%C3%A3o%20Paulo%2C%20Brasil","https://www.google.com/maps/search/?api=1&query=arena%20futev%C3%B4lei%20em%20%C3%81lvares%20Machado%2C%20S%C3%A3o%20Paulo%2C%20Brasil","https://www.google.com/maps/search/?api=1&query=quadra%20v%C3%B4lei%20de%20praia%20em%20%C3%81lvares%20Machado%2C%20S%C3%A3o%20Paulo%2C%20Brasil","https://www.google.com/maps/search/?api=1&query=arena%20esportes%20de%20areia%20em%20%C3%81lvares%20Machado%2C%20S%C3%A3o%20Paulo%2C%20Brasil","https://www.google.com/maps/search/?api=1&query=beach%20sports%20em%20%C3%81lvares%20Machado%2C%20S%C3%A3o%20Paulo%2C%20Brasil","","",""
"3501400","Álvaro de Carvalho","Marília","a pesquisar","https://www.google.com/maps/search/?api=1&query=arena%20beach%20tennis%20em%20%C3%81lvaro%20de%20Carvalho%2C%20S%C3%A3o%20Paulo%2C%20Brasil","https://www.google.com/maps/search/?api=1&query=arena%20futev%C3%B4lei%20em%20%C3%81lvaro%20de%20Carvalho%2C%20S%C3%A3o%20Paulo%2C%20Brasil","https://www.google.com/maps/search/?api=1&query=quadra%20v%C3%B4lei%20de%20praia%20em%20%C3%81lvaro%20de%20Carvalho%2C%20S%C3%A3o%20Paulo%2C%20Brasil","https://www.google.com/maps/search/?api=1&query=arena%20esportes%20de%20areia%20em%20%C3%81lvaro%20de%20Carvalho%2C%20S%C3%A3o%20Paulo%2C%20Brasil","https://www.google.com/maps/search/?api=1&query=beach%20sports%20em%20%C3%81lvaro%20de%20Carvalho%2C%20S%C3%A3o%20Paulo%2C%20Brasil","","",""
"3501509","Alvinlândia","Marília","a pesquisar","https://www.google.com/maps/search/?api=1&query=arena%20beach%20tennis%20em%20Alvinl%C3%A2ndia%2C%20S%C3%A3o%20Paulo%2C%20Brasil","https://www.google.com/maps/search/?api=1&query=arena%20futev%C3%B4lei%20em%20Alvinl%C3%A2ndia%2C%20S%C3%A3o%20Paulo%2C%20Brasil","https://www.google.com/maps/search/?api=1&query=quadra%20v%C3%B4lei%20de%20praia%20em%20Alvinl%C3%A2ndia%2C%20S%C3%A3o%20Paulo%2C%20Brasil","https://www.google.com/maps/search/?api=1&query=arena%20esportes%20de%20areia%20em%20Alvinl%C3%A2ndia%2C%20S%C3%A3o%20Paulo%2C%20Brasil","https://www.google.com/maps/search/?api=1&query=beach%20sports%20em%20Alvinl%C3%A2ndia%2C%20S%C3%A3o%20Paulo%2C%20Brasil","","",""
"3501608","Americana","Campinas","a pesquisar","https://www.google.com/maps/search/?api=1&query=arena%20beach%20tennis%20em%20Americana%2C%20S%C3%A3o%20Paulo%2C%20Brasil","https://www.google.com/maps/search/?api=1&query=arena%20futev%C3%B4lei%20em%20Americana%2C%20S%C3%A3o%20Paulo%2C%20Brasil","https://www.google.com/maps/search/?api=1&query=quadra%20v%C3%B4lei%20de%20praia%20em%20Americana%2C%20S%C3%A3o%20Paulo%2C%20Brasil","https://www.google.com/maps/search/?api=1&query=arena%20esportes%20de%20areia%20em%20Americana%2C%20S%C3%A3o%20Paulo%2C%20Brasil","https://www.google.com/maps/search/?api=1&query=beach%20sports%20em%20Americana%2C%20S%C3%A3o%20Paulo%2C%20Brasil","","",""
"3501707","Américo Brasiliense","Araraquara","a pesquisar","https://www.google.com/maps/search/?api=1&query=arena%20beach%20tennis%20em%20Am%C3%A9rico%20Brasiliense%2C%20S%C3%A3o%20Paulo%2C%20Brasil","https://www.google.com/maps/search/?api=1&query=arena%20futev%C3%B4lei%20em%20Am%C3%A9rico%20Brasiliense%2C%20S%C3%A3o%20Paulo%2C%20Brasil","https://www.google.com/maps/search/?api=1&query=quadra%20v%C3%B4lei%20de%20praia%20em%20Am%C3%A9rico%20Brasiliense%2C%20S%C3%A3o%20Paulo%2C%20Brasil","https://www.google.com/maps/search/?api=1&query=arena%20esportes%20de%20areia%20em%20Am%C3%A9rico%20Brasiliense%2C%20S%C3%A3o%20Paulo%2C%20Brasil","https://www.google.com/maps/search/?api=1&query=beach%20sports%20em%20Am%C3%A9rico%20Brasiliense%2C%20S%C3%A3o%20Paulo%2C%20Brasil","","",""
"3501806","Américo de Campos","São José do Rio Preto","a pesquisar","https://www.google.com/maps/search/?api=1&query=arena%20beach%20tennis%20em%20Am%C3%A9rico%20de%20Campos%2C%20S%C3%A3o%20Paulo%2C%20Brasil","https://www.google.com/maps/search/?api=1&query=arena%20futev%C3%B4lei%20em%20Am%C3%A9rico%20de%20Campos%2C%20S%C3%A3o%20Paulo%2C%20Brasil","https://www.google.com/maps/search/?api=1&query=quadra%20v%C3%B4lei%20de%20praia%20em%20Am%C3%A9rico%20de%20Campos%2C%20S%C3%A3o%20Paulo%2C%20Brasil","https://www.google.com/maps/search/?api=1&query=arena%20esportes%20de%20areia%20em%20Am%C3%A9rico%20de%20Campos%2C%20S%C3%A3o%20Paulo%2C%20Brasil","https://www.google.com/maps/search/?api=1&query=beach%20sports%20em%20Am%C3%A9rico%20de%20Campos%2C%20S%C3%A3o%20Paulo%2C%20Brasil","","",""
"3501905","Amparo","Campinas","a pesquisar","https://www.google.com/maps/search/?api=1&query=arena%20beach%20tennis%20em%20Amparo%2C%20S%C3%A3o%20Paulo%2C%20Brasil","https://www.google.com/maps/search/?api=1&query=arena%20futev%C3%B4lei%20em%20Amparo%2C%20S%C3%A3o%20Paulo%2C%20Brasil","https://www.google.com/maps/search/?api=1&query=quadra%20v%C3%B4lei%20de%20praia%20em%20Amparo%2C%20S%C3%A3o%20Paulo%2C%20Brasil","https://www.google.com/maps/search/?api=1&query=arena%20esportes%20de%20areia%20em%20Amparo%2C%20S%C3%A3o%20Paulo%2C%20Brasil","https://www.google.com/maps/search/?api=1&query=beach%20sports%20em%20Amparo%2C%20S%C3%A3o%20Paulo%2C%20Brasil","","",""
"3502002","Analândia","Campinas","a pesquisar","https://www.google.com/maps/search/?api=1&query=arena%20beach%20tennis%20em%20Anal%C3%A2ndia%2C%20S%C3%A3o%20Paulo%2C%20Brasil","https://www.google.com/maps/search/?api=1&query=arena%20futev%C3%B4lei%20em%20Anal%C3%A2ndia%2C%20S%C3%A3o%20Paulo%2C%20Brasil","https://www.google.com/maps/search/?api=1&query=quadra%20v%C3%B4lei%20de%20praia%20em%20Anal%C3%A2ndia%2C%20S%C3%A3o%20Paulo%2C%20Brasil","https://www.google.com/maps/search/?api=1&query=arena%20esportes%20de%20areia%20em%20Anal%C3%A2ndia%2C%20S%C3%A3o%20Paulo%2C%20Brasil","https://www.google.com/maps/search/?api=1&query=beach%20sports%20em%20Anal%C3%A2ndia%2C%20S%C3%A3o%20Paulo%2C%20Brasil","","",""
"3502101","Andradina","Araçatuba","a pesquisar","https://www.google.com/maps/search/?api=1&query=arena%20beach%20tennis%20em%20Andradina%2C%20S%C3%A3o%20Paulo%2C%20Brasil","https://www.google.com/maps/search/?api=1&query=arena%20futev%C3%B4lei%20em%20Andradina%2C%20S%C3%A3o%20Paulo%2C%20Brasil","https://www.google.com/maps/search/?api=1&query=quadra%20v%C3%B4lei%20de%20praia%20em%20Andradina%2C%20S%C3%A3o%20Paulo%2C%20Brasil","https://www.google.com/maps/search/?api=1&query=arena%20esportes%20de%20areia%20em%20Andradina%2C%20S%C3%A3o%20Paulo%2C%20Brasil","https://www.google.com/maps/search/?api=1&query=beach%20sports%20em%20Andradina%2C%20S%C3%A3o%20Paulo%2C%20Brasil","","",""
"3502200","Angatuba","Sorocaba","a pesquisar","https://www.google.com/maps/search/?api=1&query=arena%20beach%20tennis%20em%20Angatuba%2C%20S%C3%A3o%20Paulo%2C%20Brasil","https://www.google.com/maps/search/?api=1&query=arena%20futev%C3%B4lei%20em%20Angatuba%2C%20S%C3%A3o%20Paulo%2C%20Brasil","https://www.google.com/maps/search/?api=1&query=quadra%20v%C3%B4lei%20de%20praia%20em%20Angatuba%2C%20S%C3%A3o%20Paulo%2C%20Brasil","https://www.google.com/maps/search/?api=1&query=arena%20esportes%20de%20areia%20em%20Angatuba%2C%20S%C3%A3o%20Paulo%2C%20Brasil","https://www.google.com/maps/search/?api=1&query=beach%20sports%20em%20Angatuba%2C%20S%C3%A3o%20Paulo%2C%20Brasil","","",""
"3502309","Anhembi","Bauru","a pesquisar","https://www.google.com/maps/search/?api=1&query=arena%20beach%20tennis%20em%20Anhembi%2C%20S%C3%A3o%20Paulo%2C%20Brasil","https://www.google.com/maps/search/?api=1&query=arena%20futev%C3%B4lei%20em%20Anhembi%2C%20S%C3%A3o%20Paulo%2C%20Brasil","https://www.google.com/maps/search/?api=1&query=quadra%20v%C3%B4lei%20de%20praia%20em%20Anhembi%2C%20S%C3%A3o%20Paulo%2C%20Brasil","https://www.google.com/maps/search/?api=1&query=arena%20esportes%20de%20areia%20em%20Anhembi%2C%20S%C3%A3o%20Paulo%2C%20Brasil","https://www.google.com/maps/search/?api=1&query=beach%20sports%20em%20Anhembi%2C%20S%C3%A3o%20Paulo%2C%20Brasil","","",""
"3502408","Anhumas","Presidente Prudente","a pesquisar","https://www.google.com/maps/search/?api=1&query=arena%20beach%20tennis%20em%20Anhumas%2C%20S%C3%A3o%20Paulo%2C%20Brasil","https://www.google.com/maps/search/?api=1&query=arena%20futev%C3%B4lei%20em%20Anhumas%2C%20S%C3%A3o%20Paulo%2C%20Brasil","https://www.google.com/maps/search/?api=1&query=quadra%20v%C3%B4lei%20de%20praia%20em%20Anhumas%2C%20S%C3%A3o%20Paulo%2C%20Brasil","https://www.google.com/maps/search/?api=1&query=arena%20esportes%20de%20areia%20em%20Anhumas%2C%20S%C3%A3o%20Paulo%2C%20Brasil","https://www.google.com/maps/search/?api=1&query=beach%20sports%20em%20Anhumas%2C%20S%C3%A3o%20Paulo%2C%20Brasil","","",""
"3502507","Aparecida","São José dos Campos","a pesquisar","https://www.google.com/maps/search/?api=1&query=arena%20beach%20tennis%20em%20Aparecida%2C%20S%C3%A3o%20Paulo%2C%20Brasil","https://www.google.com/maps/search/?api=1&query=arena%20futev%C3%B4lei%20em%20Aparecida%2C%20S%C3%A3o%20Paulo%2C%20Brasil","https://www.google.com/maps/search/?api=1&query=quadra%20v%C3%B4lei%20de%20praia%20em%20Aparecida%2C%20S%C3%A3o%20Paulo%2C%20Brasil","https://www.google.com/maps/search/?api=1&query=arena%20esportes%20de%20areia%20em%20Aparecida%2C%20S%C3%A3o%20Paulo%2C%20Brasil","https://www.google.com/maps/search/?api=1&query=beach%20sports%20em%20Aparecida%2C%20S%C3%A3o%20Paulo%2C%20Brasil","","",""
"3502606","Aparecida d'Oeste","São José do Rio Preto","a pesquisar","https://www.google.com/maps/search/?api=1&query=arena%20beach%20tennis%20em%20Aparecida%20d'Oeste%2C%20S%C3%A3o%20Paulo%2C%20Brasil","https://www.google.com/maps/search/?api=1&query=arena%20futev%C3%B4lei%20em%20Aparecida%20d'Oeste%2C%20S%C3%A3o%20Paulo%2C%20Brasil","https://www.google.com/maps/search/?api=1&query=quadra%20v%C3%B4lei%20de%20praia%20em%20Aparecida%20d'Oeste%2C%20S%C3%A3o%20Paulo%2C%20Brasil","https://www.google.com/maps/search/?api=1&query=arena%20esportes%20de%20areia%20em%20Aparecida%20d'Oeste%2C%20S%C3%A3o%20Paulo%2C%20Brasil","https://www.google.com/maps/search/?api=1&query=beach%20sports%20em%20Aparecida%20d'Oeste%2C%20S%C3%A3o%20Paulo%2C%20Brasil","","",""
"3502705","Apiaí","Sorocaba","a pesquisar","https://www.google.com/maps/search/?api=1&query=arena%20beach%20tennis%20em%20Apia%C3%AD%2C%20S%C3%A3o%20Paulo%2C%20Brasil","https://www.google.com/maps/search/?api=1&query=arena%20futev%C3%B4lei%20em%20Apia%C3%AD%2C%20S%C3%A3o%20Paulo%2C%20Brasil","https://www.google.com/maps/search/?api=1&query=quadra%20v%C3%B4lei%20de%20praia%20em%20Apia%C3%AD%2C%20S%C3%A3o%20Paulo%2C%20Brasil","https://www.google.com/maps/search/?api=1&query=arena%20esportes%20de%20areia%20em%20Apia%C3%AD%2C%20S%C3%A3o%20Paulo%2C%20Brasil","https://www.google.com/maps/search/?api=1&query=beach%20sports%20em%20Apia%C3%AD%2C%20S%C3%A3o%20Paulo%2C%20Brasil","","",""
"3502754","Araçariguama","Sorocaba","a pesquisar","https://www.google.com/maps/search/?api=1&query=arena%20beach%20tennis%20em%20Ara%C3%A7ariguama%2C%20S%C3%A3o%20Paulo%2C%20Brasil","https://www.google.com/maps/search/?api=1&query=arena%20futev%C3%B4lei%20em%20Ara%C3%A7ariguama%2C%20S%C3%A3o%20Paulo%2C%20Brasil","https://www.google.com/maps/search/?api=1&query=quadra%20v%C3%B4lei%20de%20praia%20em%20Ara%C3%A7ariguama%2C%20S%C3%A3o%20Paulo%2C%20Brasil","https://www.google.com/maps/search/?api=1&query=arena%20esportes%20de%20areia%20em%20Ara%C3%A7ariguama%2C%20S%C3%A3o%20Paulo%2C%20Brasil","https://www.google.com/maps/search/?api=1&query=beach%20sports%20em%20Ara%C3%A7ariguama%2C%20S%C3%A3o%20Paulo%2C%20Brasil","","",""
"3502804","Araçatuba","Araçatuba","pesquisa pública parcial","https://www.google.com/maps/search/?api=1&query=arena%20beach%20tennis%20em%20Ara%C3%A7atuba%2C%20S%C3%A3o%20Paulo%2C%20Brasil","https://www.google.com/maps/search/?api=1&query=arena%20futev%C3%B4lei%20em%20Ara%C3%A7atuba%2C%20S%C3%A3o%20Paulo%2C%20Brasil","https://www.google.com/maps/search/?api=1&query=quadra%20v%C3%B4lei%20de%20praia%20em%20Ara%C3%A7atuba%2C%20S%C3%A3o%20Paulo%2C%20Brasil","https://www.google.com/maps/search/?api=1&query=arena%20esportes%20de%20areia%20em%20Ara%C3%A7atuba%2C%20S%C3%A3o%20Paulo%2C%20Brasil","https://www.google.com/maps/search/?api=1&query=beach%20sports%20em%20Ara%C3%A7atuba%2C%20S%C3%A3o%20Paulo%2C%20Brasil","2026-09-13","1","Unidades validadas neste lote: 1. Consultas Maps da fila não executadas; cobertura municipal incompleta."
"3502903","Araçoiaba da Serra","Sorocaba","a pesquisar","https://www.google.com/maps/search/?api=1&query=arena%20beach%20tennis%20em%20Ara%C3%A7oiaba%20da%20Serra%2C%20S%C3%A3o%20Paulo%2C%20Brasil","https://www.google.com/maps/search/?api=1&query=arena%20futev%C3%B4lei%20em%20Ara%C3%A7oiaba%20da%20Serra%2C%20S%C3%A3o%20Paulo%2C%20Brasil","https://www.google.com/maps/search/?api=1&query=quadra%20v%C3%B4lei%20de%20praia%20em%20Ara%C3%A7oiaba%20da%20Serra%2C%20S%C3%A3o%20Paulo%2C%20Brasil","https://www.google.com/maps/search/?api=1&query=arena%20esportes%20de%20areia%20em%20Ara%C3%A7oiaba%20da%20Serra%2C%20S%C3%A3o%20Paulo%2C%20Brasil","https://www.google.com/maps/search/?api=1&query=beach%20sports%20em%20Ara%C3%A7oiaba%20da%20Serra%2C%20S%C3%A3o%20Paulo%2C%20Brasil","","",""
"3503000","Aramina","Ribeirão Preto","a pesquisar","https://www.google.com/maps/search/?api=1&query=arena%20beach%20tennis%20em%20Aramina%2C%20S%C3%A3o%20Paulo%2C%20Brasil","https://www.google.com/maps/search/?api=1&query=arena%20futev%C3%B4lei%20em%20Aramina%2C%20S%C3%A3o%20Paulo%2C%20Brasil","https://www.google.com/maps/search/?api=1&query=quadra%20v%C3%B4lei%20de%20praia%20em%20Aramina%2C%20S%C3%A3o%20Paulo%2C%20Brasil","https://www.google.com/maps/search/?api=1&query=arena%20esportes%20de%20areia%20em%20Aramina%2C%20S%C3%A3o%20Paulo%2C%20Brasil","https://www.google.com/maps/search/?api=1&query=beach%20sports%20em%20Aramina%2C%20S%C3%A3o%20Paulo%2C%20Brasil","","",""
"3503109","Arandu","Sorocaba","a pesquisar","https://www.google.com/maps/search/?api=1&query=arena%20beach%20tennis%20em%20Arandu%2C%20S%C3%A3o%20Paulo%2C%20Brasil","https://www.google.com/maps/search/?api=1&query=arena%20futev%C3%B4lei%20em%20Arandu%2C%20S%C3%A3o%20Paulo%2C%20Brasil","https://www.google.com/maps/search/?api=1&query=quadra%20v%C3%B4lei%20de%20praia%20em%20Arandu%2C%20S%C3%A3o%20Paulo%2C%20Brasil","https://www.google.com/maps/search/?api=1&query=arena%20esportes%20de%20areia%20em%20Arandu%2C%20S%C3%A3o%20Paulo%2C%20Brasil","https://www.google.com/maps/search/?api=1&query=beach%20sports%20em%20Arandu%2C%20S%C3%A3o%20Paulo%2C%20Brasil","","",""
"3503158","Arapeí","São José dos Campos","a pesquisar","https://www.google.com/maps/search/?api=1&query=arena%20beach%20tennis%20em%20Arape%C3%AD%2C%20S%C3%A3o%20Paulo%2C%20Brasil","https://www.google.com/maps/search/?api=1&query=arena%20futev%C3%B4lei%20em%20Arape%C3%AD%2C%20S%C3%A3o%20Paulo%2C%20Brasil","https://www.google.com/maps/search/?api=1&query=quadra%20v%C3%B4lei%20de%20praia%20em%20Arape%C3%AD%2C%20S%C3%A3o%20Paulo%2C%20Brasil","https://www.google.com/maps/search/?api=1&query=arena%20esportes%20de%20areia%20em%20Arape%C3%AD%2C%20S%C3%A3o%20Paulo%2C%20Brasil","https://www.google.com/maps/search/?api=1&query=beach%20sports%20em%20Arape%C3%AD%2C%20S%C3%A3o%20Paulo%2C%20Brasil","","",""
"3503208","Araraquara","Araraquara","a pesquisar","https://www.google.com/maps/search/?api=1&query=arena%20beach%20tennis%20em%20Araraquara%2C%20S%C3%A3o%20Paulo%2C%20Brasil","https://www.google.com/maps/search/?api=1&query=arena%20futev%C3%B4lei%20em%20Araraquara%2C%20S%C3%A3o%20Paulo%2C%20Brasil","https://www.google.com/maps/search/?api=1&query=quadra%20v%C3%B4lei%20de%20praia%20em%20Araraquara%2C%20S%C3%A3o%20Paulo%2C%20Brasil","https://www.google.com/maps/search/?api=1&query=arena%20esportes%20de%20areia%20em%20Araraquara%2C%20S%C3%A3o%20Paulo%2C%20Brasil","https://www.google.com/maps/search/?api=1&query=beach%20sports%20em%20Araraquara%2C%20S%C3%A3o%20Paulo%2C%20Brasil","","",""
"3503307","Araras","Campinas","a pesquisar","https://www.google.com/maps/search/?api=1&query=arena%20beach%20tennis%20em%20Araras%2C%20S%C3%A3o%20Paulo%2C%20Brasil","https://www.google.com/maps/search/?api=1&query=arena%20futev%C3%B4lei%20em%20Araras%2C%20S%C3%A3o%20Paulo%2C%20Brasil","https://www.google.com/maps/search/?api=1&query=quadra%20v%C3%B4lei%20de%20praia%20em%20Araras%2C%20S%C3%A3o%20Paulo%2C%20Brasil","https://www.google.com/maps/search/?api=1&query=arena%20esportes%20de%20areia%20em%20Araras%2C%20S%C3%A3o%20Paulo%2C%20Brasil","https://www.google.com/maps/search/?api=1&query=beach%20sports%20em%20Araras%2C%20S%C3%A3o%20Paulo%2C%20Brasil","","",""
"3503356","Arco-Íris","Marília","a pesquisar","https://www.google.com/maps/search/?api=1&query=arena%20beach%20tennis%20em%20Arco-%C3%8Dris%2C%20S%C3%A3o%20Paulo%2C%20Brasil","https://www.google.com/maps/search/?api=1&query=arena%20futev%C3%B4lei%20em%20Arco-%C3%8Dris%2C%20S%C3%A3o%20Paulo%2C%20Brasil","https://www.google.com/maps/search/?api=1&query=quadra%20v%C3%B4lei%20de%20praia%20em%20Arco-%C3%8Dris%2C%20S%C3%A3o%20Paulo%2C%20Brasil","https://www.google.com/maps/search/?api=1&query=arena%20esportes%20de%20areia%20em%20Arco-%C3%8Dris%2C%20S%C3%A3o%20Paulo%2C%20Brasil","https://www.google.com/maps/search/?api=1&query=beach%20sports%20em%20Arco-%C3%8Dris%2C%20S%C3%A3o%20Paulo%2C%20Brasil","","",""
"3503406","Arealva","Bauru","a pesquisar","https://www.google.com/maps/search/?api=1&query=arena%20beach%20tennis%20em%20Arealva%2C%20S%C3%A3o%20Paulo%2C%20Brasil","https://www.google.com/maps/search/?api=1&query=arena%20futev%C3%B4lei%20em%20Arealva%2C%20S%C3%A3o%20Paulo%2C%20Brasil","https://www.google.com/maps/search/?api=1&query=quadra%20v%C3%B4lei%20de%20praia%20em%20Arealva%2C%20S%C3%A3o%20Paulo%2C%20Brasil","https://www.google.com/maps/search/?api=1&query=arena%20esportes%20de%20areia%20em%20Arealva%2C%20S%C3%A3o%20Paulo%2C%20Brasil","https://www.google.com/maps/search/?api=1&query=beach%20sports%20em%20Arealva%2C%20S%C3%A3o%20Paulo%2C%20Brasil","","",""
"3503505","Areias","São José dos Campos","a pesquisar","https://www.google.com/maps/search/?api=1&query=arena%20beach%20tennis%20em%20Areias%2C%20S%C3%A3o%20Paulo%2C%20Brasil","https://www.google.com/maps/search/?api=1&query=arena%20futev%C3%B4lei%20em%20Areias%2C%20S%C3%A3o%20Paulo%2C%20Brasil","https://www.google.com/maps/search/?api=1&query=quadra%20v%C3%B4lei%20de%20praia%20em%20Areias%2C%20S%C3%A3o%20Paulo%2C%20Brasil","https://www.google.com/maps/search/?api=1&query=arena%20esportes%20de%20areia%20em%20Areias%2C%20S%C3%A3o%20Paulo%2C%20Brasil","https://www.google.com/maps/search/?api=1&query=beach%20sports%20em%20Areias%2C%20S%C3%A3o%20Paulo%2C%20Brasil","","",""
"3503604","Areiópolis","Bauru","a pesquisar","https://www.google.com/maps/search/?api=1&query=arena%20beach%20tennis%20em%20Arei%C3%B3polis%2C%20S%C3%A3o%20Paulo%2C%20Brasil","https://www.google.com/maps/search/?api=1&query=arena%20futev%C3%B4lei%20em%20Arei%C3%B3polis%2C%20S%C3%A3o%20Paulo%2C%20Brasil","https://www.google.com/maps/search/?api=1&query=quadra%20v%C3%B4lei%20de%20praia%20em%20Arei%C3%B3polis%2C%20S%C3%A3o%20Paulo%2C%20Brasil","https://www.google.com/maps/search/?api=1&query=arena%20esportes%20de%20areia%20em%20Arei%C3%B3polis%2C%20S%C3%A3o%20Paulo%2C%20Brasil","https://www.google.com/maps/search/?api=1&query=beach%20sports%20em%20Arei%C3%B3polis%2C%20S%C3%A3o%20Paulo%2C%20Brasil","","",""
"3503703","Ariranha","São José do Rio Preto","a pesquisar","https://www.google.com/maps/search/?api=1&query=arena%20beach%20tennis%20em%20Ariranha%2C%20S%C3%A3o%20Paulo%2C%20Brasil","https://www.google.com/maps/search/?api=1&query=arena%20futev%C3%B4lei%20em%20Ariranha%2C%20S%C3%A3o%20Paulo%2C%20Brasil","https://www.google.com/maps/search/?api=1&query=quadra%20v%C3%B4lei%20de%20praia%20em%20Ariranha%2C%20S%C3%A3o%20Paulo%2C%20Brasil","https://www.google.com/maps/search/?api=1&query=arena%20esportes%20de%20areia%20em%20Ariranha%2C%20S%C3%A3o%20Paulo%2C%20Brasil","https://www.google.com/maps/search/?api=1&query=beach%20sports%20em%20Ariranha%2C%20S%C3%A3o%20Paulo%2C%20Brasil","","",""
"3503802","Artur Nogueira","Campinas","a pesquisar","https://www.google.com/maps/search/?api=1&query=arena%20beach%20tennis%20em%20Artur%20Nogueira%2C%20S%C3%A3o%20Paulo%2C%20Brasil","https://www.google.com/maps/search/?api=1&query=arena%20futev%C3%B4lei%20em%20Artur%20Nogueira%2C%20S%C3%A3o%20Paulo%2C%20Brasil","https://www.google.com/maps/search/?api=1&query=quadra%20v%C3%B4lei%20de%20praia%20em%20Artur%20Nogueira%2C%20S%C3%A3o%20Paulo%2C%20Brasil","https://www.google.com/maps/search/?api=1&query=arena%20esportes%20de%20areia%20em%20Artur%20Nogueira%2C%20S%C3%A3o%20Paulo%2C%20Brasil","https://www.google.com/maps/search/?api=1&query=beach%20sports%20em%20Artur%20Nogueira%2C%20S%C3%A3o%20Paulo%2C%20Brasil","","",""
"3503901","Arujá","São Paulo","a pesquisar","https://www.google.com/maps/search/?api=1&query=arena%20beach%20tennis%20em%20Aruj%C3%A1%2C%20S%C3%A3o%20Paulo%2C%20Brasil","https://www.google.com/maps/search/?api=1&query=arena%20futev%C3%B4lei%20em%20Aruj%C3%A1%2C%20S%C3%A3o%20Paulo%2C%20Brasil","https://www.google.com/maps/search/?api=1&query=quadra%20v%C3%B4lei%20de%20praia%20em%20Aruj%C3%A1%2C%20S%C3%A3o%20Paulo%2C%20Brasil","https://www.google.com/maps/search/?api=1&query=arena%20esportes%20de%20areia%20em%20Aruj%C3%A1%2C%20S%C3%A3o%20Paulo%2C%20Brasil","https://www.google.com/maps/search/?api=1&query=beach%20sports%20em%20Aruj%C3%A1%2C%20S%C3%A3o%20Paulo%2C%20Brasil","","",""
"3503950","Aspásia","São José do Rio Preto","a pesquisar","https://www.google.com/maps/search/?api=1&query=arena%20beach%20tennis%20em%20Asp%C3%A1sia%2C%20S%C3%A3o%20Paulo%2C%20Brasil","https://www.google.com/maps/search/?api=1&query=arena%20futev%C3%B4lei%20em%20Asp%C3%A1sia%2C%20S%C3%A3o%20Paulo%2C%20Brasil","https://www.google.com/maps/search/?api=1&query=quadra%20v%C3%B4lei%20de%20praia%20em%20Asp%C3%A1sia%2C%20S%C3%A3o%20Paulo%2C%20Brasil","https://www.google.com/maps/search/?api=1&query=arena%20esportes%20de%20areia%20em%20Asp%C3%A1sia%2C%20S%C3%A3o%20Paulo%2C%20Brasil","https://www.google.com/maps/search/?api=1&query=beach%20sports%20em%20Asp%C3%A1sia%2C%20S%C3%A3o%20Paulo%2C%20Brasil","","",""
"3504008","Assis","Marília","a pesquisar","https://www.google.com/maps/search/?api=1&query=arena%20beach%20tennis%20em%20Assis%2C%20S%C3%A3o%20Paulo%2C%20Brasil","https://www.google.com/maps/search/?api=1&query=arena%20futev%C3%B4lei%20em%20Assis%2C%20S%C3%A3o%20Paulo%2C%20Brasil","https://www.google.com/maps/search/?api=1&query=quadra%20v%C3%B4lei%20de%20praia%20em%20Assis%2C%20S%C3%A3o%20Paulo%2C%20Brasil","https://www.google.com/maps/search/?api=1&query=arena%20esportes%20de%20areia%20em%20Assis%2C%20S%C3%A3o%20Paulo%2C%20Brasil","https://www.google.com/maps/search/?api=1&query=beach%20sports%20em%20Assis%2C%20S%C3%A3o%20Paulo%2C%20Brasil","","",""
"3504107","Atibaia","Campinas","a pesquisar","https://www.google.com/maps/search/?api=1&query=arena%20beach%20tennis%20em%20Atibaia%2C%20S%C3%A3o%20Paulo%2C%20Brasil","https://www.google.com/maps/search/?api=1&query=arena%20futev%C3%B4lei%20em%20Atibaia%2C%20S%C3%A3o%20Paulo%2C%20Brasil","https://www.google.com/maps/search/?api=1&query=quadra%20v%C3%B4lei%20de%20praia%20em%20Atibaia%2C%20S%C3%A3o%20Paulo%2C%20Brasil","https://www.google.com/maps/search/?api=1&query=arena%20esportes%20de%20areia%20em%20Atibaia%2C%20S%C3%A3o%20Paulo%2C%20Brasil","https://www.google.com/maps/search/?api=1&query=beach%20sports%20em%20Atibaia%2C%20S%C3%A3o%20Paulo%2C%20Brasil","","",""
"3504206","Auriflama","Araçatuba","a pesquisar","https://www.google.com/maps/search/?api=1&query=arena%20beach%20tennis%20em%20Auriflama%2C%20S%C3%A3o%20Paulo%2C%20Brasil","https://www.google.com/maps/search/?api=1&query=arena%20futev%C3%B4lei%20em%20Auriflama%2C%20S%C3%A3o%20Paulo%2C%20Brasil","https://www.google.com/maps/search/?api=1&query=quadra%20v%C3%B4lei%20de%20praia%20em%20Auriflama%2C%20S%C3%A3o%20Paulo%2C%20Brasil","https://www.google.com/maps/search/?api=1&query=arena%20esportes%20de%20areia%20em%20Auriflama%2C%20S%C3%A3o%20Paulo%2C%20Brasil","https://www.google.com/maps/search/?api=1&query=beach%20sports%20em%20Auriflama%2C%20S%C3%A3o%20Paulo%2C%20Brasil","","",""
"3504305","Avaí","Bauru","a pesquisar","https://www.google.com/maps/search/?api=1&query=arena%20beach%20tennis%20em%20Ava%C3%AD%2C%20S%C3%A3o%20Paulo%2C%20Brasil","https://www.google.com/maps/search/?api=1&query=arena%20futev%C3%B4lei%20em%20Ava%C3%AD%2C%20S%C3%A3o%20Paulo%2C%20Brasil","https://www.google.com/maps/search/?api=1&query=quadra%20v%C3%B4lei%20de%20praia%20em%20Ava%C3%AD%2C%20S%C3%A3o%20Paulo%2C%20Brasil","https://www.google.com/maps/search/?api=1&query=arena%20esportes%20de%20areia%20em%20Ava%C3%AD%2C%20S%C3%A3o%20Paulo%2C%20Brasil","https://www.google.com/maps/search/?api=1&query=beach%20sports%20em%20Ava%C3%AD%2C%20S%C3%A3o%20Paulo%2C%20Brasil","","",""
"3504404","Avanhandava","Araçatuba","a pesquisar","https://www.google.com/maps/search/?api=1&query=arena%20beach%20tennis%20em%20Avanhandava%2C%20S%C3%A3o%20Paulo%2C%20Brasil","https://www.google.com/maps/search/?api=1&query=arena%20futev%C3%B4lei%20em%20Avanhandava%2C%20S%C3%A3o%20Paulo%2C%20Brasil","https://www.google.com/maps/search/?api=1&query=quadra%20v%C3%B4lei%20de%20praia%20em%20Avanhandava%2C%20S%C3%A3o%20Paulo%2C%20Brasil","https://www.google.com/maps/search/?api=1&query=arena%20esportes%20de%20areia%20em%20Avanhandava%2C%20S%C3%A3o%20Paulo%2C%20Brasil","https://www.google.com/maps/search/?api=1&query=beach%20sports%20em%20Avanhandava%2C%20S%C3%A3o%20Paulo%2C%20Brasil","","",""
"3504503","Avaré","Sorocaba","a pesquisar","https://www.google.com/maps/search/?api=1&query=arena%20beach%20tennis%20em%20Avar%C3%A9%2C%20S%C3%A3o%20Paulo%2C%20Brasil","https://www.google.com/maps/search/?api=1&query=arena%20futev%C3%B4lei%20em%20Avar%C3%A9%2C%20S%C3%A3o%20Paulo%2C%20Brasil","https://www.google.com/maps/search/?api=1&query=quadra%20v%C3%B4lei%20de%20praia%20em%20Avar%C3%A9%2C%20S%C3%A3o%20Paulo%2C%20Brasil","https://www.google.com/maps/search/?api=1&query=arena%20esportes%20de%20areia%20em%20Avar%C3%A9%2C%20S%C3%A3o%20Paulo%2C%20Brasil","https://www.google.com/maps/search/?api=1&query=beach%20sports%20em%20Avar%C3%A9%2C%20S%C3%A3o%20Paulo%2C%20Brasil","","",""
"3504602","Bady Bassitt","São José do Rio Preto","a pesquisar","https://www.google.com/maps/search/?api=1&query=arena%20beach%20tennis%20em%20Bady%20Bassitt%2C%20S%C3%A3o%20Paulo%2C%20Brasil","https://www.google.com/maps/search/?api=1&query=arena%20futev%C3%B4lei%20em%20Bady%20Bassitt%2C%20S%C3%A3o%20Paulo%2C%20Brasil","https://www.google.com/maps/search/?api=1&query=quadra%20v%C3%B4lei%20de%20praia%20em%20Bady%20Bassitt%2C%20S%C3%A3o%20Paulo%2C%20Brasil","https://www.google.com/maps/search/?api=1&query=arena%20esportes%20de%20areia%20em%20Bady%20Bassitt%2C%20S%C3%A3o%20Paulo%2C%20Brasil","https://www.google.com/maps/search/?api=1&query=beach%20sports%20em%20Bady%20Bassitt%2C%20S%C3%A3o%20Paulo%2C%20Brasil","","",""
"3504701","Balbinos","Bauru","a pesquisar","https://www.google.com/maps/search/?api=1&query=arena%20beach%20tennis%20em%20Balbinos%2C%20S%C3%A3o%20Paulo%2C%20Brasil","https://www.google.com/maps/search/?api=1&query=arena%20futev%C3%B4lei%20em%20Balbinos%2C%20S%C3%A3o%20Paulo%2C%20Brasil","https://www.google.com/maps/search/?api=1&query=quadra%20v%C3%B4lei%20de%20praia%20em%20Balbinos%2C%20S%C3%A3o%20Paulo%2C%20Brasil","https://www.google.com/maps/search/?api=1&query=arena%20esportes%20de%20areia%20em%20Balbinos%2C%20S%C3%A3o%20Paulo%2C%20Brasil","https://www.google.com/maps/search/?api=1&query=beach%20sports%20em%20Balbinos%2C%20S%C3%A3o%20Paulo%2C%20Brasil","","",""
"3504800","Bálsamo","São José do Rio Preto","a pesquisar","https://www.google.com/maps/search/?api=1&query=arena%20beach%20tennis%20em%20B%C3%A1lsamo%2C%20S%C3%A3o%20Paulo%2C%20Brasil","https://www.google.com/maps/search/?api=1&query=arena%20futev%C3%B4lei%20em%20B%C3%A1lsamo%2C%20S%C3%A3o%20Paulo%2C%20Brasil","https://www.google.com/maps/search/?api=1&query=quadra%20v%C3%B4lei%20de%20praia%20em%20B%C3%A1lsamo%2C%20S%C3%A3o%20Paulo%2C%20Brasil","https://www.google.com/maps/search/?api=1&query=arena%20esportes%20de%20areia%20em%20B%C3%A1lsamo%2C%20S%C3%A3o%20Paulo%2C%20Brasil","https://www.google.com/maps/search/?api=1&query=beach%20sports%20em%20B%C3%A1lsamo%2C%20S%C3%A3o%20Paulo%2C%20Brasil","","",""
"3504909","Bananal","São José dos Campos","a pesquisar","https://www.google.com/maps/search/?api=1&query=arena%20beach%20tennis%20em%20Bananal%2C%20S%C3%A3o%20Paulo%2C%20Brasil","https://www.google.com/maps/search/?api=1&query=arena%20futev%C3%B4lei%20em%20Bananal%2C%20S%C3%A3o%20Paulo%2C%20Brasil","https://www.google.com/maps/search/?api=1&query=quadra%20v%C3%B4lei%20de%20praia%20em%20Bananal%2C%20S%C3%A3o%20Paulo%2C%20Brasil","https://www.google.com/maps/search/?api=1&query=arena%20esportes%20de%20areia%20em%20Bananal%2C%20S%C3%A3o%20Paulo%2C%20Brasil","https://www.google.com/maps/search/?api=1&query=beach%20sports%20em%20Bananal%2C%20S%C3%A3o%20Paulo%2C%20Brasil","","",""
"3505005","Barão de Antonina","Sorocaba","a pesquisar","https://www.google.com/maps/search/?api=1&query=arena%20beach%20tennis%20em%20Bar%C3%A3o%20de%20Antonina%2C%20S%C3%A3o%20Paulo%2C%20Brasil","https://www.google.com/maps/search/?api=1&query=arena%20futev%C3%B4lei%20em%20Bar%C3%A3o%20de%20Antonina%2C%20S%C3%A3o%20Paulo%2C%20Brasil","https://www.google.com/maps/search/?api=1&query=quadra%20v%C3%B4lei%20de%20praia%20em%20Bar%C3%A3o%20de%20Antonina%2C%20S%C3%A3o%20Paulo%2C%20Brasil","https://www.google.com/maps/search/?api=1&query=arena%20esportes%20de%20areia%20em%20Bar%C3%A3o%20de%20Antonina%2C%20S%C3%A3o%20Paulo%2C%20Brasil","https://www.google.com/maps/search/?api=1&query=beach%20sports%20em%20Bar%C3%A3o%20de%20Antonina%2C%20S%C3%A3o%20Paulo%2C%20Brasil","","",""
"3505104","Barbosa","Araçatuba","a pesquisar","https://www.google.com/maps/search/?api=1&query=arena%20beach%20tennis%20em%20Barbosa%2C%20S%C3%A3o%20Paulo%2C%20Brasil","https://www.google.com/maps/search/?api=1&query=arena%20futev%C3%B4lei%20em%20Barbosa%2C%20S%C3%A3o%20Paulo%2C%20Brasil","https://www.google.com/maps/search/?api=1&query=quadra%20v%C3%B4lei%20de%20praia%20em%20Barbosa%2C%20S%C3%A3o%20Paulo%2C%20Brasil","https://www.google.com/maps/search/?api=1&query=arena%20esportes%20de%20areia%20em%20Barbosa%2C%20S%C3%A3o%20Paulo%2C%20Brasil","https://www.google.com/maps/search/?api=1&query=beach%20sports%20em%20Barbosa%2C%20S%C3%A3o%20Paulo%2C%20Brasil","","",""
"3505203","Bariri","Bauru","a pesquisar","https://www.google.com/maps/search/?api=1&query=arena%20beach%20tennis%20em%20Bariri%2C%20S%C3%A3o%20Paulo%2C%20Brasil","https://www.google.com/maps/search/?api=1&query=arena%20futev%C3%B4lei%20em%20Bariri%2C%20S%C3%A3o%20Paulo%2C%20Brasil","https://www.google.com/maps/search/?api=1&query=quadra%20v%C3%B4lei%20de%20praia%20em%20Bariri%2C%20S%C3%A3o%20Paulo%2C%20Brasil","https://www.google.com/maps/search/?api=1&query=arena%20esportes%20de%20areia%20em%20Bariri%2C%20S%C3%A3o%20Paulo%2C%20Brasil","https://www.google.com/maps/search/?api=1&query=beach%20sports%20em%20Bariri%2C%20S%C3%A3o%20Paulo%2C%20Brasil","","",""
"3505302","Barra Bonita","Bauru","a pesquisar","https://www.google.com/maps/search/?api=1&query=arena%20beach%20tennis%20em%20Barra%20Bonita%2C%20S%C3%A3o%20Paulo%2C%20Brasil","https://www.google.com/maps/search/?api=1&query=arena%20futev%C3%B4lei%20em%20Barra%20Bonita%2C%20S%C3%A3o%20Paulo%2C%20Brasil","https://www.google.com/maps/search/?api=1&query=quadra%20v%C3%B4lei%20de%20praia%20em%20Barra%20Bonita%2C%20S%C3%A3o%20Paulo%2C%20Brasil","https://www.google.com/maps/search/?api=1&query=arena%20esportes%20de%20areia%20em%20Barra%20Bonita%2C%20S%C3%A3o%20Paulo%2C%20Brasil","https://www.google.com/maps/search/?api=1&query=beach%20sports%20em%20Barra%20Bonita%2C%20S%C3%A3o%20Paulo%2C%20Brasil","","",""
"3505351","Barra do Chapéu","Sorocaba","a pesquisar","https://www.google.com/maps/search/?api=1&query=arena%20beach%20tennis%20em%20Barra%20do%20Chap%C3%A9u%2C%20S%C3%A3o%20Paulo%2C%20Brasil","https://www.google.com/maps/search/?api=1&query=arena%20futev%C3%B4lei%20em%20Barra%20do%20Chap%C3%A9u%2C%20S%C3%A3o%20Paulo%2C%20Brasil","https://www.google.com/maps/search/?api=1&query=quadra%20v%C3%B4lei%20de%20praia%20em%20Barra%20do%20Chap%C3%A9u%2C%20S%C3%A3o%20Paulo%2C%20Brasil","https://www.google.com/maps/search/?api=1&query=arena%20esportes%20de%20areia%20em%20Barra%20do%20Chap%C3%A9u%2C%20S%C3%A3o%20Paulo%2C%20Brasil","https://www.google.com/maps/search/?api=1&query=beach%20sports%20em%20Barra%20do%20Chap%C3%A9u%2C%20S%C3%A3o%20Paulo%2C%20Brasil","","",""
"3505401","Barra do Turvo","Sorocaba","a pesquisar","https://www.google.com/maps/search/?api=1&query=arena%20beach%20tennis%20em%20Barra%20do%20Turvo%2C%20S%C3%A3o%20Paulo%2C%20Brasil","https://www.google.com/maps/search/?api=1&query=arena%20futev%C3%B4lei%20em%20Barra%20do%20Turvo%2C%20S%C3%A3o%20Paulo%2C%20Brasil","https://www.google.com/maps/search/?api=1&query=quadra%20v%C3%B4lei%20de%20praia%20em%20Barra%20do%20Turvo%2C%20S%C3%A3o%20Paulo%2C%20Brasil","https://www.google.com/maps/search/?api=1&query=arena%20esportes%20de%20areia%20em%20Barra%20do%20Turvo%2C%20S%C3%A3o%20Paulo%2C%20Brasil","https://www.google.com/maps/search/?api=1&query=beach%20sports%20em%20Barra%20do%20Turvo%2C%20S%C3%A3o%20Paulo%2C%20Brasil","","",""
"3505500","Barretos","Ribeirão Preto","pesquisa pública parcial","https://www.google.com/maps/search/?api=1&query=arena%20beach%20tennis%20em%20Barretos%2C%20S%C3%A3o%20Paulo%2C%20Brasil","https://www.google.com/maps/search/?api=1&query=arena%20futev%C3%B4lei%20em%20Barretos%2C%20S%C3%A3o%20Paulo%2C%20Brasil","https://www.google.com/maps/search/?api=1&query=quadra%20v%C3%B4lei%20de%20praia%20em%20Barretos%2C%20S%C3%A3o%20Paulo%2C%20Brasil","https://www.google.com/maps/search/?api=1&query=arena%20esportes%20de%20areia%20em%20Barretos%2C%20S%C3%A3o%20Paulo%2C%20Brasil","https://www.google.com/maps/search/?api=1&query=beach%20sports%20em%20Barretos%2C%20S%C3%A3o%20Paulo%2C%20Brasil","2026-09-13","0","Unidades validadas neste lote: 0. Consultas Maps da fila não executadas; cobertura municipal incompleta."
"3505609","Barrinha","Ribeirão Preto","a pesquisar","https://www.google.com/maps/search/?api=1&query=arena%20beach%20tennis%20em%20Barrinha%2C%20S%C3%A3o%20Paulo%2C%20Brasil","https://www.google.com/maps/search/?api=1&query=arena%20futev%C3%B4lei%20em%20Barrinha%2C%20S%C3%A3o%20Paulo%2C%20Brasil","https://www.google.com/maps/search/?api=1&query=quadra%20v%C3%B4lei%20de%20praia%20em%20Barrinha%2C%20S%C3%A3o%20Paulo%2C%20Brasil","https://www.google.com/maps/search/?api=1&query=arena%20esportes%20de%20areia%20em%20Barrinha%2C%20S%C3%A3o%20Paulo%2C%20Brasil","https://www.google.com/maps/search/?api=1&query=beach%20sports%20em%20Barrinha%2C%20S%C3%A3o%20Paulo%2C%20Brasil","","",""
"3505708","Barueri","São Paulo","a pesquisar","https://www.google.com/maps/search/?api=1&query=arena%20beach%20tennis%20em%20Barueri%2C%20S%C3%A3o%20Paulo%2C%20Brasil","https://www.google.com/maps/search/?api=1&query=arena%20futev%C3%B4lei%20em%20Barueri%2C%20S%C3%A3o%20Paulo%2C%20Brasil","https://www.google.com/maps/search/?api=1&query=quadra%20v%C3%B4lei%20de%20praia%20em%20Barueri%2C%20S%C3%A3o%20Paulo%2C%20Brasil","https://www.google.com/maps/search/?api=1&query=arena%20esportes%20de%20areia%20em%20Barueri%2C%20S%C3%A3o%20Paulo%2C%20Brasil","https://www.google.com/maps/search/?api=1&query=beach%20sports%20em%20Barueri%2C%20S%C3%A3o%20Paulo%2C%20Brasil","","",""
"3505807","Bastos","Marília","a pesquisar","https://www.google.com/maps/search/?api=1&query=arena%20beach%20tennis%20em%20Bastos%2C%20S%C3%A3o%20Paulo%2C%20Brasil","https://www.google.com/maps/search/?api=1&query=arena%20futev%C3%B4lei%20em%20Bastos%2C%20S%C3%A3o%20Paulo%2C%20Brasil","https://www.google.com/maps/search/?api=1&query=quadra%20v%C3%B4lei%20de%20praia%20em%20Bastos%2C%20S%C3%A3o%20Paulo%2C%20Brasil","https://www.google.com/maps/search/?api=1&query=arena%20esportes%20de%20areia%20em%20Bastos%2C%20S%C3%A3o%20Paulo%2C%20Brasil","https://www.google.com/maps/search/?api=1&query=beach%20sports%20em%20Bastos%2C%20S%C3%A3o%20Paulo%2C%20Brasil","","",""
"3505906","Batatais","Ribeirão Preto","a pesquisar","https://www.google.com/maps/search/?api=1&query=arena%20beach%20tennis%20em%20Batatais%2C%20S%C3%A3o%20Paulo%2C%20Brasil","https://www.google.com/maps/search/?api=1&query=arena%20futev%C3%B4lei%20em%20Batatais%2C%20S%C3%A3o%20Paulo%2C%20Brasil","https://www.google.com/maps/search/?api=1&query=quadra%20v%C3%B4lei%20de%20praia%20em%20Batatais%2C%20S%C3%A3o%20Paulo%2C%20Brasil","https://www.google.com/maps/search/?api=1&query=arena%20esportes%20de%20areia%20em%20Batatais%2C%20S%C3%A3o%20Paulo%2C%20Brasil","https://www.google.com/maps/search/?api=1&query=beach%20sports%20em%20Batatais%2C%20S%C3%A3o%20Paulo%2C%20Brasil","","",""
"3506003","Bauru","Bauru","pesquisa pública parcial","https://www.google.com/maps/search/?api=1&query=arena%20beach%20tennis%20em%20Bauru%2C%20S%C3%A3o%20Paulo%2C%20Brasil","https://www.google.com/maps/search/?api=1&query=arena%20futev%C3%B4lei%20em%20Bauru%2C%20S%C3%A3o%20Paulo%2C%20Brasil","https://www.google.com/maps/search/?api=1&query=quadra%20v%C3%B4lei%20de%20praia%20em%20Bauru%2C%20S%C3%A3o%20Paulo%2C%20Brasil","https://www.google.com/maps/search/?api=1&query=arena%20esportes%20de%20areia%20em%20Bauru%2C%20S%C3%A3o%20Paulo%2C%20Brasil","https://www.google.com/maps/search/?api=1&query=beach%20sports%20em%20Bauru%2C%20S%C3%A3o%20Paulo%2C%20Brasil","2026-09-13","3","Unidades validadas neste lote: 3. Consultas Maps da fila não executadas; cobertura municipal incompleta."
"3506102","Bebedouro","Ribeirão Preto","a pesquisar","https://www.google.com/maps/search/?api=1&query=arena%20beach%20tennis%20em%20Bebedouro%2C%20S%C3%A3o%20Paulo%2C%20Brasil","https://www.google.com/maps/search/?api=1&query=arena%20futev%C3%B4lei%20em%20Bebedouro%2C%20S%C3%A3o%20Paulo%2C%20Brasil","https://www.google.com/maps/search/?api=1&query=quadra%20v%C3%B4lei%20de%20praia%20em%20Bebedouro%2C%20S%C3%A3o%20Paulo%2C%20Brasil","https://www.google.com/maps/search/?api=1&query=arena%20esportes%20de%20areia%20em%20Bebedouro%2C%20S%C3%A3o%20Paulo%2C%20Brasil","https://www.google.com/maps/search/?api=1&query=beach%20sports%20em%20Bebedouro%2C%20S%C3%A3o%20Paulo%2C%20Brasil","","",""
"3506201","Bento de Abreu","Araçatuba","a pesquisar","https://www.google.com/maps/search/?api=1&query=arena%20beach%20tennis%20em%20Bento%20de%20Abreu%2C%20S%C3%A3o%20Paulo%2C%20Brasil","https://www.google.com/maps/search/?api=1&query=arena%20futev%C3%B4lei%20em%20Bento%20de%20Abreu%2C%20S%C3%A3o%20Paulo%2C%20Brasil","https://www.google.com/maps/search/?api=1&query=quadra%20v%C3%B4lei%20de%20praia%20em%20Bento%20de%20Abreu%2C%20S%C3%A3o%20Paulo%2C%20Brasil","https://www.google.com/maps/search/?api=1&query=arena%20esportes%20de%20areia%20em%20Bento%20de%20Abreu%2C%20S%C3%A3o%20Paulo%2C%20Brasil","https://www.google.com/maps/search/?api=1&query=beach%20sports%20em%20Bento%20de%20Abreu%2C%20S%C3%A3o%20Paulo%2C%20Brasil","","",""
"3506300","Bernardino de Campos","Marília","a pesquisar","https://www.google.com/maps/search/?api=1&query=arena%20beach%20tennis%20em%20Bernardino%20de%20Campos%2C%20S%C3%A3o%20Paulo%2C%20Brasil","https://www.google.com/maps/search/?api=1&query=arena%20futev%C3%B4lei%20em%20Bernardino%20de%20Campos%2C%20S%C3%A3o%20Paulo%2C%20Brasil","https://www.google.com/maps/search/?api=1&query=quadra%20v%C3%B4lei%20de%20praia%20em%20Bernardino%20de%20Campos%2C%20S%C3%A3o%20Paulo%2C%20Brasil","https://www.google.com/maps/search/?api=1&query=arena%20esportes%20de%20areia%20em%20Bernardino%20de%20Campos%2C%20S%C3%A3o%20Paulo%2C%20Brasil","https://www.google.com/maps/search/?api=1&query=beach%20sports%20em%20Bernardino%20de%20Campos%2C%20S%C3%A3o%20Paulo%2C%20Brasil","","",""
"3506359","Bertioga","São Paulo","a pesquisar","https://www.google.com/maps/search/?api=1&query=arena%20beach%20tennis%20em%20Bertioga%2C%20S%C3%A3o%20Paulo%2C%20Brasil","https://www.google.com/maps/search/?api=1&query=arena%20futev%C3%B4lei%20em%20Bertioga%2C%20S%C3%A3o%20Paulo%2C%20Brasil","https://www.google.com/maps/search/?api=1&query=quadra%20v%C3%B4lei%20de%20praia%20em%20Bertioga%2C%20S%C3%A3o%20Paulo%2C%20Brasil","https://www.google.com/maps/search/?api=1&query=arena%20esportes%20de%20areia%20em%20Bertioga%2C%20S%C3%A3o%20Paulo%2C%20Brasil","https://www.google.com/maps/search/?api=1&query=beach%20sports%20em%20Bertioga%2C%20S%C3%A3o%20Paulo%2C%20Brasil","","",""
"3506409","Bilac","Araçatuba","a pesquisar","https://www.google.com/maps/search/?api=1&query=arena%20beach%20tennis%20em%20Bilac%2C%20S%C3%A3o%20Paulo%2C%20Brasil","https://www.google.com/maps/search/?api=1&query=arena%20futev%C3%B4lei%20em%20Bilac%2C%20S%C3%A3o%20Paulo%2C%20Brasil","https://www.google.com/maps/search/?api=1&query=quadra%20v%C3%B4lei%20de%20praia%20em%20Bilac%2C%20S%C3%A3o%20Paulo%2C%20Brasil","https://www.google.com/maps/search/?api=1&query=arena%20esportes%20de%20areia%20em%20Bilac%2C%20S%C3%A3o%20Paulo%2C%20Brasil","https://www.google.com/maps/search/?api=1&query=beach%20sports%20em%20Bilac%2C%20S%C3%A3o%20Paulo%2C%20Brasil","","",""
"3506508","Birigui","Araçatuba","a pesquisar","https://www.google.com/maps/search/?api=1&query=arena%20beach%20tennis%20em%20Birigui%2C%20S%C3%A3o%20Paulo%2C%20Brasil","https://www.google.com/maps/search/?api=1&query=arena%20futev%C3%B4lei%20em%20Birigui%2C%20S%C3%A3o%20Paulo%2C%20Brasil","https://www.google.com/maps/search/?api=1&query=quadra%20v%C3%B4lei%20de%20praia%20em%20Birigui%2C%20S%C3%A3o%20Paulo%2C%20Brasil","https://www.google.com/maps/search/?api=1&query=arena%20esportes%20de%20areia%20em%20Birigui%2C%20S%C3%A3o%20Paulo%2C%20Brasil","https://www.google.com/maps/search/?api=1&query=beach%20sports%20em%20Birigui%2C%20S%C3%A3o%20Paulo%2C%20Brasil","","",""
"3506607","Biritiba Mirim","São Paulo","a pesquisar","https://www.google.com/maps/search/?api=1&query=arena%20beach%20tennis%20em%20Biritiba%20Mirim%2C%20S%C3%A3o%20Paulo%2C%20Brasil","https://www.google.com/maps/search/?api=1&query=arena%20futev%C3%B4lei%20em%20Biritiba%20Mirim%2C%20S%C3%A3o%20Paulo%2C%20Brasil","https://www.google.com/maps/search/?api=1&query=quadra%20v%C3%B4lei%20de%20praia%20em%20Biritiba%20Mirim%2C%20S%C3%A3o%20Paulo%2C%20Brasil","https://www.google.com/maps/search/?api=1&query=arena%20esportes%20de%20areia%20em%20Biritiba%20Mirim%2C%20S%C3%A3o%20Paulo%2C%20Brasil","https://www.google.com/maps/search/?api=1&query=beach%20sports%20em%20Biritiba%20Mirim%2C%20S%C3%A3o%20Paulo%2C%20Brasil","","",""
"3506706","Boa Esperança do Sul","Araraquara","a pesquisar","https://www.google.com/maps/search/?api=1&query=arena%20beach%20tennis%20em%20Boa%20Esperan%C3%A7a%20do%20Sul%2C%20S%C3%A3o%20Paulo%2C%20Brasil","https://www.google.com/maps/search/?api=1&query=arena%20futev%C3%B4lei%20em%20Boa%20Esperan%C3%A7a%20do%20Sul%2C%20S%C3%A3o%20Paulo%2C%20Brasil","https://www.google.com/maps/search/?api=1&query=quadra%20v%C3%B4lei%20de%20praia%20em%20Boa%20Esperan%C3%A7a%20do%20Sul%2C%20S%C3%A3o%20Paulo%2C%20Brasil","https://www.google.com/maps/search/?api=1&query=arena%20esportes%20de%20areia%20em%20Boa%20Esperan%C3%A7a%20do%20Sul%2C%20S%C3%A3o%20Paulo%2C%20Brasil","https://www.google.com/maps/search/?api=1&query=beach%20sports%20em%20Boa%20Esperan%C3%A7a%20do%20Sul%2C%20S%C3%A3o%20Paulo%2C%20Brasil","","",""
"3506805","Bocaina","Bauru","a pesquisar","https://www.google.com/maps/search/?api=1&query=arena%20beach%20tennis%20em%20Bocaina%2C%20S%C3%A3o%20Paulo%2C%20Brasil","https://www.google.com/maps/search/?api=1&query=arena%20futev%C3%B4lei%20em%20Bocaina%2C%20S%C3%A3o%20Paulo%2C%20Brasil","https://www.google.com/maps/search/?api=1&query=quadra%20v%C3%B4lei%20de%20praia%20em%20Bocaina%2C%20S%C3%A3o%20Paulo%2C%20Brasil","https://www.google.com/maps/search/?api=1&query=arena%20esportes%20de%20areia%20em%20Bocaina%2C%20S%C3%A3o%20Paulo%2C%20Brasil","https://www.google.com/maps/search/?api=1&query=beach%20sports%20em%20Bocaina%2C%20S%C3%A3o%20Paulo%2C%20Brasil","","",""
"3506904","Bofete","Bauru","a pesquisar","https://www.google.com/maps/search/?api=1&query=arena%20beach%20tennis%20em%20Bofete%2C%20S%C3%A3o%20Paulo%2C%20Brasil","https://www.google.com/maps/search/?api=1&query=arena%20futev%C3%B4lei%20em%20Bofete%2C%20S%C3%A3o%20Paulo%2C%20Brasil","https://www.google.com/maps/search/?api=1&query=quadra%20v%C3%B4lei%20de%20praia%20em%20Bofete%2C%20S%C3%A3o%20Paulo%2C%20Brasil","https://www.google.com/maps/search/?api=1&query=arena%20esportes%20de%20areia%20em%20Bofete%2C%20S%C3%A3o%20Paulo%2C%20Brasil","https://www.google.com/maps/search/?api=1&query=beach%20sports%20em%20Bofete%2C%20S%C3%A3o%20Paulo%2C%20Brasil","","",""
"3507001","Boituva","Sorocaba","a pesquisar","https://www.google.com/maps/search/?api=1&query=arena%20beach%20tennis%20em%20Boituva%2C%20S%C3%A3o%20Paulo%2C%20Brasil","https://www.google.com/maps/search/?api=1&query=arena%20futev%C3%B4lei%20em%20Boituva%2C%20S%C3%A3o%20Paulo%2C%20Brasil","https://www.google.com/maps/search/?api=1&query=quadra%20v%C3%B4lei%20de%20praia%20em%20Boituva%2C%20S%C3%A3o%20Paulo%2C%20Brasil","https://www.google.com/maps/search/?api=1&query=arena%20esportes%20de%20areia%20em%20Boituva%2C%20S%C3%A3o%20Paulo%2C%20Brasil","https://www.google.com/maps/search/?api=1&query=beach%20sports%20em%20Boituva%2C%20S%C3%A3o%20Paulo%2C%20Brasil","","",""
"3507100","Bom Jesus dos Perdões","Campinas","a pesquisar","https://www.google.com/maps/search/?api=1&query=arena%20beach%20tennis%20em%20Bom%20Jesus%20dos%20Perd%C3%B5es%2C%20S%C3%A3o%20Paulo%2C%20Brasil","https://www.google.com/maps/search/?api=1&query=arena%20futev%C3%B4lei%20em%20Bom%20Jesus%20dos%20Perd%C3%B5es%2C%20S%C3%A3o%20Paulo%2C%20Brasil","https://www.google.com/maps/search/?api=1&query=quadra%20v%C3%B4lei%20de%20praia%20em%20Bom%20Jesus%20dos%20Perd%C3%B5es%2C%20S%C3%A3o%20Paulo%2C%20Brasil","https://www.google.com/maps/search/?api=1&query=arena%20esportes%20de%20areia%20em%20Bom%20Jesus%20dos%20Perd%C3%B5es%2C%20S%C3%A3o%20Paulo%2C%20Brasil","https://www.google.com/maps/search/?api=1&query=beach%20sports%20em%20Bom%20Jesus%20dos%20Perd%C3%B5es%2C%20S%C3%A3o%20Paulo%2C%20Brasil","","",""
"3507159","Bom Sucesso de Itararé","Sorocaba","a pesquisar","https://www.google.com/maps/search/?api=1&query=arena%20beach%20tennis%20em%20Bom%20Sucesso%20de%20Itarar%C3%A9%2C%20S%C3%A3o%20Paulo%2C%20Brasil","https://www.google.com/maps/search/?api=1&query=arena%20futev%C3%B4lei%20em%20Bom%20Sucesso%20de%20Itarar%C3%A9%2C%20S%C3%A3o%20Paulo%2C%20Brasil","https://www.google.com/maps/search/?api=1&query=quadra%20v%C3%B4lei%20de%20praia%20em%20Bom%20Sucesso%20de%20Itarar%C3%A9%2C%20S%C3%A3o%20Paulo%2C%20Brasil","https://www.google.com/maps/search/?api=1&query=arena%20esportes%20de%20areia%20em%20Bom%20Sucesso%20de%20Itarar%C3%A9%2C%20S%C3%A3o%20Paulo%2C%20Brasil","https://www.google.com/maps/search/?api=1&query=beach%20sports%20em%20Bom%20Sucesso%20de%20Itarar%C3%A9%2C%20S%C3%A3o%20Paulo%2C%20Brasil","","",""
"3507209","Borá","Marília","a pesquisar","https://www.google.com/maps/search/?api=1&query=arena%20beach%20tennis%20em%20Bor%C3%A1%2C%20S%C3%A3o%20Paulo%2C%20Brasil","https://www.google.com/maps/search/?api=1&query=arena%20futev%C3%B4lei%20em%20Bor%C3%A1%2C%20S%C3%A3o%20Paulo%2C%20Brasil","https://www.google.com/maps/search/?api=1&query=quadra%20v%C3%B4lei%20de%20praia%20em%20Bor%C3%A1%2C%20S%C3%A3o%20Paulo%2C%20Brasil","https://www.google.com/maps/search/?api=1&query=arena%20esportes%20de%20areia%20em%20Bor%C3%A1%2C%20S%C3%A3o%20Paulo%2C%20Brasil","https://www.google.com/maps/search/?api=1&query=beach%20sports%20em%20Bor%C3%A1%2C%20S%C3%A3o%20Paulo%2C%20Brasil","","",""
"3507308","Boracéia","Bauru","a pesquisar","https://www.google.com/maps/search/?api=1&query=arena%20beach%20tennis%20em%20Borac%C3%A9ia%2C%20S%C3%A3o%20Paulo%2C%20Brasil","https://www.google.com/maps/search/?api=1&query=arena%20futev%C3%B4lei%20em%20Borac%C3%A9ia%2C%20S%C3%A3o%20Paulo%2C%20Brasil","https://www.google.com/maps/search/?api=1&query=quadra%20v%C3%B4lei%20de%20praia%20em%20Borac%C3%A9ia%2C%20S%C3%A3o%20Paulo%2C%20Brasil","https://www.google.com/maps/search/?api=1&query=arena%20esportes%20de%20areia%20em%20Borac%C3%A9ia%2C%20S%C3%A3o%20Paulo%2C%20Brasil","https://www.google.com/maps/search/?api=1&query=beach%20sports%20em%20Borac%C3%A9ia%2C%20S%C3%A3o%20Paulo%2C%20Brasil","","",""
"3507407","Borborema","Araraquara","a pesquisar","https://www.google.com/maps/search/?api=1&query=arena%20beach%20tennis%20em%20Borborema%2C%20S%C3%A3o%20Paulo%2C%20Brasil","https://www.google.com/maps/search/?api=1&query=arena%20futev%C3%B4lei%20em%20Borborema%2C%20S%C3%A3o%20Paulo%2C%20Brasil","https://www.google.com/maps/search/?api=1&query=quadra%20v%C3%B4lei%20de%20praia%20em%20Borborema%2C%20S%C3%A3o%20Paulo%2C%20Brasil","https://www.google.com/maps/search/?api=1&query=arena%20esportes%20de%20areia%20em%20Borborema%2C%20S%C3%A3o%20Paulo%2C%20Brasil","https://www.google.com/maps/search/?api=1&query=beach%20sports%20em%20Borborema%2C%20S%C3%A3o%20Paulo%2C%20Brasil","","",""
"3507456","Borebi","Bauru","a pesquisar","https://www.google.com/maps/search/?api=1&query=arena%20beach%20tennis%20em%20Borebi%2C%20S%C3%A3o%20Paulo%2C%20Brasil","https://www.google.com/maps/search/?api=1&query=arena%20futev%C3%B4lei%20em%20Borebi%2C%20S%C3%A3o%20Paulo%2C%20Brasil","https://www.google.com/maps/search/?api=1&query=quadra%20v%C3%B4lei%20de%20praia%20em%20Borebi%2C%20S%C3%A3o%20Paulo%2C%20Brasil","https://www.google.com/maps/search/?api=1&query=arena%20esportes%20de%20areia%20em%20Borebi%2C%20S%C3%A3o%20Paulo%2C%20Brasil","https://www.google.com/maps/search/?api=1&query=beach%20sports%20em%20Borebi%2C%20S%C3%A3o%20Paulo%2C%20Brasil","","",""
"3507506","Botucatu","Bauru","pesquisa pública parcial","https://www.google.com/maps/search/?api=1&query=arena%20beach%20tennis%20em%20Botucatu%2C%20S%C3%A3o%20Paulo%2C%20Brasil","https://www.google.com/maps/search/?api=1&query=arena%20futev%C3%B4lei%20em%20Botucatu%2C%20S%C3%A3o%20Paulo%2C%20Brasil","https://www.google.com/maps/search/?api=1&query=quadra%20v%C3%B4lei%20de%20praia%20em%20Botucatu%2C%20S%C3%A3o%20Paulo%2C%20Brasil","https://www.google.com/maps/search/?api=1&query=arena%20esportes%20de%20areia%20em%20Botucatu%2C%20S%C3%A3o%20Paulo%2C%20Brasil","https://www.google.com/maps/search/?api=1&query=beach%20sports%20em%20Botucatu%2C%20S%C3%A3o%20Paulo%2C%20Brasil","2026-09-13","1","Unidades validadas neste lote: 1. Consultas Maps da fila não executadas; cobertura municipal incompleta."
"3507605","Bragança Paulista","Campinas","a pesquisar","https://www.google.com/maps/search/?api=1&query=arena%20beach%20tennis%20em%20Bragan%C3%A7a%20Paulista%2C%20S%C3%A3o%20Paulo%2C%20Brasil","https://www.google.com/maps/search/?api=1&query=arena%20futev%C3%B4lei%20em%20Bragan%C3%A7a%20Paulista%2C%20S%C3%A3o%20Paulo%2C%20Brasil","https://www.google.com/maps/search/?api=1&query=quadra%20v%C3%B4lei%20de%20praia%20em%20Bragan%C3%A7a%20Paulista%2C%20S%C3%A3o%20Paulo%2C%20Brasil","https://www.google.com/maps/search/?api=1&query=arena%20esportes%20de%20areia%20em%20Bragan%C3%A7a%20Paulista%2C%20S%C3%A3o%20Paulo%2C%20Brasil","https://www.google.com/maps/search/?api=1&query=beach%20sports%20em%20Bragan%C3%A7a%20Paulista%2C%20S%C3%A3o%20Paulo%2C%20Brasil","","",""
"3507704","Braúna","Araçatuba","a pesquisar","https://www.google.com/maps/search/?api=1&query=arena%20beach%20tennis%20em%20Bra%C3%BAna%2C%20S%C3%A3o%20Paulo%2C%20Brasil","https://www.google.com/maps/search/?api=1&query=arena%20futev%C3%B4lei%20em%20Bra%C3%BAna%2C%20S%C3%A3o%20Paulo%2C%20Brasil","https://www.google.com/maps/search/?api=1&query=quadra%20v%C3%B4lei%20de%20praia%20em%20Bra%C3%BAna%2C%20S%C3%A3o%20Paulo%2C%20Brasil","https://www.google.com/maps/search/?api=1&query=arena%20esportes%20de%20areia%20em%20Bra%C3%BAna%2C%20S%C3%A3o%20Paulo%2C%20Brasil","https://www.google.com/maps/search/?api=1&query=beach%20sports%20em%20Bra%C3%BAna%2C%20S%C3%A3o%20Paulo%2C%20Brasil","","",""
"3507753","Brejo Alegre","Araçatuba","a pesquisar","https://www.google.com/maps/search/?api=1&query=arena%20beach%20tennis%20em%20Brejo%20Alegre%2C%20S%C3%A3o%20Paulo%2C%20Brasil","https://www.google.com/maps/search/?api=1&query=arena%20futev%C3%B4lei%20em%20Brejo%20Alegre%2C%20S%C3%A3o%20Paulo%2C%20Brasil","https://www.google.com/maps/search/?api=1&query=quadra%20v%C3%B4lei%20de%20praia%20em%20Brejo%20Alegre%2C%20S%C3%A3o%20Paulo%2C%20Brasil","https://www.google.com/maps/search/?api=1&query=arena%20esportes%20de%20areia%20em%20Brejo%20Alegre%2C%20S%C3%A3o%20Paulo%2C%20Brasil","https://www.google.com/maps/search/?api=1&query=beach%20sports%20em%20Brejo%20Alegre%2C%20S%C3%A3o%20Paulo%2C%20Brasil","","",""
"3507803","Brodowski","Ribeirão Preto","a pesquisar","https://www.google.com/maps/search/?api=1&query=arena%20beach%20tennis%20em%20Brodowski%2C%20S%C3%A3o%20Paulo%2C%20Brasil","https://www.google.com/maps/search/?api=1&query=arena%20futev%C3%B4lei%20em%20Brodowski%2C%20S%C3%A3o%20Paulo%2C%20Brasil","https://www.google.com/maps/search/?api=1&query=quadra%20v%C3%B4lei%20de%20praia%20em%20Brodowski%2C%20S%C3%A3o%20Paulo%2C%20Brasil","https://www.google.com/maps/search/?api=1&query=arena%20esportes%20de%20areia%20em%20Brodowski%2C%20S%C3%A3o%20Paulo%2C%20Brasil","https://www.google.com/maps/search/?api=1&query=beach%20sports%20em%20Brodowski%2C%20S%C3%A3o%20Paulo%2C%20Brasil","","",""
"3507902","Brotas","Bauru","a pesquisar","https://www.google.com/maps/search/?api=1&query=arena%20beach%20tennis%20em%20Brotas%2C%20S%C3%A3o%20Paulo%2C%20Brasil","https://www.google.com/maps/search/?api=1&query=arena%20futev%C3%B4lei%20em%20Brotas%2C%20S%C3%A3o%20Paulo%2C%20Brasil","https://www.google.com/maps/search/?api=1&query=quadra%20v%C3%B4lei%20de%20praia%20em%20Brotas%2C%20S%C3%A3o%20Paulo%2C%20Brasil","https://www.google.com/maps/search/?api=1&query=arena%20esportes%20de%20areia%20em%20Brotas%2C%20S%C3%A3o%20Paulo%2C%20Brasil","https://www.google.com/maps/search/?api=1&query=beach%20sports%20em%20Brotas%2C%20S%C3%A3o%20Paulo%2C%20Brasil","","",""
"3508009","Buri","Sorocaba","a pesquisar","https://www.google.com/maps/search/?api=1&query=arena%20beach%20tennis%20em%20Buri%2C%20S%C3%A3o%20Paulo%2C%20Brasil","https://www.google.com/maps/search/?api=1&query=arena%20futev%C3%B4lei%20em%20Buri%2C%20S%C3%A3o%20Paulo%2C%20Brasil","https://www.google.com/maps/search/?api=1&query=quadra%20v%C3%B4lei%20de%20praia%20em%20Buri%2C%20S%C3%A3o%20Paulo%2C%20Brasil","https://www.google.com/maps/search/?api=1&query=arena%20esportes%20de%20areia%20em%20Buri%2C%20S%C3%A3o%20Paulo%2C%20Brasil","https://www.google.com/maps/search/?api=1&query=beach%20sports%20em%20Buri%2C%20S%C3%A3o%20Paulo%2C%20Brasil","","",""
"3508108","Buritama","Araçatuba","a pesquisar","https://www.google.com/maps/search/?api=1&query=arena%20beach%20tennis%20em%20Buritama%2C%20S%C3%A3o%20Paulo%2C%20Brasil","https://www.google.com/maps/search/?api=1&query=arena%20futev%C3%B4lei%20em%20Buritama%2C%20S%C3%A3o%20Paulo%2C%20Brasil","https://www.google.com/maps/search/?api=1&query=quadra%20v%C3%B4lei%20de%20praia%20em%20Buritama%2C%20S%C3%A3o%20Paulo%2C%20Brasil","https://www.google.com/maps/search/?api=1&query=arena%20esportes%20de%20areia%20em%20Buritama%2C%20S%C3%A3o%20Paulo%2C%20Brasil","https://www.google.com/maps/search/?api=1&query=beach%20sports%20em%20Buritama%2C%20S%C3%A3o%20Paulo%2C%20Brasil","","",""
"3508207","Buritizal","Ribeirão Preto","a pesquisar","https://www.google.com/maps/search/?api=1&query=arena%20beach%20tennis%20em%20Buritizal%2C%20S%C3%A3o%20Paulo%2C%20Brasil","https://www.google.com/maps/search/?api=1&query=arena%20futev%C3%B4lei%20em%20Buritizal%2C%20S%C3%A3o%20Paulo%2C%20Brasil","https://www.google.com/maps/search/?api=1&query=quadra%20v%C3%B4lei%20de%20praia%20em%20Buritizal%2C%20S%C3%A3o%20Paulo%2C%20Brasil","https://www.google.com/maps/search/?api=1&query=arena%20esportes%20de%20areia%20em%20Buritizal%2C%20S%C3%A3o%20Paulo%2C%20Brasil","https://www.google.com/maps/search/?api=1&query=beach%20sports%20em%20Buritizal%2C%20S%C3%A3o%20Paulo%2C%20Brasil","","",""
"3508306","Cabrália Paulista","Bauru","a pesquisar","https://www.google.com/maps/search/?api=1&query=arena%20beach%20tennis%20em%20Cabr%C3%A1lia%20Paulista%2C%20S%C3%A3o%20Paulo%2C%20Brasil","https://www.google.com/maps/search/?api=1&query=arena%20futev%C3%B4lei%20em%20Cabr%C3%A1lia%20Paulista%2C%20S%C3%A3o%20Paulo%2C%20Brasil","https://www.google.com/maps/search/?api=1&query=quadra%20v%C3%B4lei%20de%20praia%20em%20Cabr%C3%A1lia%20Paulista%2C%20S%C3%A3o%20Paulo%2C%20Brasil","https://www.google.com/maps/search/?api=1&query=arena%20esportes%20de%20areia%20em%20Cabr%C3%A1lia%20Paulista%2C%20S%C3%A3o%20Paulo%2C%20Brasil","https://www.google.com/maps/search/?api=1&query=beach%20sports%20em%20Cabr%C3%A1lia%20Paulista%2C%20S%C3%A3o%20Paulo%2C%20Brasil","","",""
"3508405","Cabreúva","Campinas","a pesquisar","https://www.google.com/maps/search/?api=1&query=arena%20beach%20tennis%20em%20Cabre%C3%BAva%2C%20S%C3%A3o%20Paulo%2C%20Brasil","https://www.google.com/maps/search/?api=1&query=arena%20futev%C3%B4lei%20em%20Cabre%C3%BAva%2C%20S%C3%A3o%20Paulo%2C%20Brasil","https://www.google.com/maps/search/?api=1&query=quadra%20v%C3%B4lei%20de%20praia%20em%20Cabre%C3%BAva%2C%20S%C3%A3o%20Paulo%2C%20Brasil","https://www.google.com/maps/search/?api=1&query=arena%20esportes%20de%20areia%20em%20Cabre%C3%BAva%2C%20S%C3%A3o%20Paulo%2C%20Brasil","https://www.google.com/maps/search/?api=1&query=beach%20sports%20em%20Cabre%C3%BAva%2C%20S%C3%A3o%20Paulo%2C%20Brasil","","",""
"3508504","Caçapava","São José dos Campos","a pesquisar","https://www.google.com/maps/search/?api=1&query=arena%20beach%20tennis%20em%20Ca%C3%A7apava%2C%20S%C3%A3o%20Paulo%2C%20Brasil","https://www.google.com/maps/search/?api=1&query=arena%20futev%C3%B4lei%20em%20Ca%C3%A7apava%2C%20S%C3%A3o%20Paulo%2C%20Brasil","https://www.google.com/maps/search/?api=1&query=quadra%20v%C3%B4lei%20de%20praia%20em%20Ca%C3%A7apava%2C%20S%C3%A3o%20Paulo%2C%20Brasil","https://www.google.com/maps/search/?api=1&query=arena%20esportes%20de%20areia%20em%20Ca%C3%A7apava%2C%20S%C3%A3o%20Paulo%2C%20Brasil","https://www.google.com/maps/search/?api=1&query=beach%20sports%20em%20Ca%C3%A7apava%2C%20S%C3%A3o%20Paulo%2C%20Brasil","","",""
"3508603","Cachoeira Paulista","São José dos Campos","a pesquisar","https://www.google.com/maps/search/?api=1&query=arena%20beach%20tennis%20em%20Cachoeira%20Paulista%2C%20S%C3%A3o%20Paulo%2C%20Brasil","https://www.google.com/maps/search/?api=1&query=arena%20futev%C3%B4lei%20em%20Cachoeira%20Paulista%2C%20S%C3%A3o%20Paulo%2C%20Brasil","https://www.google.com/maps/search/?api=1&query=quadra%20v%C3%B4lei%20de%20praia%20em%20Cachoeira%20Paulista%2C%20S%C3%A3o%20Paulo%2C%20Brasil","https://www.google.com/maps/search/?api=1&query=arena%20esportes%20de%20areia%20em%20Cachoeira%20Paulista%2C%20S%C3%A3o%20Paulo%2C%20Brasil","https://www.google.com/maps/search/?api=1&query=beach%20sports%20em%20Cachoeira%20Paulista%2C%20S%C3%A3o%20Paulo%2C%20Brasil","","",""
"3508702","Caconde","Campinas","a pesquisar","https://www.google.com/maps/search/?api=1&query=arena%20beach%20tennis%20em%20Caconde%2C%20S%C3%A3o%20Paulo%2C%20Brasil","https://www.google.com/maps/search/?api=1&query=arena%20futev%C3%B4lei%20em%20Caconde%2C%20S%C3%A3o%20Paulo%2C%20Brasil","https://www.google.com/maps/search/?api=1&query=quadra%20v%C3%B4lei%20de%20praia%20em%20Caconde%2C%20S%C3%A3o%20Paulo%2C%20Brasil","https://www.google.com/maps/search/?api=1&query=arena%20esportes%20de%20areia%20em%20Caconde%2C%20S%C3%A3o%20Paulo%2C%20Brasil","https://www.google.com/maps/search/?api=1&query=beach%20sports%20em%20Caconde%2C%20S%C3%A3o%20Paulo%2C%20Brasil","","",""
"3508801","Cafelândia","Bauru","a pesquisar","https://www.google.com/maps/search/?api=1&query=arena%20beach%20tennis%20em%20Cafel%C3%A2ndia%2C%20S%C3%A3o%20Paulo%2C%20Brasil","https://www.google.com/maps/search/?api=1&query=arena%20futev%C3%B4lei%20em%20Cafel%C3%A2ndia%2C%20S%C3%A3o%20Paulo%2C%20Brasil","https://www.google.com/maps/search/?api=1&query=quadra%20v%C3%B4lei%20de%20praia%20em%20Cafel%C3%A2ndia%2C%20S%C3%A3o%20Paulo%2C%20Brasil","https://www.google.com/maps/search/?api=1&query=arena%20esportes%20de%20areia%20em%20Cafel%C3%A2ndia%2C%20S%C3%A3o%20Paulo%2C%20Brasil","https://www.google.com/maps/search/?api=1&query=beach%20sports%20em%20Cafel%C3%A2ndia%2C%20S%C3%A3o%20Paulo%2C%20Brasil","","",""
"3508900","Caiabu","Presidente Prudente","a pesquisar","https://www.google.com/maps/search/?api=1&query=arena%20beach%20tennis%20em%20Caiabu%2C%20S%C3%A3o%20Paulo%2C%20Brasil","https://www.google.com/maps/search/?api=1&query=arena%20futev%C3%B4lei%20em%20Caiabu%2C%20S%C3%A3o%20Paulo%2C%20Brasil","https://www.google.com/maps/search/?api=1&query=quadra%20v%C3%B4lei%20de%20praia%20em%20Caiabu%2C%20S%C3%A3o%20Paulo%2C%20Brasil","https://www.google.com/maps/search/?api=1&query=arena%20esportes%20de%20areia%20em%20Caiabu%2C%20S%C3%A3o%20Paulo%2C%20Brasil","https://www.google.com/maps/search/?api=1&query=beach%20sports%20em%20Caiabu%2C%20S%C3%A3o%20Paulo%2C%20Brasil","","",""
"3509007","Caieiras","São Paulo","a pesquisar","https://www.google.com/maps/search/?api=1&query=arena%20beach%20tennis%20em%20Caieiras%2C%20S%C3%A3o%20Paulo%2C%20Brasil","https://www.google.com/maps/search/?api=1&query=arena%20futev%C3%B4lei%20em%20Caieiras%2C%20S%C3%A3o%20Paulo%2C%20Brasil","https://www.google.com/maps/search/?api=1&query=quadra%20v%C3%B4lei%20de%20praia%20em%20Caieiras%2C%20S%C3%A3o%20Paulo%2C%20Brasil","https://www.google.com/maps/search/?api=1&query=arena%20esportes%20de%20areia%20em%20Caieiras%2C%20S%C3%A3o%20Paulo%2C%20Brasil","https://www.google.com/maps/search/?api=1&query=beach%20sports%20em%20Caieiras%2C%20S%C3%A3o%20Paulo%2C%20Brasil","","",""
"3509106","Caiuá","Presidente Prudente","a pesquisar","https://www.google.com/maps/search/?api=1&query=arena%20beach%20tennis%20em%20Caiu%C3%A1%2C%20S%C3%A3o%20Paulo%2C%20Brasil","https://www.google.com/maps/search/?api=1&query=arena%20futev%C3%B4lei%20em%20Caiu%C3%A1%2C%20S%C3%A3o%20Paulo%2C%20Brasil","https://www.google.com/maps/search/?api=1&query=quadra%20v%C3%B4lei%20de%20praia%20em%20Caiu%C3%A1%2C%20S%C3%A3o%20Paulo%2C%20Brasil","https://www.google.com/maps/search/?api=1&query=arena%20esportes%20de%20areia%20em%20Caiu%C3%A1%2C%20S%C3%A3o%20Paulo%2C%20Brasil","https://www.google.com/maps/search/?api=1&query=beach%20sports%20em%20Caiu%C3%A1%2C%20S%C3%A3o%20Paulo%2C%20Brasil","","",""
"3509205","Cajamar","São Paulo","a pesquisar","https://www.google.com/maps/search/?api=1&query=arena%20beach%20tennis%20em%20Cajamar%2C%20S%C3%A3o%20Paulo%2C%20Brasil","https://www.google.com/maps/search/?api=1&query=arena%20futev%C3%B4lei%20em%20Cajamar%2C%20S%C3%A3o%20Paulo%2C%20Brasil","https://www.google.com/maps/search/?api=1&query=quadra%20v%C3%B4lei%20de%20praia%20em%20Cajamar%2C%20S%C3%A3o%20Paulo%2C%20Brasil","https://www.google.com/maps/search/?api=1&query=arena%20esportes%20de%20areia%20em%20Cajamar%2C%20S%C3%A3o%20Paulo%2C%20Brasil","https://www.google.com/maps/search/?api=1&query=beach%20sports%20em%20Cajamar%2C%20S%C3%A3o%20Paulo%2C%20Brasil","","",""
"3509254","Cajati","Sorocaba","a pesquisar","https://www.google.com/maps/search/?api=1&query=arena%20beach%20tennis%20em%20Cajati%2C%20S%C3%A3o%20Paulo%2C%20Brasil","https://www.google.com/maps/search/?api=1&query=arena%20futev%C3%B4lei%20em%20Cajati%2C%20S%C3%A3o%20Paulo%2C%20Brasil","https://www.google.com/maps/search/?api=1&query=quadra%20v%C3%B4lei%20de%20praia%20em%20Cajati%2C%20S%C3%A3o%20Paulo%2C%20Brasil","https://www.google.com/maps/search/?api=1&query=arena%20esportes%20de%20areia%20em%20Cajati%2C%20S%C3%A3o%20Paulo%2C%20Brasil","https://www.google.com/maps/search/?api=1&query=beach%20sports%20em%20Cajati%2C%20S%C3%A3o%20Paulo%2C%20Brasil","","",""
"3509304","Cajobi","Ribeirão Preto","a pesquisar","https://www.google.com/maps/search/?api=1&query=arena%20beach%20tennis%20em%20Cajobi%2C%20S%C3%A3o%20Paulo%2C%20Brasil","https://www.google.com/maps/search/?api=1&query=arena%20futev%C3%B4lei%20em%20Cajobi%2C%20S%C3%A3o%20Paulo%2C%20Brasil","https://www.google.com/maps/search/?api=1&query=quadra%20v%C3%B4lei%20de%20praia%20em%20Cajobi%2C%20S%C3%A3o%20Paulo%2C%20Brasil","https://www.google.com/maps/search/?api=1&query=arena%20esportes%20de%20areia%20em%20Cajobi%2C%20S%C3%A3o%20Paulo%2C%20Brasil","https://www.google.com/maps/search/?api=1&query=beach%20sports%20em%20Cajobi%2C%20S%C3%A3o%20Paulo%2C%20Brasil","","",""
"3509403","Cajuru","Ribeirão Preto","a pesquisar","https://www.google.com/maps/search/?api=1&query=arena%20beach%20tennis%20em%20Cajuru%2C%20S%C3%A3o%20Paulo%2C%20Brasil","https://www.google.com/maps/search/?api=1&query=arena%20futev%C3%B4lei%20em%20Cajuru%2C%20S%C3%A3o%20Paulo%2C%20Brasil","https://www.google.com/maps/search/?api=1&query=quadra%20v%C3%B4lei%20de%20praia%20em%20Cajuru%2C%20S%C3%A3o%20Paulo%2C%20Brasil","https://www.google.com/maps/search/?api=1&query=arena%20esportes%20de%20areia%20em%20Cajuru%2C%20S%C3%A3o%20Paulo%2C%20Brasil","https://www.google.com/maps/search/?api=1&query=beach%20sports%20em%20Cajuru%2C%20S%C3%A3o%20Paulo%2C%20Brasil","","",""
"3509452","Campina do Monte Alegre","Sorocaba","a pesquisar","https://www.google.com/maps/search/?api=1&query=arena%20beach%20tennis%20em%20Campina%20do%20Monte%20Alegre%2C%20S%C3%A3o%20Paulo%2C%20Brasil","https://www.google.com/maps/search/?api=1&query=arena%20futev%C3%B4lei%20em%20Campina%20do%20Monte%20Alegre%2C%20S%C3%A3o%20Paulo%2C%20Brasil","https://www.google.com/maps/search/?api=1&query=quadra%20v%C3%B4lei%20de%20praia%20em%20Campina%20do%20Monte%20Alegre%2C%20S%C3%A3o%20Paulo%2C%20Brasil","https://www.google.com/maps/search/?api=1&query=arena%20esportes%20de%20areia%20em%20Campina%20do%20Monte%20Alegre%2C%20S%C3%A3o%20Paulo%2C%20Brasil","https://www.google.com/maps/search/?api=1&query=beach%20sports%20em%20Campina%20do%20Monte%20Alegre%2C%20S%C3%A3o%20Paulo%2C%20Brasil","","",""
"3509502","Campinas","Campinas","pesquisa pública parcial","https://www.google.com/maps/search/?api=1&query=arena%20beach%20tennis%20em%20Campinas%2C%20S%C3%A3o%20Paulo%2C%20Brasil","https://www.google.com/maps/search/?api=1&query=arena%20futev%C3%B4lei%20em%20Campinas%2C%20S%C3%A3o%20Paulo%2C%20Brasil","https://www.google.com/maps/search/?api=1&query=quadra%20v%C3%B4lei%20de%20praia%20em%20Campinas%2C%20S%C3%A3o%20Paulo%2C%20Brasil","https://www.google.com/maps/search/?api=1&query=arena%20esportes%20de%20areia%20em%20Campinas%2C%20S%C3%A3o%20Paulo%2C%20Brasil","https://www.google.com/maps/search/?api=1&query=beach%20sports%20em%20Campinas%2C%20S%C3%A3o%20Paulo%2C%20Brasil","2026-09-13","2","Unidades validadas neste lote: 2. Consultas Maps da fila não executadas; cobertura municipal incompleta."
"3509601","Campo Limpo Paulista","Campinas","a pesquisar","https://www.google.com/maps/search/?api=1&query=arena%20beach%20tennis%20em%20Campo%20Limpo%20Paulista%2C%20S%C3%A3o%20Paulo%2C%20Brasil","https://www.google.com/maps/search/?api=1&query=arena%20futev%C3%B4lei%20em%20Campo%20Limpo%20Paulista%2C%20S%C3%A3o%20Paulo%2C%20Brasil","https://www.google.com/maps/search/?api=1&query=quadra%20v%C3%B4lei%20de%20praia%20em%20Campo%20Limpo%20Paulista%2C%20S%C3%A3o%20Paulo%2C%20Brasil","https://www.google.com/maps/search/?api=1&query=arena%20esportes%20de%20areia%20em%20Campo%20Limpo%20Paulista%2C%20S%C3%A3o%20Paulo%2C%20Brasil","https://www.google.com/maps/search/?api=1&query=beach%20sports%20em%20Campo%20Limpo%20Paulista%2C%20S%C3%A3o%20Paulo%2C%20Brasil","","",""
"3509700","Campos do Jordão","São José dos Campos","a pesquisar","https://www.google.com/maps/search/?api=1&query=arena%20beach%20tennis%20em%20Campos%20do%20Jord%C3%A3o%2C%20S%C3%A3o%20Paulo%2C%20Brasil","https://www.google.com/maps/search/?api=1&query=arena%20futev%C3%B4lei%20em%20Campos%20do%20Jord%C3%A3o%2C%20S%C3%A3o%20Paulo%2C%20Brasil","https://www.google.com/maps/search/?api=1&query=quadra%20v%C3%B4lei%20de%20praia%20em%20Campos%20do%20Jord%C3%A3o%2C%20S%C3%A3o%20Paulo%2C%20Brasil","https://www.google.com/maps/search/?api=1&query=arena%20esportes%20de%20areia%20em%20Campos%20do%20Jord%C3%A3o%2C%20S%C3%A3o%20Paulo%2C%20Brasil","https://www.google.com/maps/search/?api=1&query=beach%20sports%20em%20Campos%20do%20Jord%C3%A3o%2C%20S%C3%A3o%20Paulo%2C%20Brasil","","",""
"3509809","Campos Novos Paulista","Marília","a pesquisar","https://www.google.com/maps/search/?api=1&query=arena%20beach%20tennis%20em%20Campos%20Novos%20Paulista%2C%20S%C3%A3o%20Paulo%2C%20Brasil","https://www.google.com/maps/search/?api=1&query=arena%20futev%C3%B4lei%20em%20Campos%20Novos%20Paulista%2C%20S%C3%A3o%20Paulo%2C%20Brasil","https://www.google.com/maps/search/?api=1&query=quadra%20v%C3%B4lei%20de%20praia%20em%20Campos%20Novos%20Paulista%2C%20S%C3%A3o%20Paulo%2C%20Brasil","https://www.google.com/maps/search/?api=1&query=arena%20esportes%20de%20areia%20em%20Campos%20Novos%20Paulista%2C%20S%C3%A3o%20Paulo%2C%20Brasil","https://www.google.com/maps/search/?api=1&query=beach%20sports%20em%20Campos%20Novos%20Paulista%2C%20S%C3%A3o%20Paulo%2C%20Brasil","","",""
"3509908","Cananéia","Sorocaba","a pesquisar","https://www.google.com/maps/search/?api=1&query=arena%20beach%20tennis%20em%20Canan%C3%A9ia%2C%20S%C3%A3o%20Paulo%2C%20Brasil","https://www.google.com/maps/search/?api=1&query=arena%20futev%C3%B4lei%20em%20Canan%C3%A9ia%2C%20S%C3%A3o%20Paulo%2C%20Brasil","https://www.google.com/maps/search/?api=1&query=quadra%20v%C3%B4lei%20de%20praia%20em%20Canan%C3%A9ia%2C%20S%C3%A3o%20Paulo%2C%20Brasil","https://www.google.com/maps/search/?api=1&query=arena%20esportes%20de%20areia%20em%20Canan%C3%A9ia%2C%20S%C3%A3o%20Paulo%2C%20Brasil","https://www.google.com/maps/search/?api=1&query=beach%20sports%20em%20Canan%C3%A9ia%2C%20S%C3%A3o%20Paulo%2C%20Brasil","","",""
"3509957","Canas","São José dos Campos","a pesquisar","https://www.google.com/maps/search/?api=1&query=arena%20beach%20tennis%20em%20Canas%2C%20S%C3%A3o%20Paulo%2C%20Brasil","https://www.google.com/maps/search/?api=1&query=arena%20futev%C3%B4lei%20em%20Canas%2C%20S%C3%A3o%20Paulo%2C%20Brasil","https://www.google.com/maps/search/?api=1&query=quadra%20v%C3%B4lei%20de%20praia%20em%20Canas%2C%20S%C3%A3o%20Paulo%2C%20Brasil","https://www.google.com/maps/search/?api=1&query=arena%20esportes%20de%20areia%20em%20Canas%2C%20S%C3%A3o%20Paulo%2C%20Brasil","https://www.google.com/maps/search/?api=1&query=beach%20sports%20em%20Canas%2C%20S%C3%A3o%20Paulo%2C%20Brasil","","",""
"3510005","Cândido Mota","Marília","a pesquisar","https://www.google.com/maps/search/?api=1&query=arena%20beach%20tennis%20em%20C%C3%A2ndido%20Mota%2C%20S%C3%A3o%20Paulo%2C%20Brasil","https://www.google.com/maps/search/?api=1&query=arena%20futev%C3%B4lei%20em%20C%C3%A2ndido%20Mota%2C%20S%C3%A3o%20Paulo%2C%20Brasil","https://www.google.com/maps/search/?api=1&query=quadra%20v%C3%B4lei%20de%20praia%20em%20C%C3%A2ndido%20Mota%2C%20S%C3%A3o%20Paulo%2C%20Brasil","https://www.google.com/maps/search/?api=1&query=arena%20esportes%20de%20areia%20em%20C%C3%A2ndido%20Mota%2C%20S%C3%A3o%20Paulo%2C%20Brasil","https://www.google.com/maps/search/?api=1&query=beach%20sports%20em%20C%C3%A2ndido%20Mota%2C%20S%C3%A3o%20Paulo%2C%20Brasil","","",""
"3510104","Cândido Rodrigues","Araraquara","a pesquisar","https://www.google.com/maps/search/?api=1&query=arena%20beach%20tennis%20em%20C%C3%A2ndido%20Rodrigues%2C%20S%C3%A3o%20Paulo%2C%20Brasil","https://www.google.com/maps/search/?api=1&query=arena%20futev%C3%B4lei%20em%20C%C3%A2ndido%20Rodrigues%2C%20S%C3%A3o%20Paulo%2C%20Brasil","https://www.google.com/maps/search/?api=1&query=quadra%20v%C3%B4lei%20de%20praia%20em%20C%C3%A2ndido%20Rodrigues%2C%20S%C3%A3o%20Paulo%2C%20Brasil","https://www.google.com/maps/search/?api=1&query=arena%20esportes%20de%20areia%20em%20C%C3%A2ndido%20Rodrigues%2C%20S%C3%A3o%20Paulo%2C%20Brasil","https://www.google.com/maps/search/?api=1&query=beach%20sports%20em%20C%C3%A2ndido%20Rodrigues%2C%20S%C3%A3o%20Paulo%2C%20Brasil","","",""
"3510153","Canitar","Marília","a pesquisar","https://www.google.com/maps/search/?api=1&query=arena%20beach%20tennis%20em%20Canitar%2C%20S%C3%A3o%20Paulo%2C%20Brasil","https://www.google.com/maps/search/?api=1&query=arena%20futev%C3%B4lei%20em%20Canitar%2C%20S%C3%A3o%20Paulo%2C%20Brasil","https://www.google.com/maps/search/?api=1&query=quadra%20v%C3%B4lei%20de%20praia%20em%20Canitar%2C%20S%C3%A3o%20Paulo%2C%20Brasil","https://www.google.com/maps/search/?api=1&query=arena%20esportes%20de%20areia%20em%20Canitar%2C%20S%C3%A3o%20Paulo%2C%20Brasil","https://www.google.com/maps/search/?api=1&query=beach%20sports%20em%20Canitar%2C%20S%C3%A3o%20Paulo%2C%20Brasil","","",""
"3510203","Capão Bonito","Sorocaba","a pesquisar","https://www.google.com/maps/search/?api=1&query=arena%20beach%20tennis%20em%20Cap%C3%A3o%20Bonito%2C%20S%C3%A3o%20Paulo%2C%20Brasil","https://www.google.com/maps/search/?api=1&query=arena%20futev%C3%B4lei%20em%20Cap%C3%A3o%20Bonito%2C%20S%C3%A3o%20Paulo%2C%20Brasil","https://www.google.com/maps/search/?api=1&query=quadra%20v%C3%B4lei%20de%20praia%20em%20Cap%C3%A3o%20Bonito%2C%20S%C3%A3o%20Paulo%2C%20Brasil","https://www.google.com/maps/search/?api=1&query=arena%20esportes%20de%20areia%20em%20Cap%C3%A3o%20Bonito%2C%20S%C3%A3o%20Paulo%2C%20Brasil","https://www.google.com/maps/search/?api=1&query=beach%20sports%20em%20Cap%C3%A3o%20Bonito%2C%20S%C3%A3o%20Paulo%2C%20Brasil","","",""
"3510302","Capela do Alto","Sorocaba","a pesquisar","https://www.google.com/maps/search/?api=1&query=arena%20beach%20tennis%20em%20Capela%20do%20Alto%2C%20S%C3%A3o%20Paulo%2C%20Brasil","https://www.google.com/maps/search/?api=1&query=arena%20futev%C3%B4lei%20em%20Capela%20do%20Alto%2C%20S%C3%A3o%20Paulo%2C%20Brasil","https://www.google.com/maps/search/?api=1&query=quadra%20v%C3%B4lei%20de%20praia%20em%20Capela%20do%20Alto%2C%20S%C3%A3o%20Paulo%2C%20Brasil","https://www.google.com/maps/search/?api=1&query=arena%20esportes%20de%20areia%20em%20Capela%20do%20Alto%2C%20S%C3%A3o%20Paulo%2C%20Brasil","https://www.google.com/maps/search/?api=1&query=beach%20sports%20em%20Capela%20do%20Alto%2C%20S%C3%A3o%20Paulo%2C%20Brasil","","",""
"3510401","Capivari","Campinas","a pesquisar","https://www.google.com/maps/search/?api=1&query=arena%20beach%20tennis%20em%20Capivari%2C%20S%C3%A3o%20Paulo%2C%20Brasil","https://www.google.com/maps/search/?api=1&query=arena%20futev%C3%B4lei%20em%20Capivari%2C%20S%C3%A3o%20Paulo%2C%20Brasil","https://www.google.com/maps/search/?api=1&query=quadra%20v%C3%B4lei%20de%20praia%20em%20Capivari%2C%20S%C3%A3o%20Paulo%2C%20Brasil","https://www.google.com/maps/search/?api=1&query=arena%20esportes%20de%20areia%20em%20Capivari%2C%20S%C3%A3o%20Paulo%2C%20Brasil","https://www.google.com/maps/search/?api=1&query=beach%20sports%20em%20Capivari%2C%20S%C3%A3o%20Paulo%2C%20Brasil","","",""
"3510500","Caraguatatuba","São José dos Campos","pesquisa pública parcial","https://www.google.com/maps/search/?api=1&query=arena%20beach%20tennis%20em%20Caraguatatuba%2C%20S%C3%A3o%20Paulo%2C%20Brasil","https://www.google.com/maps/search/?api=1&query=arena%20futev%C3%B4lei%20em%20Caraguatatuba%2C%20S%C3%A3o%20Paulo%2C%20Brasil","https://www.google.com/maps/search/?api=1&query=quadra%20v%C3%B4lei%20de%20praia%20em%20Caraguatatuba%2C%20S%C3%A3o%20Paulo%2C%20Brasil","https://www.google.com/maps/search/?api=1&query=arena%20esportes%20de%20areia%20em%20Caraguatatuba%2C%20S%C3%A3o%20Paulo%2C%20Brasil","https://www.google.com/maps/search/?api=1&query=beach%20sports%20em%20Caraguatatuba%2C%20S%C3%A3o%20Paulo%2C%20Brasil","2026-09-13","1","Unidades validadas neste lote: 1. Consultas Maps da fila não executadas; cobertura municipal incompleta."
"3510609","Carapicuíba","São Paulo","a pesquisar","https://www.google.com/maps/search/?api=1&query=arena%20beach%20tennis%20em%20Carapicu%C3%ADba%2C%20S%C3%A3o%20Paulo%2C%20Brasil","https://www.google.com/maps/search/?api=1&query=arena%20futev%C3%B4lei%20em%20Carapicu%C3%ADba%2C%20S%C3%A3o%20Paulo%2C%20Brasil","https://www.google.com/maps/search/?api=1&query=quadra%20v%C3%B4lei%20de%20praia%20em%20Carapicu%C3%ADba%2C%20S%C3%A3o%20Paulo%2C%20Brasil","https://www.google.com/maps/search/?api=1&query=arena%20esportes%20de%20areia%20em%20Carapicu%C3%ADba%2C%20S%C3%A3o%20Paulo%2C%20Brasil","https://www.google.com/maps/search/?api=1&query=beach%20sports%20em%20Carapicu%C3%ADba%2C%20S%C3%A3o%20Paulo%2C%20Brasil","","",""
"3510708","Cardoso","São José do Rio Preto","a pesquisar","https://www.google.com/maps/search/?api=1&query=arena%20beach%20tennis%20em%20Cardoso%2C%20S%C3%A3o%20Paulo%2C%20Brasil","https://www.google.com/maps/search/?api=1&query=arena%20futev%C3%B4lei%20em%20Cardoso%2C%20S%C3%A3o%20Paulo%2C%20Brasil","https://www.google.com/maps/search/?api=1&query=quadra%20v%C3%B4lei%20de%20praia%20em%20Cardoso%2C%20S%C3%A3o%20Paulo%2C%20Brasil","https://www.google.com/maps/search/?api=1&query=arena%20esportes%20de%20areia%20em%20Cardoso%2C%20S%C3%A3o%20Paulo%2C%20Brasil","https://www.google.com/maps/search/?api=1&query=beach%20sports%20em%20Cardoso%2C%20S%C3%A3o%20Paulo%2C%20Brasil","","",""
"3510807","Casa Branca","Campinas","a pesquisar","https://www.google.com/maps/search/?api=1&query=arena%20beach%20tennis%20em%20Casa%20Branca%2C%20S%C3%A3o%20Paulo%2C%20Brasil","https://www.google.com/maps/search/?api=1&query=arena%20futev%C3%B4lei%20em%20Casa%20Branca%2C%20S%C3%A3o%20Paulo%2C%20Brasil","https://www.google.com/maps/search/?api=1&query=quadra%20v%C3%B4lei%20de%20praia%20em%20Casa%20Branca%2C%20S%C3%A3o%20Paulo%2C%20Brasil","https://www.google.com/maps/search/?api=1&query=arena%20esportes%20de%20areia%20em%20Casa%20Branca%2C%20S%C3%A3o%20Paulo%2C%20Brasil","https://www.google.com/maps/search/?api=1&query=beach%20sports%20em%20Casa%20Branca%2C%20S%C3%A3o%20Paulo%2C%20Brasil","","",""
"3510906","Cássia dos Coqueiros","Ribeirão Preto","a pesquisar","https://www.google.com/maps/search/?api=1&query=arena%20beach%20tennis%20em%20C%C3%A1ssia%20dos%20Coqueiros%2C%20S%C3%A3o%20Paulo%2C%20Brasil","https://www.google.com/maps/search/?api=1&query=arena%20futev%C3%B4lei%20em%20C%C3%A1ssia%20dos%20Coqueiros%2C%20S%C3%A3o%20Paulo%2C%20Brasil","https://www.google.com/maps/search/?api=1&query=quadra%20v%C3%B4lei%20de%20praia%20em%20C%C3%A1ssia%20dos%20Coqueiros%2C%20S%C3%A3o%20Paulo%2C%20Brasil","https://www.google.com/maps/search/?api=1&query=arena%20esportes%20de%20areia%20em%20C%C3%A1ssia%20dos%20Coqueiros%2C%20S%C3%A3o%20Paulo%2C%20Brasil","https://www.google.com/maps/search/?api=1&query=beach%20sports%20em%20C%C3%A1ssia%20dos%20Coqueiros%2C%20S%C3%A3o%20Paulo%2C%20Brasil","","",""
"3511003","Castilho","Araçatuba","a pesquisar","https://www.google.com/maps/search/?api=1&query=arena%20beach%20tennis%20em%20Castilho%2C%20S%C3%A3o%20Paulo%2C%20Brasil","https://www.google.com/maps/search/?api=1&query=arena%20futev%C3%B4lei%20em%20Castilho%2C%20S%C3%A3o%20Paulo%2C%20Brasil","https://www.google.com/maps/search/?api=1&query=quadra%20v%C3%B4lei%20de%20praia%20em%20Castilho%2C%20S%C3%A3o%20Paulo%2C%20Brasil","https://www.google.com/maps/search/?api=1&query=arena%20esportes%20de%20areia%20em%20Castilho%2C%20S%C3%A3o%20Paulo%2C%20Brasil","https://www.google.com/maps/search/?api=1&query=beach%20sports%20em%20Castilho%2C%20S%C3%A3o%20Paulo%2C%20Brasil","","",""
"3511102","Catanduva","São José do Rio Preto","a pesquisar","https://www.google.com/maps/search/?api=1&query=arena%20beach%20tennis%20em%20Catanduva%2C%20S%C3%A3o%20Paulo%2C%20Brasil","https://www.google.com/maps/search/?api=1&query=arena%20futev%C3%B4lei%20em%20Catanduva%2C%20S%C3%A3o%20Paulo%2C%20Brasil","https://www.google.com/maps/search/?api=1&query=quadra%20v%C3%B4lei%20de%20praia%20em%20Catanduva%2C%20S%C3%A3o%20Paulo%2C%20Brasil","https://www.google.com/maps/search/?api=1&query=arena%20esportes%20de%20areia%20em%20Catanduva%2C%20S%C3%A3o%20Paulo%2C%20Brasil","https://www.google.com/maps/search/?api=1&query=beach%20sports%20em%20Catanduva%2C%20S%C3%A3o%20Paulo%2C%20Brasil","","",""
"3511201","Catiguá","São José do Rio Preto","a pesquisar","https://www.google.com/maps/search/?api=1&query=arena%20beach%20tennis%20em%20Catigu%C3%A1%2C%20S%C3%A3o%20Paulo%2C%20Brasil","https://www.google.com/maps/search/?api=1&query=arena%20futev%C3%B4lei%20em%20Catigu%C3%A1%2C%20S%C3%A3o%20Paulo%2C%20Brasil","https://www.google.com/maps/search/?api=1&query=quadra%20v%C3%B4lei%20de%20praia%20em%20Catigu%C3%A1%2C%20S%C3%A3o%20Paulo%2C%20Brasil","https://www.google.com/maps/search/?api=1&query=arena%20esportes%20de%20areia%20em%20Catigu%C3%A1%2C%20S%C3%A3o%20Paulo%2C%20Brasil","https://www.google.com/maps/search/?api=1&query=beach%20sports%20em%20Catigu%C3%A1%2C%20S%C3%A3o%20Paulo%2C%20Brasil","","",""
"3511300","Cedral","São José do Rio Preto","a pesquisar","https://www.google.com/maps/search/?api=1&query=arena%20beach%20tennis%20em%20Cedral%2C%20S%C3%A3o%20Paulo%2C%20Brasil","https://www.google.com/maps/search/?api=1&query=arena%20futev%C3%B4lei%20em%20Cedral%2C%20S%C3%A3o%20Paulo%2C%20Brasil","https://www.google.com/maps/search/?api=1&query=quadra%20v%C3%B4lei%20de%20praia%20em%20Cedral%2C%20S%C3%A3o%20Paulo%2C%20Brasil","https://www.google.com/maps/search/?api=1&query=arena%20esportes%20de%20areia%20em%20Cedral%2C%20S%C3%A3o%20Paulo%2C%20Brasil","https://www.google.com/maps/search/?api=1&query=beach%20sports%20em%20Cedral%2C%20S%C3%A3o%20Paulo%2C%20Brasil","","",""
"3511409","Cerqueira César","Sorocaba","a pesquisar","https://www.google.com/maps/search/?api=1&query=arena%20beach%20tennis%20em%20Cerqueira%20C%C3%A9sar%2C%20S%C3%A3o%20Paulo%2C%20Brasil","https://www.google.com/maps/search/?api=1&query=arena%20futev%C3%B4lei%20em%20Cerqueira%20C%C3%A9sar%2C%20S%C3%A3o%20Paulo%2C%20Brasil","https://www.google.com/maps/search/?api=1&query=quadra%20v%C3%B4lei%20de%20praia%20em%20Cerqueira%20C%C3%A9sar%2C%20S%C3%A3o%20Paulo%2C%20Brasil","https://www.google.com/maps/search/?api=1&query=arena%20esportes%20de%20areia%20em%20Cerqueira%20C%C3%A9sar%2C%20S%C3%A3o%20Paulo%2C%20Brasil","https://www.google.com/maps/search/?api=1&query=beach%20sports%20em%20Cerqueira%20C%C3%A9sar%2C%20S%C3%A3o%20Paulo%2C%20Brasil","","",""
"3511508","Cerquilho","Sorocaba","a pesquisar","https://www.google.com/maps/search/?api=1&query=arena%20beach%20tennis%20em%20Cerquilho%2C%20S%C3%A3o%20Paulo%2C%20Brasil","https://www.google.com/maps/search/?api=1&query=arena%20futev%C3%B4lei%20em%20Cerquilho%2C%20S%C3%A3o%20Paulo%2C%20Brasil","https://www.google.com/maps/search/?api=1&query=quadra%20v%C3%B4lei%20de%20praia%20em%20Cerquilho%2C%20S%C3%A3o%20Paulo%2C%20Brasil","https://www.google.com/maps/search/?api=1&query=arena%20esportes%20de%20areia%20em%20Cerquilho%2C%20S%C3%A3o%20Paulo%2C%20Brasil","https://www.google.com/maps/search/?api=1&query=beach%20sports%20em%20Cerquilho%2C%20S%C3%A3o%20Paulo%2C%20Brasil","","",""
"3511607","Cesário Lange","Sorocaba","a pesquisar","https://www.google.com/maps/search/?api=1&query=arena%20beach%20tennis%20em%20Ces%C3%A1rio%20Lange%2C%20S%C3%A3o%20Paulo%2C%20Brasil","https://www.google.com/maps/search/?api=1&query=arena%20futev%C3%B4lei%20em%20Ces%C3%A1rio%20Lange%2C%20S%C3%A3o%20Paulo%2C%20Brasil","https://www.google.com/maps/search/?api=1&query=quadra%20v%C3%B4lei%20de%20praia%20em%20Ces%C3%A1rio%20Lange%2C%20S%C3%A3o%20Paulo%2C%20Brasil","https://www.google.com/maps/search/?api=1&query=arena%20esportes%20de%20areia%20em%20Ces%C3%A1rio%20Lange%2C%20S%C3%A3o%20Paulo%2C%20Brasil","https://www.google.com/maps/search/?api=1&query=beach%20sports%20em%20Ces%C3%A1rio%20Lange%2C%20S%C3%A3o%20Paulo%2C%20Brasil","","",""
"3511706","Charqueada","Campinas","a pesquisar","https://www.google.com/maps/search/?api=1&query=arena%20beach%20tennis%20em%20Charqueada%2C%20S%C3%A3o%20Paulo%2C%20Brasil","https://www.google.com/maps/search/?api=1&query=arena%20futev%C3%B4lei%20em%20Charqueada%2C%20S%C3%A3o%20Paulo%2C%20Brasil","https://www.google.com/maps/search/?api=1&query=quadra%20v%C3%B4lei%20de%20praia%20em%20Charqueada%2C%20S%C3%A3o%20Paulo%2C%20Brasil","https://www.google.com/maps/search/?api=1&query=arena%20esportes%20de%20areia%20em%20Charqueada%2C%20S%C3%A3o%20Paulo%2C%20Brasil","https://www.google.com/maps/search/?api=1&query=beach%20sports%20em%20Charqueada%2C%20S%C3%A3o%20Paulo%2C%20Brasil","","",""
"3557204","Chavantes","Marília","a pesquisar","https://www.google.com/maps/search/?api=1&query=arena%20beach%20tennis%20em%20Chavantes%2C%20S%C3%A3o%20Paulo%2C%20Brasil","https://www.google.com/maps/search/?api=1&query=arena%20futev%C3%B4lei%20em%20Chavantes%2C%20S%C3%A3o%20Paulo%2C%20Brasil","https://www.google.com/maps/search/?api=1&query=quadra%20v%C3%B4lei%20de%20praia%20em%20Chavantes%2C%20S%C3%A3o%20Paulo%2C%20Brasil","https://www.google.com/maps/search/?api=1&query=arena%20esportes%20de%20areia%20em%20Chavantes%2C%20S%C3%A3o%20Paulo%2C%20Brasil","https://www.google.com/maps/search/?api=1&query=beach%20sports%20em%20Chavantes%2C%20S%C3%A3o%20Paulo%2C%20Brasil","","",""
"3511904","Clementina","Araçatuba","a pesquisar","https://www.google.com/maps/search/?api=1&query=arena%20beach%20tennis%20em%20Clementina%2C%20S%C3%A3o%20Paulo%2C%20Brasil","https://www.google.com/maps/search/?api=1&query=arena%20futev%C3%B4lei%20em%20Clementina%2C%20S%C3%A3o%20Paulo%2C%20Brasil","https://www.google.com/maps/search/?api=1&query=quadra%20v%C3%B4lei%20de%20praia%20em%20Clementina%2C%20S%C3%A3o%20Paulo%2C%20Brasil","https://www.google.com/maps/search/?api=1&query=arena%20esportes%20de%20areia%20em%20Clementina%2C%20S%C3%A3o%20Paulo%2C%20Brasil","https://www.google.com/maps/search/?api=1&query=beach%20sports%20em%20Clementina%2C%20S%C3%A3o%20Paulo%2C%20Brasil","","",""
"3512001","Colina","Ribeirão Preto","a pesquisar","https://www.google.com/maps/search/?api=1&query=arena%20beach%20tennis%20em%20Colina%2C%20S%C3%A3o%20Paulo%2C%20Brasil","https://www.google.com/maps/search/?api=1&query=arena%20futev%C3%B4lei%20em%20Colina%2C%20S%C3%A3o%20Paulo%2C%20Brasil","https://www.google.com/maps/search/?api=1&query=quadra%20v%C3%B4lei%20de%20praia%20em%20Colina%2C%20S%C3%A3o%20Paulo%2C%20Brasil","https://www.google.com/maps/search/?api=1&query=arena%20esportes%20de%20areia%20em%20Colina%2C%20S%C3%A3o%20Paulo%2C%20Brasil","https://www.google.com/maps/search/?api=1&query=beach%20sports%20em%20Colina%2C%20S%C3%A3o%20Paulo%2C%20Brasil","","",""
"3512100","Colômbia","Ribeirão Preto","a pesquisar","https://www.google.com/maps/search/?api=1&query=arena%20beach%20tennis%20em%20Col%C3%B4mbia%2C%20S%C3%A3o%20Paulo%2C%20Brasil","https://www.google.com/maps/search/?api=1&query=arena%20futev%C3%B4lei%20em%20Col%C3%B4mbia%2C%20S%C3%A3o%20Paulo%2C%20Brasil","https://www.google.com/maps/search/?api=1&query=quadra%20v%C3%B4lei%20de%20praia%20em%20Col%C3%B4mbia%2C%20S%C3%A3o%20Paulo%2C%20Brasil","https://www.google.com/maps/search/?api=1&query=arena%20esportes%20de%20areia%20em%20Col%C3%B4mbia%2C%20S%C3%A3o%20Paulo%2C%20Brasil","https://www.google.com/maps/search/?api=1&query=beach%20sports%20em%20Col%C3%B4mbia%2C%20S%C3%A3o%20Paulo%2C%20Brasil","","",""
"3512209","Conchal","Campinas","a pesquisar","https://www.google.com/maps/search/?api=1&query=arena%20beach%20tennis%20em%20Conchal%2C%20S%C3%A3o%20Paulo%2C%20Brasil","https://www.google.com/maps/search/?api=1&query=arena%20futev%C3%B4lei%20em%20Conchal%2C%20S%C3%A3o%20Paulo%2C%20Brasil","https://www.google.com/maps/search/?api=1&query=quadra%20v%C3%B4lei%20de%20praia%20em%20Conchal%2C%20S%C3%A3o%20Paulo%2C%20Brasil","https://www.google.com/maps/search/?api=1&query=arena%20esportes%20de%20areia%20em%20Conchal%2C%20S%C3%A3o%20Paulo%2C%20Brasil","https://www.google.com/maps/search/?api=1&query=beach%20sports%20em%20Conchal%2C%20S%C3%A3o%20Paulo%2C%20Brasil","","",""
"3512308","Conchas","Bauru","a pesquisar","https://www.google.com/maps/search/?api=1&query=arena%20beach%20tennis%20em%20Conchas%2C%20S%C3%A3o%20Paulo%2C%20Brasil","https://www.google.com/maps/search/?api=1&query=arena%20futev%C3%B4lei%20em%20Conchas%2C%20S%C3%A3o%20Paulo%2C%20Brasil","https://www.google.com/maps/search/?api=1&query=quadra%20v%C3%B4lei%20de%20praia%20em%20Conchas%2C%20S%C3%A3o%20Paulo%2C%20Brasil","https://www.google.com/maps/search/?api=1&query=arena%20esportes%20de%20areia%20em%20Conchas%2C%20S%C3%A3o%20Paulo%2C%20Brasil","https://www.google.com/maps/search/?api=1&query=beach%20sports%20em%20Conchas%2C%20S%C3%A3o%20Paulo%2C%20Brasil","","",""
"3512407","Cordeirópolis","Campinas","a pesquisar","https://www.google.com/maps/search/?api=1&query=arena%20beach%20tennis%20em%20Cordeir%C3%B3polis%2C%20S%C3%A3o%20Paulo%2C%20Brasil","https://www.google.com/maps/search/?api=1&query=arena%20futev%C3%B4lei%20em%20Cordeir%C3%B3polis%2C%20S%C3%A3o%20Paulo%2C%20Brasil","https://www.google.com/maps/search/?api=1&query=quadra%20v%C3%B4lei%20de%20praia%20em%20Cordeir%C3%B3polis%2C%20S%C3%A3o%20Paulo%2C%20Brasil","https://www.google.com/maps/search/?api=1&query=arena%20esportes%20de%20areia%20em%20Cordeir%C3%B3polis%2C%20S%C3%A3o%20Paulo%2C%20Brasil","https://www.google.com/maps/search/?api=1&query=beach%20sports%20em%20Cordeir%C3%B3polis%2C%20S%C3%A3o%20Paulo%2C%20Brasil","","",""
"3512506","Coroados","Araçatuba","a pesquisar","https://www.google.com/maps/search/?api=1&query=arena%20beach%20tennis%20em%20Coroados%2C%20S%C3%A3o%20Paulo%2C%20Brasil","https://www.google.com/maps/search/?api=1&query=arena%20futev%C3%B4lei%20em%20Coroados%2C%20S%C3%A3o%20Paulo%2C%20Brasil","https://www.google.com/maps/search/?api=1&query=quadra%20v%C3%B4lei%20de%20praia%20em%20Coroados%2C%20S%C3%A3o%20Paulo%2C%20Brasil","https://www.google.com/maps/search/?api=1&query=arena%20esportes%20de%20areia%20em%20Coroados%2C%20S%C3%A3o%20Paulo%2C%20Brasil","https://www.google.com/maps/search/?api=1&query=beach%20sports%20em%20Coroados%2C%20S%C3%A3o%20Paulo%2C%20Brasil","","",""
"3512605","Coronel Macedo","Sorocaba","a pesquisar","https://www.google.com/maps/search/?api=1&query=arena%20beach%20tennis%20em%20Coronel%20Macedo%2C%20S%C3%A3o%20Paulo%2C%20Brasil","https://www.google.com/maps/search/?api=1&query=arena%20futev%C3%B4lei%20em%20Coronel%20Macedo%2C%20S%C3%A3o%20Paulo%2C%20Brasil","https://www.google.com/maps/search/?api=1&query=quadra%20v%C3%B4lei%20de%20praia%20em%20Coronel%20Macedo%2C%20S%C3%A3o%20Paulo%2C%20Brasil","https://www.google.com/maps/search/?api=1&query=arena%20esportes%20de%20areia%20em%20Coronel%20Macedo%2C%20S%C3%A3o%20Paulo%2C%20Brasil","https://www.google.com/maps/search/?api=1&query=beach%20sports%20em%20Coronel%20Macedo%2C%20S%C3%A3o%20Paulo%2C%20Brasil","","",""
"3512704","Corumbataí","Campinas","a pesquisar","https://www.google.com/maps/search/?api=1&query=arena%20beach%20tennis%20em%20Corumbata%C3%AD%2C%20S%C3%A3o%20Paulo%2C%20Brasil","https://www.google.com/maps/search/?api=1&query=arena%20futev%C3%B4lei%20em%20Corumbata%C3%AD%2C%20S%C3%A3o%20Paulo%2C%20Brasil","https://www.google.com/maps/search/?api=1&query=quadra%20v%C3%B4lei%20de%20praia%20em%20Corumbata%C3%AD%2C%20S%C3%A3o%20Paulo%2C%20Brasil","https://www.google.com/maps/search/?api=1&query=arena%20esportes%20de%20areia%20em%20Corumbata%C3%AD%2C%20S%C3%A3o%20Paulo%2C%20Brasil","https://www.google.com/maps/search/?api=1&query=beach%20sports%20em%20Corumbata%C3%AD%2C%20S%C3%A3o%20Paulo%2C%20Brasil","","",""
"3512803","Cosmópolis","Campinas","a pesquisar","https://www.google.com/maps/search/?api=1&query=arena%20beach%20tennis%20em%20Cosm%C3%B3polis%2C%20S%C3%A3o%20Paulo%2C%20Brasil","https://www.google.com/maps/search/?api=1&query=arena%20futev%C3%B4lei%20em%20Cosm%C3%B3polis%2C%20S%C3%A3o%20Paulo%2C%20Brasil","https://www.google.com/maps/search/?api=1&query=quadra%20v%C3%B4lei%20de%20praia%20em%20Cosm%C3%B3polis%2C%20S%C3%A3o%20Paulo%2C%20Brasil","https://www.google.com/maps/search/?api=1&query=arena%20esportes%20de%20areia%20em%20Cosm%C3%B3polis%2C%20S%C3%A3o%20Paulo%2C%20Brasil","https://www.google.com/maps/search/?api=1&query=beach%20sports%20em%20Cosm%C3%B3polis%2C%20S%C3%A3o%20Paulo%2C%20Brasil","","",""
"3512902","Cosmorama","São José do Rio Preto","a pesquisar","https://www.google.com/maps/search/?api=1&query=arena%20beach%20tennis%20em%20Cosmorama%2C%20S%C3%A3o%20Paulo%2C%20Brasil","https://www.google.com/maps/search/?api=1&query=arena%20futev%C3%B4lei%20em%20Cosmorama%2C%20S%C3%A3o%20Paulo%2C%20Brasil","https://www.google.com/maps/search/?api=1&query=quadra%20v%C3%B4lei%20de%20praia%20em%20Cosmorama%2C%20S%C3%A3o%20Paulo%2C%20Brasil","https://www.google.com/maps/search/?api=1&query=arena%20esportes%20de%20areia%20em%20Cosmorama%2C%20S%C3%A3o%20Paulo%2C%20Brasil","https://www.google.com/maps/search/?api=1&query=beach%20sports%20em%20Cosmorama%2C%20S%C3%A3o%20Paulo%2C%20Brasil","","",""
"3513009","Cotia","São Paulo","pesquisa pública parcial","https://www.google.com/maps/search/?api=1&query=arena%20beach%20tennis%20em%20Cotia%2C%20S%C3%A3o%20Paulo%2C%20Brasil","https://www.google.com/maps/search/?api=1&query=arena%20futev%C3%B4lei%20em%20Cotia%2C%20S%C3%A3o%20Paulo%2C%20Brasil","https://www.google.com/maps/search/?api=1&query=quadra%20v%C3%B4lei%20de%20praia%20em%20Cotia%2C%20S%C3%A3o%20Paulo%2C%20Brasil","https://www.google.com/maps/search/?api=1&query=arena%20esportes%20de%20areia%20em%20Cotia%2C%20S%C3%A3o%20Paulo%2C%20Brasil","https://www.google.com/maps/search/?api=1&query=beach%20sports%20em%20Cotia%2C%20S%C3%A3o%20Paulo%2C%20Brasil","2026-09-13","2","Unidades validadas neste lote: 2. Consultas Maps da fila não executadas; cobertura municipal incompleta."
"3513108","Cravinhos","Ribeirão Preto","a pesquisar","https://www.google.com/maps/search/?api=1&query=arena%20beach%20tennis%20em%20Cravinhos%2C%20S%C3%A3o%20Paulo%2C%20Brasil","https://www.google.com/maps/search/?api=1&query=arena%20futev%C3%B4lei%20em%20Cravinhos%2C%20S%C3%A3o%20Paulo%2C%20Brasil","https://www.google.com/maps/search/?api=1&query=quadra%20v%C3%B4lei%20de%20praia%20em%20Cravinhos%2C%20S%C3%A3o%20Paulo%2C%20Brasil","https://www.google.com/maps/search/?api=1&query=arena%20esportes%20de%20areia%20em%20Cravinhos%2C%20S%C3%A3o%20Paulo%2C%20Brasil","https://www.google.com/maps/search/?api=1&query=beach%20sports%20em%20Cravinhos%2C%20S%C3%A3o%20Paulo%2C%20Brasil","","",""
"3513207","Cristais Paulista","Ribeirão Preto","a pesquisar","https://www.google.com/maps/search/?api=1&query=arena%20beach%20tennis%20em%20Cristais%20Paulista%2C%20S%C3%A3o%20Paulo%2C%20Brasil","https://www.google.com/maps/search/?api=1&query=arena%20futev%C3%B4lei%20em%20Cristais%20Paulista%2C%20S%C3%A3o%20Paulo%2C%20Brasil","https://www.google.com/maps/search/?api=1&query=quadra%20v%C3%B4lei%20de%20praia%20em%20Cristais%20Paulista%2C%20S%C3%A3o%20Paulo%2C%20Brasil","https://www.google.com/maps/search/?api=1&query=arena%20esportes%20de%20areia%20em%20Cristais%20Paulista%2C%20S%C3%A3o%20Paulo%2C%20Brasil","https://www.google.com/maps/search/?api=1&query=beach%20sports%20em%20Cristais%20Paulista%2C%20S%C3%A3o%20Paulo%2C%20Brasil","","",""
"3513306","Cruzália","Marília","a pesquisar","https://www.google.com/maps/search/?api=1&query=arena%20beach%20tennis%20em%20Cruz%C3%A1lia%2C%20S%C3%A3o%20Paulo%2C%20Brasil","https://www.google.com/maps/search/?api=1&query=arena%20futev%C3%B4lei%20em%20Cruz%C3%A1lia%2C%20S%C3%A3o%20Paulo%2C%20Brasil","https://www.google.com/maps/search/?api=1&query=quadra%20v%C3%B4lei%20de%20praia%20em%20Cruz%C3%A1lia%2C%20S%C3%A3o%20Paulo%2C%20Brasil","https://www.google.com/maps/search/?api=1&query=arena%20esportes%20de%20areia%20em%20Cruz%C3%A1lia%2C%20S%C3%A3o%20Paulo%2C%20Brasil","https://www.google.com/maps/search/?api=1&query=beach%20sports%20em%20Cruz%C3%A1lia%2C%20S%C3%A3o%20Paulo%2C%20Brasil","","",""
"3513405","Cruzeiro","São José dos Campos","a pesquisar","https://www.google.com/maps/search/?api=1&query=arena%20beach%20tennis%20em%20Cruzeiro%2C%20S%C3%A3o%20Paulo%2C%20Brasil","https://www.google.com/maps/search/?api=1&query=arena%20futev%C3%B4lei%20em%20Cruzeiro%2C%20S%C3%A3o%20Paulo%2C%20Brasil","https://www.google.com/maps/search/?api=1&query=quadra%20v%C3%B4lei%20de%20praia%20em%20Cruzeiro%2C%20S%C3%A3o%20Paulo%2C%20Brasil","https://www.google.com/maps/search/?api=1&query=arena%20esportes%20de%20areia%20em%20Cruzeiro%2C%20S%C3%A3o%20Paulo%2C%20Brasil","https://www.google.com/maps/search/?api=1&query=beach%20sports%20em%20Cruzeiro%2C%20S%C3%A3o%20Paulo%2C%20Brasil","","",""
"3513504","Cubatão","São Paulo","a pesquisar","https://www.google.com/maps/search/?api=1&query=arena%20beach%20tennis%20em%20Cubat%C3%A3o%2C%20S%C3%A3o%20Paulo%2C%20Brasil","https://www.google.com/maps/search/?api=1&query=arena%20futev%C3%B4lei%20em%20Cubat%C3%A3o%2C%20S%C3%A3o%20Paulo%2C%20Brasil","https://www.google.com/maps/search/?api=1&query=quadra%20v%C3%B4lei%20de%20praia%20em%20Cubat%C3%A3o%2C%20S%C3%A3o%20Paulo%2C%20Brasil","https://www.google.com/maps/search/?api=1&query=arena%20esportes%20de%20areia%20em%20Cubat%C3%A3o%2C%20S%C3%A3o%20Paulo%2C%20Brasil","https://www.google.com/maps/search/?api=1&query=beach%20sports%20em%20Cubat%C3%A3o%2C%20S%C3%A3o%20Paulo%2C%20Brasil","","",""
"3513603","Cunha","São José dos Campos","a pesquisar","https://www.google.com/maps/search/?api=1&query=arena%20beach%20tennis%20em%20Cunha%2C%20S%C3%A3o%20Paulo%2C%20Brasil","https://www.google.com/maps/search/?api=1&query=arena%20futev%C3%B4lei%20em%20Cunha%2C%20S%C3%A3o%20Paulo%2C%20Brasil","https://www.google.com/maps/search/?api=1&query=quadra%20v%C3%B4lei%20de%20praia%20em%20Cunha%2C%20S%C3%A3o%20Paulo%2C%20Brasil","https://www.google.com/maps/search/?api=1&query=arena%20esportes%20de%20areia%20em%20Cunha%2C%20S%C3%A3o%20Paulo%2C%20Brasil","https://www.google.com/maps/search/?api=1&query=beach%20sports%20em%20Cunha%2C%20S%C3%A3o%20Paulo%2C%20Brasil","","",""
"3513702","Descalvado","Araraquara","a pesquisar","https://www.google.com/maps/search/?api=1&query=arena%20beach%20tennis%20em%20Descalvado%2C%20S%C3%A3o%20Paulo%2C%20Brasil","https://www.google.com/maps/search/?api=1&query=arena%20futev%C3%B4lei%20em%20Descalvado%2C%20S%C3%A3o%20Paulo%2C%20Brasil","https://www.google.com/maps/search/?api=1&query=quadra%20v%C3%B4lei%20de%20praia%20em%20Descalvado%2C%20S%C3%A3o%20Paulo%2C%20Brasil","https://www.google.com/maps/search/?api=1&query=arena%20esportes%20de%20areia%20em%20Descalvado%2C%20S%C3%A3o%20Paulo%2C%20Brasil","https://www.google.com/maps/search/?api=1&query=beach%20sports%20em%20Descalvado%2C%20S%C3%A3o%20Paulo%2C%20Brasil","","",""
"3513801","Diadema","São Paulo","a pesquisar","https://www.google.com/maps/search/?api=1&query=arena%20beach%20tennis%20em%20Diadema%2C%20S%C3%A3o%20Paulo%2C%20Brasil","https://www.google.com/maps/search/?api=1&query=arena%20futev%C3%B4lei%20em%20Diadema%2C%20S%C3%A3o%20Paulo%2C%20Brasil","https://www.google.com/maps/search/?api=1&query=quadra%20v%C3%B4lei%20de%20praia%20em%20Diadema%2C%20S%C3%A3o%20Paulo%2C%20Brasil","https://www.google.com/maps/search/?api=1&query=arena%20esportes%20de%20areia%20em%20Diadema%2C%20S%C3%A3o%20Paulo%2C%20Brasil","https://www.google.com/maps/search/?api=1&query=beach%20sports%20em%20Diadema%2C%20S%C3%A3o%20Paulo%2C%20Brasil","","",""
"3513850","Dirce Reis","São José do Rio Preto","a pesquisar","https://www.google.com/maps/search/?api=1&query=arena%20beach%20tennis%20em%20Dirce%20Reis%2C%20S%C3%A3o%20Paulo%2C%20Brasil","https://www.google.com/maps/search/?api=1&query=arena%20futev%C3%B4lei%20em%20Dirce%20Reis%2C%20S%C3%A3o%20Paulo%2C%20Brasil","https://www.google.com/maps/search/?api=1&query=quadra%20v%C3%B4lei%20de%20praia%20em%20Dirce%20Reis%2C%20S%C3%A3o%20Paulo%2C%20Brasil","https://www.google.com/maps/search/?api=1&query=arena%20esportes%20de%20areia%20em%20Dirce%20Reis%2C%20S%C3%A3o%20Paulo%2C%20Brasil","https://www.google.com/maps/search/?api=1&query=beach%20sports%20em%20Dirce%20Reis%2C%20S%C3%A3o%20Paulo%2C%20Brasil","","",""
"3513900","Divinolândia","Campinas","a pesquisar","https://www.google.com/maps/search/?api=1&query=arena%20beach%20tennis%20em%20Divinol%C3%A2ndia%2C%20S%C3%A3o%20Paulo%2C%20Brasil","https://www.google.com/maps/search/?api=1&query=arena%20futev%C3%B4lei%20em%20Divinol%C3%A2ndia%2C%20S%C3%A3o%20Paulo%2C%20Brasil","https://www.google.com/maps/search/?api=1&query=quadra%20v%C3%B4lei%20de%20praia%20em%20Divinol%C3%A2ndia%2C%20S%C3%A3o%20Paulo%2C%20Brasil","https://www.google.com/maps/search/?api=1&query=arena%20esportes%20de%20areia%20em%20Divinol%C3%A2ndia%2C%20S%C3%A3o%20Paulo%2C%20Brasil","https://www.google.com/maps/search/?api=1&query=beach%20sports%20em%20Divinol%C3%A2ndia%2C%20S%C3%A3o%20Paulo%2C%20Brasil","","",""
"3514007","Dobrada","Araraquara","a pesquisar","https://www.google.com/maps/search/?api=1&query=arena%20beach%20tennis%20em%20Dobrada%2C%20S%C3%A3o%20Paulo%2C%20Brasil","https://www.google.com/maps/search/?api=1&query=arena%20futev%C3%B4lei%20em%20Dobrada%2C%20S%C3%A3o%20Paulo%2C%20Brasil","https://www.google.com/maps/search/?api=1&query=quadra%20v%C3%B4lei%20de%20praia%20em%20Dobrada%2C%20S%C3%A3o%20Paulo%2C%20Brasil","https://www.google.com/maps/search/?api=1&query=arena%20esportes%20de%20areia%20em%20Dobrada%2C%20S%C3%A3o%20Paulo%2C%20Brasil","https://www.google.com/maps/search/?api=1&query=beach%20sports%20em%20Dobrada%2C%20S%C3%A3o%20Paulo%2C%20Brasil","","",""
"3514106","Dois Córregos","Bauru","a pesquisar","https://www.google.com/maps/search/?api=1&query=arena%20beach%20tennis%20em%20Dois%20C%C3%B3rregos%2C%20S%C3%A3o%20Paulo%2C%20Brasil","https://www.google.com/maps/search/?api=1&query=arena%20futev%C3%B4lei%20em%20Dois%20C%C3%B3rregos%2C%20S%C3%A3o%20Paulo%2C%20Brasil","https://www.google.com/maps/search/?api=1&query=quadra%20v%C3%B4lei%20de%20praia%20em%20Dois%20C%C3%B3rregos%2C%20S%C3%A3o%20Paulo%2C%20Brasil","https://www.google.com/maps/search/?api=1&query=arena%20esportes%20de%20areia%20em%20Dois%20C%C3%B3rregos%2C%20S%C3%A3o%20Paulo%2C%20Brasil","https://www.google.com/maps/search/?api=1&query=beach%20sports%20em%20Dois%20C%C3%B3rregos%2C%20S%C3%A3o%20Paulo%2C%20Brasil","","",""
"3514205","Dolcinópolis","São José do Rio Preto","a pesquisar","https://www.google.com/maps/search/?api=1&query=arena%20beach%20tennis%20em%20Dolcin%C3%B3polis%2C%20S%C3%A3o%20Paulo%2C%20Brasil","https://www.google.com/maps/search/?api=1&query=arena%20futev%C3%B4lei%20em%20Dolcin%C3%B3polis%2C%20S%C3%A3o%20Paulo%2C%20Brasil","https://www.google.com/maps/search/?api=1&query=quadra%20v%C3%B4lei%20de%20praia%20em%20Dolcin%C3%B3polis%2C%20S%C3%A3o%20Paulo%2C%20Brasil","https://www.google.com/maps/search/?api=1&query=arena%20esportes%20de%20areia%20em%20Dolcin%C3%B3polis%2C%20S%C3%A3o%20Paulo%2C%20Brasil","https://www.google.com/maps/search/?api=1&query=beach%20sports%20em%20Dolcin%C3%B3polis%2C%20S%C3%A3o%20Paulo%2C%20Brasil","","",""
"3514304","Dourado","Araraquara","a pesquisar","https://www.google.com/maps/search/?api=1&query=arena%20beach%20tennis%20em%20Dourado%2C%20S%C3%A3o%20Paulo%2C%20Brasil","https://www.google.com/maps/search/?api=1&query=arena%20futev%C3%B4lei%20em%20Dourado%2C%20S%C3%A3o%20Paulo%2C%20Brasil","https://www.google.com/maps/search/?api=1&query=quadra%20v%C3%B4lei%20de%20praia%20em%20Dourado%2C%20S%C3%A3o%20Paulo%2C%20Brasil","https://www.google.com/maps/search/?api=1&query=arena%20esportes%20de%20areia%20em%20Dourado%2C%20S%C3%A3o%20Paulo%2C%20Brasil","https://www.google.com/maps/search/?api=1&query=beach%20sports%20em%20Dourado%2C%20S%C3%A3o%20Paulo%2C%20Brasil","","",""
"3514403","Dracena","Presidente Prudente","a pesquisar","https://www.google.com/maps/search/?api=1&query=arena%20beach%20tennis%20em%20Dracena%2C%20S%C3%A3o%20Paulo%2C%20Brasil","https://www.google.com/maps/search/?api=1&query=arena%20futev%C3%B4lei%20em%20Dracena%2C%20S%C3%A3o%20Paulo%2C%20Brasil","https://www.google.com/maps/search/?api=1&query=quadra%20v%C3%B4lei%20de%20praia%20em%20Dracena%2C%20S%C3%A3o%20Paulo%2C%20Brasil","https://www.google.com/maps/search/?api=1&query=arena%20esportes%20de%20areia%20em%20Dracena%2C%20S%C3%A3o%20Paulo%2C%20Brasil","https://www.google.com/maps/search/?api=1&query=beach%20sports%20em%20Dracena%2C%20S%C3%A3o%20Paulo%2C%20Brasil","","",""
"3514502","Duartina","Bauru","a pesquisar","https://www.google.com/maps/search/?api=1&query=arena%20beach%20tennis%20em%20Duartina%2C%20S%C3%A3o%20Paulo%2C%20Brasil","https://www.google.com/maps/search/?api=1&query=arena%20futev%C3%B4lei%20em%20Duartina%2C%20S%C3%A3o%20Paulo%2C%20Brasil","https://www.google.com/maps/search/?api=1&query=quadra%20v%C3%B4lei%20de%20praia%20em%20Duartina%2C%20S%C3%A3o%20Paulo%2C%20Brasil","https://www.google.com/maps/search/?api=1&query=arena%20esportes%20de%20areia%20em%20Duartina%2C%20S%C3%A3o%20Paulo%2C%20Brasil","https://www.google.com/maps/search/?api=1&query=beach%20sports%20em%20Duartina%2C%20S%C3%A3o%20Paulo%2C%20Brasil","","",""
"3514601","Dumont","Ribeirão Preto","a pesquisar","https://www.google.com/maps/search/?api=1&query=arena%20beach%20tennis%20em%20Dumont%2C%20S%C3%A3o%20Paulo%2C%20Brasil","https://www.google.com/maps/search/?api=1&query=arena%20futev%C3%B4lei%20em%20Dumont%2C%20S%C3%A3o%20Paulo%2C%20Brasil","https://www.google.com/maps/search/?api=1&query=quadra%20v%C3%B4lei%20de%20praia%20em%20Dumont%2C%20S%C3%A3o%20Paulo%2C%20Brasil","https://www.google.com/maps/search/?api=1&query=arena%20esportes%20de%20areia%20em%20Dumont%2C%20S%C3%A3o%20Paulo%2C%20Brasil","https://www.google.com/maps/search/?api=1&query=beach%20sports%20em%20Dumont%2C%20S%C3%A3o%20Paulo%2C%20Brasil","","",""
"3514700","Echaporã","Marília","a pesquisar","https://www.google.com/maps/search/?api=1&query=arena%20beach%20tennis%20em%20Echapor%C3%A3%2C%20S%C3%A3o%20Paulo%2C%20Brasil","https://www.google.com/maps/search/?api=1&query=arena%20futev%C3%B4lei%20em%20Echapor%C3%A3%2C%20S%C3%A3o%20Paulo%2C%20Brasil","https://www.google.com/maps/search/?api=1&query=quadra%20v%C3%B4lei%20de%20praia%20em%20Echapor%C3%A3%2C%20S%C3%A3o%20Paulo%2C%20Brasil","https://www.google.com/maps/search/?api=1&query=arena%20esportes%20de%20areia%20em%20Echapor%C3%A3%2C%20S%C3%A3o%20Paulo%2C%20Brasil","https://www.google.com/maps/search/?api=1&query=beach%20sports%20em%20Echapor%C3%A3%2C%20S%C3%A3o%20Paulo%2C%20Brasil","","",""
"3514809","Eldorado","Sorocaba","a pesquisar","https://www.google.com/maps/search/?api=1&query=arena%20beach%20tennis%20em%20Eldorado%2C%20S%C3%A3o%20Paulo%2C%20Brasil","https://www.google.com/maps/search/?api=1&query=arena%20futev%C3%B4lei%20em%20Eldorado%2C%20S%C3%A3o%20Paulo%2C%20Brasil","https://www.google.com/maps/search/?api=1&query=quadra%20v%C3%B4lei%20de%20praia%20em%20Eldorado%2C%20S%C3%A3o%20Paulo%2C%20Brasil","https://www.google.com/maps/search/?api=1&query=arena%20esportes%20de%20areia%20em%20Eldorado%2C%20S%C3%A3o%20Paulo%2C%20Brasil","https://www.google.com/maps/search/?api=1&query=beach%20sports%20em%20Eldorado%2C%20S%C3%A3o%20Paulo%2C%20Brasil","","",""
"3514908","Elias Fausto","Campinas","a pesquisar","https://www.google.com/maps/search/?api=1&query=arena%20beach%20tennis%20em%20Elias%20Fausto%2C%20S%C3%A3o%20Paulo%2C%20Brasil","https://www.google.com/maps/search/?api=1&query=arena%20futev%C3%B4lei%20em%20Elias%20Fausto%2C%20S%C3%A3o%20Paulo%2C%20Brasil","https://www.google.com/maps/search/?api=1&query=quadra%20v%C3%B4lei%20de%20praia%20em%20Elias%20Fausto%2C%20S%C3%A3o%20Paulo%2C%20Brasil","https://www.google.com/maps/search/?api=1&query=arena%20esportes%20de%20areia%20em%20Elias%20Fausto%2C%20S%C3%A3o%20Paulo%2C%20Brasil","https://www.google.com/maps/search/?api=1&query=beach%20sports%20em%20Elias%20Fausto%2C%20S%C3%A3o%20Paulo%2C%20Brasil","","",""
"3514924","Elisiário","São José do Rio Preto","a pesquisar","https://www.google.com/maps/search/?api=1&query=arena%20beach%20tennis%20em%20Elisi%C3%A1rio%2C%20S%C3%A3o%20Paulo%2C%20Brasil","https://www.google.com/maps/search/?api=1&query=arena%20futev%C3%B4lei%20em%20Elisi%C3%A1rio%2C%20S%C3%A3o%20Paulo%2C%20Brasil","https://www.google.com/maps/search/?api=1&query=quadra%20v%C3%B4lei%20de%20praia%20em%20Elisi%C3%A1rio%2C%20S%C3%A3o%20Paulo%2C%20Brasil","https://www.google.com/maps/search/?api=1&query=arena%20esportes%20de%20areia%20em%20Elisi%C3%A1rio%2C%20S%C3%A3o%20Paulo%2C%20Brasil","https://www.google.com/maps/search/?api=1&query=beach%20sports%20em%20Elisi%C3%A1rio%2C%20S%C3%A3o%20Paulo%2C%20Brasil","","",""
"3514957","Embaúba","São José do Rio Preto","a pesquisar","https://www.google.com/maps/search/?api=1&query=arena%20beach%20tennis%20em%20Emba%C3%BAba%2C%20S%C3%A3o%20Paulo%2C%20Brasil","https://www.google.com/maps/search/?api=1&query=arena%20futev%C3%B4lei%20em%20Emba%C3%BAba%2C%20S%C3%A3o%20Paulo%2C%20Brasil","https://www.google.com/maps/search/?api=1&query=quadra%20v%C3%B4lei%20de%20praia%20em%20Emba%C3%BAba%2C%20S%C3%A3o%20Paulo%2C%20Brasil","https://www.google.com/maps/search/?api=1&query=arena%20esportes%20de%20areia%20em%20Emba%C3%BAba%2C%20S%C3%A3o%20Paulo%2C%20Brasil","https://www.google.com/maps/search/?api=1&query=beach%20sports%20em%20Emba%C3%BAba%2C%20S%C3%A3o%20Paulo%2C%20Brasil","","",""
"3515004","Embu das Artes","São Paulo","a pesquisar","https://www.google.com/maps/search/?api=1&query=arena%20beach%20tennis%20em%20Embu%20das%20Artes%2C%20S%C3%A3o%20Paulo%2C%20Brasil","https://www.google.com/maps/search/?api=1&query=arena%20futev%C3%B4lei%20em%20Embu%20das%20Artes%2C%20S%C3%A3o%20Paulo%2C%20Brasil","https://www.google.com/maps/search/?api=1&query=quadra%20v%C3%B4lei%20de%20praia%20em%20Embu%20das%20Artes%2C%20S%C3%A3o%20Paulo%2C%20Brasil","https://www.google.com/maps/search/?api=1&query=arena%20esportes%20de%20areia%20em%20Embu%20das%20Artes%2C%20S%C3%A3o%20Paulo%2C%20Brasil","https://www.google.com/maps/search/?api=1&query=beach%20sports%20em%20Embu%20das%20Artes%2C%20S%C3%A3o%20Paulo%2C%20Brasil","","",""
"3515103","Embu-Guaçu","São Paulo","a pesquisar","https://www.google.com/maps/search/?api=1&query=arena%20beach%20tennis%20em%20Embu-Gua%C3%A7u%2C%20S%C3%A3o%20Paulo%2C%20Brasil","https://www.google.com/maps/search/?api=1&query=arena%20futev%C3%B4lei%20em%20Embu-Gua%C3%A7u%2C%20S%C3%A3o%20Paulo%2C%20Brasil","https://www.google.com/maps/search/?api=1&query=quadra%20v%C3%B4lei%20de%20praia%20em%20Embu-Gua%C3%A7u%2C%20S%C3%A3o%20Paulo%2C%20Brasil","https://www.google.com/maps/search/?api=1&query=arena%20esportes%20de%20areia%20em%20Embu-Gua%C3%A7u%2C%20S%C3%A3o%20Paulo%2C%20Brasil","https://www.google.com/maps/search/?api=1&query=beach%20sports%20em%20Embu-Gua%C3%A7u%2C%20S%C3%A3o%20Paulo%2C%20Brasil","","",""
"3515129","Emilianópolis","Presidente Prudente","a pesquisar","https://www.google.com/maps/search/?api=1&query=arena%20beach%20tennis%20em%20Emilian%C3%B3polis%2C%20S%C3%A3o%20Paulo%2C%20Brasil","https://www.google.com/maps/search/?api=1&query=arena%20futev%C3%B4lei%20em%20Emilian%C3%B3polis%2C%20S%C3%A3o%20Paulo%2C%20Brasil","https://www.google.com/maps/search/?api=1&query=quadra%20v%C3%B4lei%20de%20praia%20em%20Emilian%C3%B3polis%2C%20S%C3%A3o%20Paulo%2C%20Brasil","https://www.google.com/maps/search/?api=1&query=arena%20esportes%20de%20areia%20em%20Emilian%C3%B3polis%2C%20S%C3%A3o%20Paulo%2C%20Brasil","https://www.google.com/maps/search/?api=1&query=beach%20sports%20em%20Emilian%C3%B3polis%2C%20S%C3%A3o%20Paulo%2C%20Brasil","","",""
"3515152","Engenheiro Coelho","Campinas","a pesquisar","https://www.google.com/maps/search/?api=1&query=arena%20beach%20tennis%20em%20Engenheiro%20Coelho%2C%20S%C3%A3o%20Paulo%2C%20Brasil","https://www.google.com/maps/search/?api=1&query=arena%20futev%C3%B4lei%20em%20Engenheiro%20Coelho%2C%20S%C3%A3o%20Paulo%2C%20Brasil","https://www.google.com/maps/search/?api=1&query=quadra%20v%C3%B4lei%20de%20praia%20em%20Engenheiro%20Coelho%2C%20S%C3%A3o%20Paulo%2C%20Brasil","https://www.google.com/maps/search/?api=1&query=arena%20esportes%20de%20areia%20em%20Engenheiro%20Coelho%2C%20S%C3%A3o%20Paulo%2C%20Brasil","https://www.google.com/maps/search/?api=1&query=beach%20sports%20em%20Engenheiro%20Coelho%2C%20S%C3%A3o%20Paulo%2C%20Brasil","","",""
"3515186","Espírito Santo do Pinhal","Campinas","a pesquisar","https://www.google.com/maps/search/?api=1&query=arena%20beach%20tennis%20em%20Esp%C3%ADrito%20Santo%20do%20Pinhal%2C%20S%C3%A3o%20Paulo%2C%20Brasil","https://www.google.com/maps/search/?api=1&query=arena%20futev%C3%B4lei%20em%20Esp%C3%ADrito%20Santo%20do%20Pinhal%2C%20S%C3%A3o%20Paulo%2C%20Brasil","https://www.google.com/maps/search/?api=1&query=quadra%20v%C3%B4lei%20de%20praia%20em%20Esp%C3%ADrito%20Santo%20do%20Pinhal%2C%20S%C3%A3o%20Paulo%2C%20Brasil","https://www.google.com/maps/search/?api=1&query=arena%20esportes%20de%20areia%20em%20Esp%C3%ADrito%20Santo%20do%20Pinhal%2C%20S%C3%A3o%20Paulo%2C%20Brasil","https://www.google.com/maps/search/?api=1&query=beach%20sports%20em%20Esp%C3%ADrito%20Santo%20do%20Pinhal%2C%20S%C3%A3o%20Paulo%2C%20Brasil","","",""
"3515194","Espírito Santo do Turvo","Marília","a pesquisar","https://www.google.com/maps/search/?api=1&query=arena%20beach%20tennis%20em%20Esp%C3%ADrito%20Santo%20do%20Turvo%2C%20S%C3%A3o%20Paulo%2C%20Brasil","https://www.google.com/maps/search/?api=1&query=arena%20futev%C3%B4lei%20em%20Esp%C3%ADrito%20Santo%20do%20Turvo%2C%20S%C3%A3o%20Paulo%2C%20Brasil","https://www.google.com/maps/search/?api=1&query=quadra%20v%C3%B4lei%20de%20praia%20em%20Esp%C3%ADrito%20Santo%20do%20Turvo%2C%20S%C3%A3o%20Paulo%2C%20Brasil","https://www.google.com/maps/search/?api=1&query=arena%20esportes%20de%20areia%20em%20Esp%C3%ADrito%20Santo%20do%20Turvo%2C%20S%C3%A3o%20Paulo%2C%20Brasil","https://www.google.com/maps/search/?api=1&query=beach%20sports%20em%20Esp%C3%ADrito%20Santo%20do%20Turvo%2C%20S%C3%A3o%20Paulo%2C%20Brasil","","",""
"3557303","Estiva Gerbi","Campinas","a pesquisar","https://www.google.com/maps/search/?api=1&query=arena%20beach%20tennis%20em%20Estiva%20Gerbi%2C%20S%C3%A3o%20Paulo%2C%20Brasil","https://www.google.com/maps/search/?api=1&query=arena%20futev%C3%B4lei%20em%20Estiva%20Gerbi%2C%20S%C3%A3o%20Paulo%2C%20Brasil","https://www.google.com/maps/search/?api=1&query=quadra%20v%C3%B4lei%20de%20praia%20em%20Estiva%20Gerbi%2C%20S%C3%A3o%20Paulo%2C%20Brasil","https://www.google.com/maps/search/?api=1&query=arena%20esportes%20de%20areia%20em%20Estiva%20Gerbi%2C%20S%C3%A3o%20Paulo%2C%20Brasil","https://www.google.com/maps/search/?api=1&query=beach%20sports%20em%20Estiva%20Gerbi%2C%20S%C3%A3o%20Paulo%2C%20Brasil","","",""
"3515301","Estrela do Norte","Presidente Prudente","a pesquisar","https://www.google.com/maps/search/?api=1&query=arena%20beach%20tennis%20em%20Estrela%20do%20Norte%2C%20S%C3%A3o%20Paulo%2C%20Brasil","https://www.google.com/maps/search/?api=1&query=arena%20futev%C3%B4lei%20em%20Estrela%20do%20Norte%2C%20S%C3%A3o%20Paulo%2C%20Brasil","https://www.google.com/maps/search/?api=1&query=quadra%20v%C3%B4lei%20de%20praia%20em%20Estrela%20do%20Norte%2C%20S%C3%A3o%20Paulo%2C%20Brasil","https://www.google.com/maps/search/?api=1&query=arena%20esportes%20de%20areia%20em%20Estrela%20do%20Norte%2C%20S%C3%A3o%20Paulo%2C%20Brasil","https://www.google.com/maps/search/?api=1&query=beach%20sports%20em%20Estrela%20do%20Norte%2C%20S%C3%A3o%20Paulo%2C%20Brasil","","",""
"3515202","Estrela d'Oeste","São José do Rio Preto","a pesquisar","https://www.google.com/maps/search/?api=1&query=arena%20beach%20tennis%20em%20Estrela%20d'Oeste%2C%20S%C3%A3o%20Paulo%2C%20Brasil","https://www.google.com/maps/search/?api=1&query=arena%20futev%C3%B4lei%20em%20Estrela%20d'Oeste%2C%20S%C3%A3o%20Paulo%2C%20Brasil","https://www.google.com/maps/search/?api=1&query=quadra%20v%C3%B4lei%20de%20praia%20em%20Estrela%20d'Oeste%2C%20S%C3%A3o%20Paulo%2C%20Brasil","https://www.google.com/maps/search/?api=1&query=arena%20esportes%20de%20areia%20em%20Estrela%20d'Oeste%2C%20S%C3%A3o%20Paulo%2C%20Brasil","https://www.google.com/maps/search/?api=1&query=beach%20sports%20em%20Estrela%20d'Oeste%2C%20S%C3%A3o%20Paulo%2C%20Brasil","","",""
"3515350","Euclides da Cunha Paulista","Presidente Prudente","a pesquisar","https://www.google.com/maps/search/?api=1&query=arena%20beach%20tennis%20em%20Euclides%20da%20Cunha%20Paulista%2C%20S%C3%A3o%20Paulo%2C%20Brasil","https://www.google.com/maps/search/?api=1&query=arena%20futev%C3%B4lei%20em%20Euclides%20da%20Cunha%20Paulista%2C%20S%C3%A3o%20Paulo%2C%20Brasil","https://www.google.com/maps/search/?api=1&query=quadra%20v%C3%B4lei%20de%20praia%20em%20Euclides%20da%20Cunha%20Paulista%2C%20S%C3%A3o%20Paulo%2C%20Brasil","https://www.google.com/maps/search/?api=1&query=arena%20esportes%20de%20areia%20em%20Euclides%20da%20Cunha%20Paulista%2C%20S%C3%A3o%20Paulo%2C%20Brasil","https://www.google.com/maps/search/?api=1&query=beach%20sports%20em%20Euclides%20da%20Cunha%20Paulista%2C%20S%C3%A3o%20Paulo%2C%20Brasil","","",""
"3515400","Fartura","Marília","a pesquisar","https://www.google.com/maps/search/?api=1&query=arena%20beach%20tennis%20em%20Fartura%2C%20S%C3%A3o%20Paulo%2C%20Brasil","https://www.google.com/maps/search/?api=1&query=arena%20futev%C3%B4lei%20em%20Fartura%2C%20S%C3%A3o%20Paulo%2C%20Brasil","https://www.google.com/maps/search/?api=1&query=quadra%20v%C3%B4lei%20de%20praia%20em%20Fartura%2C%20S%C3%A3o%20Paulo%2C%20Brasil","https://www.google.com/maps/search/?api=1&query=arena%20esportes%20de%20areia%20em%20Fartura%2C%20S%C3%A3o%20Paulo%2C%20Brasil","https://www.google.com/maps/search/?api=1&query=beach%20sports%20em%20Fartura%2C%20S%C3%A3o%20Paulo%2C%20Brasil","","",""
"3515608","Fernando Prestes","São José do Rio Preto","a pesquisar","https://www.google.com/maps/search/?api=1&query=arena%20beach%20tennis%20em%20Fernando%20Prestes%2C%20S%C3%A3o%20Paulo%2C%20Brasil","https://www.google.com/maps/search/?api=1&query=arena%20futev%C3%B4lei%20em%20Fernando%20Prestes%2C%20S%C3%A3o%20Paulo%2C%20Brasil","https://www.google.com/maps/search/?api=1&query=quadra%20v%C3%B4lei%20de%20praia%20em%20Fernando%20Prestes%2C%20S%C3%A3o%20Paulo%2C%20Brasil","https://www.google.com/maps/search/?api=1&query=arena%20esportes%20de%20areia%20em%20Fernando%20Prestes%2C%20S%C3%A3o%20Paulo%2C%20Brasil","https://www.google.com/maps/search/?api=1&query=beach%20sports%20em%20Fernando%20Prestes%2C%20S%C3%A3o%20Paulo%2C%20Brasil","","",""
"3515509","Fernandópolis","São José do Rio Preto","a pesquisar","https://www.google.com/maps/search/?api=1&query=arena%20beach%20tennis%20em%20Fernand%C3%B3polis%2C%20S%C3%A3o%20Paulo%2C%20Brasil","https://www.google.com/maps/search/?api=1&query=arena%20futev%C3%B4lei%20em%20Fernand%C3%B3polis%2C%20S%C3%A3o%20Paulo%2C%20Brasil","https://www.google.com/maps/search/?api=1&query=quadra%20v%C3%B4lei%20de%20praia%20em%20Fernand%C3%B3polis%2C%20S%C3%A3o%20Paulo%2C%20Brasil","https://www.google.com/maps/search/?api=1&query=arena%20esportes%20de%20areia%20em%20Fernand%C3%B3polis%2C%20S%C3%A3o%20Paulo%2C%20Brasil","https://www.google.com/maps/search/?api=1&query=beach%20sports%20em%20Fernand%C3%B3polis%2C%20S%C3%A3o%20Paulo%2C%20Brasil","","",""
"3515657","Fernão","Marília","a pesquisar","https://www.google.com/maps/search/?api=1&query=arena%20beach%20tennis%20em%20Fern%C3%A3o%2C%20S%C3%A3o%20Paulo%2C%20Brasil","https://www.google.com/maps/search/?api=1&query=arena%20futev%C3%B4lei%20em%20Fern%C3%A3o%2C%20S%C3%A3o%20Paulo%2C%20Brasil","https://www.google.com/maps/search/?api=1&query=quadra%20v%C3%B4lei%20de%20praia%20em%20Fern%C3%A3o%2C%20S%C3%A3o%20Paulo%2C%20Brasil","https://www.google.com/maps/search/?api=1&query=arena%20esportes%20de%20areia%20em%20Fern%C3%A3o%2C%20S%C3%A3o%20Paulo%2C%20Brasil","https://www.google.com/maps/search/?api=1&query=beach%20sports%20em%20Fern%C3%A3o%2C%20S%C3%A3o%20Paulo%2C%20Brasil","","",""
"3515707","Ferraz de Vasconcelos","São Paulo","a pesquisar","https://www.google.com/maps/search/?api=1&query=arena%20beach%20tennis%20em%20Ferraz%20de%20Vasconcelos%2C%20S%C3%A3o%20Paulo%2C%20Brasil","https://www.google.com/maps/search/?api=1&query=arena%20futev%C3%B4lei%20em%20Ferraz%20de%20Vasconcelos%2C%20S%C3%A3o%20Paulo%2C%20Brasil","https://www.google.com/maps/search/?api=1&query=quadra%20v%C3%B4lei%20de%20praia%20em%20Ferraz%20de%20Vasconcelos%2C%20S%C3%A3o%20Paulo%2C%20Brasil","https://www.google.com/maps/search/?api=1&query=arena%20esportes%20de%20areia%20em%20Ferraz%20de%20Vasconcelos%2C%20S%C3%A3o%20Paulo%2C%20Brasil","https://www.google.com/maps/search/?api=1&query=beach%20sports%20em%20Ferraz%20de%20Vasconcelos%2C%20S%C3%A3o%20Paulo%2C%20Brasil","","",""
"3515806","Flora Rica","Presidente Prudente","a pesquisar","https://www.google.com/maps/search/?api=1&query=arena%20beach%20tennis%20em%20Flora%20Rica%2C%20S%C3%A3o%20Paulo%2C%20Brasil","https://www.google.com/maps/search/?api=1&query=arena%20futev%C3%B4lei%20em%20Flora%20Rica%2C%20S%C3%A3o%20Paulo%2C%20Brasil","https://www.google.com/maps/search/?api=1&query=quadra%20v%C3%B4lei%20de%20praia%20em%20Flora%20Rica%2C%20S%C3%A3o%20Paulo%2C%20Brasil","https://www.google.com/maps/search/?api=1&query=arena%20esportes%20de%20areia%20em%20Flora%20Rica%2C%20S%C3%A3o%20Paulo%2C%20Brasil","https://www.google.com/maps/search/?api=1&query=beach%20sports%20em%20Flora%20Rica%2C%20S%C3%A3o%20Paulo%2C%20Brasil","","",""
"3515905","Floreal","São José do Rio Preto","a pesquisar","https://www.google.com/maps/search/?api=1&query=arena%20beach%20tennis%20em%20Floreal%2C%20S%C3%A3o%20Paulo%2C%20Brasil","https://www.google.com/maps/search/?api=1&query=arena%20futev%C3%B4lei%20em%20Floreal%2C%20S%C3%A3o%20Paulo%2C%20Brasil","https://www.google.com/maps/search/?api=1&query=quadra%20v%C3%B4lei%20de%20praia%20em%20Floreal%2C%20S%C3%A3o%20Paulo%2C%20Brasil","https://www.google.com/maps/search/?api=1&query=arena%20esportes%20de%20areia%20em%20Floreal%2C%20S%C3%A3o%20Paulo%2C%20Brasil","https://www.google.com/maps/search/?api=1&query=beach%20sports%20em%20Floreal%2C%20S%C3%A3o%20Paulo%2C%20Brasil","","",""
"3516002","Flórida Paulista","Presidente Prudente","a pesquisar","https://www.google.com/maps/search/?api=1&query=arena%20beach%20tennis%20em%20Fl%C3%B3rida%20Paulista%2C%20S%C3%A3o%20Paulo%2C%20Brasil","https://www.google.com/maps/search/?api=1&query=arena%20futev%C3%B4lei%20em%20Fl%C3%B3rida%20Paulista%2C%20S%C3%A3o%20Paulo%2C%20Brasil","https://www.google.com/maps/search/?api=1&query=quadra%20v%C3%B4lei%20de%20praia%20em%20Fl%C3%B3rida%20Paulista%2C%20S%C3%A3o%20Paulo%2C%20Brasil","https://www.google.com/maps/search/?api=1&query=arena%20esportes%20de%20areia%20em%20Fl%C3%B3rida%20Paulista%2C%20S%C3%A3o%20Paulo%2C%20Brasil","https://www.google.com/maps/search/?api=1&query=beach%20sports%20em%20Fl%C3%B3rida%20Paulista%2C%20S%C3%A3o%20Paulo%2C%20Brasil","","",""
"3516101","Florínea","Marília","a pesquisar","https://www.google.com/maps/search/?api=1&query=arena%20beach%20tennis%20em%20Flor%C3%ADnea%2C%20S%C3%A3o%20Paulo%2C%20Brasil","https://www.google.com/maps/search/?api=1&query=arena%20futev%C3%B4lei%20em%20Flor%C3%ADnea%2C%20S%C3%A3o%20Paulo%2C%20Brasil","https://www.google.com/maps/search/?api=1&query=quadra%20v%C3%B4lei%20de%20praia%20em%20Flor%C3%ADnea%2C%20S%C3%A3o%20Paulo%2C%20Brasil","https://www.google.com/maps/search/?api=1&query=arena%20esportes%20de%20areia%20em%20Flor%C3%ADnea%2C%20S%C3%A3o%20Paulo%2C%20Brasil","https://www.google.com/maps/search/?api=1&query=beach%20sports%20em%20Flor%C3%ADnea%2C%20S%C3%A3o%20Paulo%2C%20Brasil","","",""
"3516200","Franca","Ribeirão Preto","pesquisa pública parcial","https://www.google.com/maps/search/?api=1&query=arena%20beach%20tennis%20em%20Franca%2C%20S%C3%A3o%20Paulo%2C%20Brasil","https://www.google.com/maps/search/?api=1&query=arena%20futev%C3%B4lei%20em%20Franca%2C%20S%C3%A3o%20Paulo%2C%20Brasil","https://www.google.com/maps/search/?api=1&query=quadra%20v%C3%B4lei%20de%20praia%20em%20Franca%2C%20S%C3%A3o%20Paulo%2C%20Brasil","https://www.google.com/maps/search/?api=1&query=arena%20esportes%20de%20areia%20em%20Franca%2C%20S%C3%A3o%20Paulo%2C%20Brasil","https://www.google.com/maps/search/?api=1&query=beach%20sports%20em%20Franca%2C%20S%C3%A3o%20Paulo%2C%20Brasil","2026-09-13","1","Unidades validadas neste lote: 1. Consultas Maps da fila não executadas; cobertura municipal incompleta."
"3516309","Francisco Morato","São Paulo","a pesquisar","https://www.google.com/maps/search/?api=1&query=arena%20beach%20tennis%20em%20Francisco%20Morato%2C%20S%C3%A3o%20Paulo%2C%20Brasil","https://www.google.com/maps/search/?api=1&query=arena%20futev%C3%B4lei%20em%20Francisco%20Morato%2C%20S%C3%A3o%20Paulo%2C%20Brasil","https://www.google.com/maps/search/?api=1&query=quadra%20v%C3%B4lei%20de%20praia%20em%20Francisco%20Morato%2C%20S%C3%A3o%20Paulo%2C%20Brasil","https://www.google.com/maps/search/?api=1&query=arena%20esportes%20de%20areia%20em%20Francisco%20Morato%2C%20S%C3%A3o%20Paulo%2C%20Brasil","https://www.google.com/maps/search/?api=1&query=beach%20sports%20em%20Francisco%20Morato%2C%20S%C3%A3o%20Paulo%2C%20Brasil","","",""
"3516408","Franco da Rocha","São Paulo","a pesquisar","https://www.google.com/maps/search/?api=1&query=arena%20beach%20tennis%20em%20Franco%20da%20Rocha%2C%20S%C3%A3o%20Paulo%2C%20Brasil","https://www.google.com/maps/search/?api=1&query=arena%20futev%C3%B4lei%20em%20Franco%20da%20Rocha%2C%20S%C3%A3o%20Paulo%2C%20Brasil","https://www.google.com/maps/search/?api=1&query=quadra%20v%C3%B4lei%20de%20praia%20em%20Franco%20da%20Rocha%2C%20S%C3%A3o%20Paulo%2C%20Brasil","https://www.google.com/maps/search/?api=1&query=arena%20esportes%20de%20areia%20em%20Franco%20da%20Rocha%2C%20S%C3%A3o%20Paulo%2C%20Brasil","https://www.google.com/maps/search/?api=1&query=beach%20sports%20em%20Franco%20da%20Rocha%2C%20S%C3%A3o%20Paulo%2C%20Brasil","","",""
"3516507","Gabriel Monteiro","Araçatuba","a pesquisar","https://www.google.com/maps/search/?api=1&query=arena%20beach%20tennis%20em%20Gabriel%20Monteiro%2C%20S%C3%A3o%20Paulo%2C%20Brasil","https://www.google.com/maps/search/?api=1&query=arena%20futev%C3%B4lei%20em%20Gabriel%20Monteiro%2C%20S%C3%A3o%20Paulo%2C%20Brasil","https://www.google.com/maps/search/?api=1&query=quadra%20v%C3%B4lei%20de%20praia%20em%20Gabriel%20Monteiro%2C%20S%C3%A3o%20Paulo%2C%20Brasil","https://www.google.com/maps/search/?api=1&query=arena%20esportes%20de%20areia%20em%20Gabriel%20Monteiro%2C%20S%C3%A3o%20Paulo%2C%20Brasil","https://www.google.com/maps/search/?api=1&query=beach%20sports%20em%20Gabriel%20Monteiro%2C%20S%C3%A3o%20Paulo%2C%20Brasil","","",""
"3516606","Gália","Marília","a pesquisar","https://www.google.com/maps/search/?api=1&query=arena%20beach%20tennis%20em%20G%C3%A1lia%2C%20S%C3%A3o%20Paulo%2C%20Brasil","https://www.google.com/maps/search/?api=1&query=arena%20futev%C3%B4lei%20em%20G%C3%A1lia%2C%20S%C3%A3o%20Paulo%2C%20Brasil","https://www.google.com/maps/search/?api=1&query=quadra%20v%C3%B4lei%20de%20praia%20em%20G%C3%A1lia%2C%20S%C3%A3o%20Paulo%2C%20Brasil","https://www.google.com/maps/search/?api=1&query=arena%20esportes%20de%20areia%20em%20G%C3%A1lia%2C%20S%C3%A3o%20Paulo%2C%20Brasil","https://www.google.com/maps/search/?api=1&query=beach%20sports%20em%20G%C3%A1lia%2C%20S%C3%A3o%20Paulo%2C%20Brasil","","",""
"3516705","Garça","Marília","a pesquisar","https://www.google.com/maps/search/?api=1&query=arena%20beach%20tennis%20em%20Gar%C3%A7a%2C%20S%C3%A3o%20Paulo%2C%20Brasil","https://www.google.com/maps/search/?api=1&query=arena%20futev%C3%B4lei%20em%20Gar%C3%A7a%2C%20S%C3%A3o%20Paulo%2C%20Brasil","https://www.google.com/maps/search/?api=1&query=quadra%20v%C3%B4lei%20de%20praia%20em%20Gar%C3%A7a%2C%20S%C3%A3o%20Paulo%2C%20Brasil","https://www.google.com/maps/search/?api=1&query=arena%20esportes%20de%20areia%20em%20Gar%C3%A7a%2C%20S%C3%A3o%20Paulo%2C%20Brasil","https://www.google.com/maps/search/?api=1&query=beach%20sports%20em%20Gar%C3%A7a%2C%20S%C3%A3o%20Paulo%2C%20Brasil","","",""
"3516804","Gastão Vidigal","Araçatuba","a pesquisar","https://www.google.com/maps/search/?api=1&query=arena%20beach%20tennis%20em%20Gast%C3%A3o%20Vidigal%2C%20S%C3%A3o%20Paulo%2C%20Brasil","https://www.google.com/maps/search/?api=1&query=arena%20futev%C3%B4lei%20em%20Gast%C3%A3o%20Vidigal%2C%20S%C3%A3o%20Paulo%2C%20Brasil","https://www.google.com/maps/search/?api=1&query=quadra%20v%C3%B4lei%20de%20praia%20em%20Gast%C3%A3o%20Vidigal%2C%20S%C3%A3o%20Paulo%2C%20Brasil","https://www.google.com/maps/search/?api=1&query=arena%20esportes%20de%20areia%20em%20Gast%C3%A3o%20Vidigal%2C%20S%C3%A3o%20Paulo%2C%20Brasil","https://www.google.com/maps/search/?api=1&query=beach%20sports%20em%20Gast%C3%A3o%20Vidigal%2C%20S%C3%A3o%20Paulo%2C%20Brasil","","",""
"3516853","Gavião Peixoto","Araraquara","a pesquisar","https://www.google.com/maps/search/?api=1&query=arena%20beach%20tennis%20em%20Gavi%C3%A3o%20Peixoto%2C%20S%C3%A3o%20Paulo%2C%20Brasil","https://www.google.com/maps/search/?api=1&query=arena%20futev%C3%B4lei%20em%20Gavi%C3%A3o%20Peixoto%2C%20S%C3%A3o%20Paulo%2C%20Brasil","https://www.google.com/maps/search/?api=1&query=quadra%20v%C3%B4lei%20de%20praia%20em%20Gavi%C3%A3o%20Peixoto%2C%20S%C3%A3o%20Paulo%2C%20Brasil","https://www.google.com/maps/search/?api=1&query=arena%20esportes%20de%20areia%20em%20Gavi%C3%A3o%20Peixoto%2C%20S%C3%A3o%20Paulo%2C%20Brasil","https://www.google.com/maps/search/?api=1&query=beach%20sports%20em%20Gavi%C3%A3o%20Peixoto%2C%20S%C3%A3o%20Paulo%2C%20Brasil","","",""
"3516903","General Salgado","Araçatuba","a pesquisar","https://www.google.com/maps/search/?api=1&query=arena%20beach%20tennis%20em%20General%20Salgado%2C%20S%C3%A3o%20Paulo%2C%20Brasil","https://www.google.com/maps/search/?api=1&query=arena%20futev%C3%B4lei%20em%20General%20Salgado%2C%20S%C3%A3o%20Paulo%2C%20Brasil","https://www.google.com/maps/search/?api=1&query=quadra%20v%C3%B4lei%20de%20praia%20em%20General%20Salgado%2C%20S%C3%A3o%20Paulo%2C%20Brasil","https://www.google.com/maps/search/?api=1&query=arena%20esportes%20de%20areia%20em%20General%20Salgado%2C%20S%C3%A3o%20Paulo%2C%20Brasil","https://www.google.com/maps/search/?api=1&query=beach%20sports%20em%20General%20Salgado%2C%20S%C3%A3o%20Paulo%2C%20Brasil","","",""
"3517000","Getulina","Marília","a pesquisar","https://www.google.com/maps/search/?api=1&query=arena%20beach%20tennis%20em%20Getulina%2C%20S%C3%A3o%20Paulo%2C%20Brasil","https://www.google.com/maps/search/?api=1&query=arena%20futev%C3%B4lei%20em%20Getulina%2C%20S%C3%A3o%20Paulo%2C%20Brasil","https://www.google.com/maps/search/?api=1&query=quadra%20v%C3%B4lei%20de%20praia%20em%20Getulina%2C%20S%C3%A3o%20Paulo%2C%20Brasil","https://www.google.com/maps/search/?api=1&query=arena%20esportes%20de%20areia%20em%20Getulina%2C%20S%C3%A3o%20Paulo%2C%20Brasil","https://www.google.com/maps/search/?api=1&query=beach%20sports%20em%20Getulina%2C%20S%C3%A3o%20Paulo%2C%20Brasil","","",""
"3517109","Glicério","Araçatuba","a pesquisar","https://www.google.com/maps/search/?api=1&query=arena%20beach%20tennis%20em%20Glic%C3%A9rio%2C%20S%C3%A3o%20Paulo%2C%20Brasil","https://www.google.com/maps/search/?api=1&query=arena%20futev%C3%B4lei%20em%20Glic%C3%A9rio%2C%20S%C3%A3o%20Paulo%2C%20Brasil","https://www.google.com/maps/search/?api=1&query=quadra%20v%C3%B4lei%20de%20praia%20em%20Glic%C3%A9rio%2C%20S%C3%A3o%20Paulo%2C%20Brasil","https://www.google.com/maps/search/?api=1&query=arena%20esportes%20de%20areia%20em%20Glic%C3%A9rio%2C%20S%C3%A3o%20Paulo%2C%20Brasil","https://www.google.com/maps/search/?api=1&query=beach%20sports%20em%20Glic%C3%A9rio%2C%20S%C3%A3o%20Paulo%2C%20Brasil","","",""
"3517208","Guaiçara","Bauru","a pesquisar","https://www.google.com/maps/search/?api=1&query=arena%20beach%20tennis%20em%20Guai%C3%A7ara%2C%20S%C3%A3o%20Paulo%2C%20Brasil","https://www.google.com/maps/search/?api=1&query=arena%20futev%C3%B4lei%20em%20Guai%C3%A7ara%2C%20S%C3%A3o%20Paulo%2C%20Brasil","https://www.google.com/maps/search/?api=1&query=quadra%20v%C3%B4lei%20de%20praia%20em%20Guai%C3%A7ara%2C%20S%C3%A3o%20Paulo%2C%20Brasil","https://www.google.com/maps/search/?api=1&query=arena%20esportes%20de%20areia%20em%20Guai%C3%A7ara%2C%20S%C3%A3o%20Paulo%2C%20Brasil","https://www.google.com/maps/search/?api=1&query=beach%20sports%20em%20Guai%C3%A7ara%2C%20S%C3%A3o%20Paulo%2C%20Brasil","","",""
"3517307","Guaimbê","Marília","a pesquisar","https://www.google.com/maps/search/?api=1&query=arena%20beach%20tennis%20em%20Guaimb%C3%AA%2C%20S%C3%A3o%20Paulo%2C%20Brasil","https://www.google.com/maps/search/?api=1&query=arena%20futev%C3%B4lei%20em%20Guaimb%C3%AA%2C%20S%C3%A3o%20Paulo%2C%20Brasil","https://www.google.com/maps/search/?api=1&query=quadra%20v%C3%B4lei%20de%20praia%20em%20Guaimb%C3%AA%2C%20S%C3%A3o%20Paulo%2C%20Brasil","https://www.google.com/maps/search/?api=1&query=arena%20esportes%20de%20areia%20em%20Guaimb%C3%AA%2C%20S%C3%A3o%20Paulo%2C%20Brasil","https://www.google.com/maps/search/?api=1&query=beach%20sports%20em%20Guaimb%C3%AA%2C%20S%C3%A3o%20Paulo%2C%20Brasil","","",""
"3517406","Guaíra","Ribeirão Preto","a pesquisar","https://www.google.com/maps/search/?api=1&query=arena%20beach%20tennis%20em%20Gua%C3%ADra%2C%20S%C3%A3o%20Paulo%2C%20Brasil","https://www.google.com/maps/search/?api=1&query=arena%20futev%C3%B4lei%20em%20Gua%C3%ADra%2C%20S%C3%A3o%20Paulo%2C%20Brasil","https://www.google.com/maps/search/?api=1&query=quadra%20v%C3%B4lei%20de%20praia%20em%20Gua%C3%ADra%2C%20S%C3%A3o%20Paulo%2C%20Brasil","https://www.google.com/maps/search/?api=1&query=arena%20esportes%20de%20areia%20em%20Gua%C3%ADra%2C%20S%C3%A3o%20Paulo%2C%20Brasil","https://www.google.com/maps/search/?api=1&query=beach%20sports%20em%20Gua%C3%ADra%2C%20S%C3%A3o%20Paulo%2C%20Brasil","","",""
"3517505","Guapiaçu","São José do Rio Preto","a pesquisar","https://www.google.com/maps/search/?api=1&query=arena%20beach%20tennis%20em%20Guapia%C3%A7u%2C%20S%C3%A3o%20Paulo%2C%20Brasil","https://www.google.com/maps/search/?api=1&query=arena%20futev%C3%B4lei%20em%20Guapia%C3%A7u%2C%20S%C3%A3o%20Paulo%2C%20Brasil","https://www.google.com/maps/search/?api=1&query=quadra%20v%C3%B4lei%20de%20praia%20em%20Guapia%C3%A7u%2C%20S%C3%A3o%20Paulo%2C%20Brasil","https://www.google.com/maps/search/?api=1&query=arena%20esportes%20de%20areia%20em%20Guapia%C3%A7u%2C%20S%C3%A3o%20Paulo%2C%20Brasil","https://www.google.com/maps/search/?api=1&query=beach%20sports%20em%20Guapia%C3%A7u%2C%20S%C3%A3o%20Paulo%2C%20Brasil","","",""
"3517604","Guapiara","Sorocaba","a pesquisar","https://www.google.com/maps/search/?api=1&query=arena%20beach%20tennis%20em%20Guapiara%2C%20S%C3%A3o%20Paulo%2C%20Brasil","https://www.google.com/maps/search/?api=1&query=arena%20futev%C3%B4lei%20em%20Guapiara%2C%20S%C3%A3o%20Paulo%2C%20Brasil","https://www.google.com/maps/search/?api=1&query=quadra%20v%C3%B4lei%20de%20praia%20em%20Guapiara%2C%20S%C3%A3o%20Paulo%2C%20Brasil","https://www.google.com/maps/search/?api=1&query=arena%20esportes%20de%20areia%20em%20Guapiara%2C%20S%C3%A3o%20Paulo%2C%20Brasil","https://www.google.com/maps/search/?api=1&query=beach%20sports%20em%20Guapiara%2C%20S%C3%A3o%20Paulo%2C%20Brasil","","",""
"3517703","Guará","Ribeirão Preto","a pesquisar","https://www.google.com/maps/search/?api=1&query=arena%20beach%20tennis%20em%20Guar%C3%A1%2C%20S%C3%A3o%20Paulo%2C%20Brasil","https://www.google.com/maps/search/?api=1&query=arena%20futev%C3%B4lei%20em%20Guar%C3%A1%2C%20S%C3%A3o%20Paulo%2C%20Brasil","https://www.google.com/maps/search/?api=1&query=quadra%20v%C3%B4lei%20de%20praia%20em%20Guar%C3%A1%2C%20S%C3%A3o%20Paulo%2C%20Brasil","https://www.google.com/maps/search/?api=1&query=arena%20esportes%20de%20areia%20em%20Guar%C3%A1%2C%20S%C3%A3o%20Paulo%2C%20Brasil","https://www.google.com/maps/search/?api=1&query=beach%20sports%20em%20Guar%C3%A1%2C%20S%C3%A3o%20Paulo%2C%20Brasil","","",""
"3517802","Guaraçaí","Araçatuba","a pesquisar","https://www.google.com/maps/search/?api=1&query=arena%20beach%20tennis%20em%20Guara%C3%A7a%C3%AD%2C%20S%C3%A3o%20Paulo%2C%20Brasil","https://www.google.com/maps/search/?api=1&query=arena%20futev%C3%B4lei%20em%20Guara%C3%A7a%C3%AD%2C%20S%C3%A3o%20Paulo%2C%20Brasil","https://www.google.com/maps/search/?api=1&query=quadra%20v%C3%B4lei%20de%20praia%20em%20Guara%C3%A7a%C3%AD%2C%20S%C3%A3o%20Paulo%2C%20Brasil","https://www.google.com/maps/search/?api=1&query=arena%20esportes%20de%20areia%20em%20Guara%C3%A7a%C3%AD%2C%20S%C3%A3o%20Paulo%2C%20Brasil","https://www.google.com/maps/search/?api=1&query=beach%20sports%20em%20Guara%C3%A7a%C3%AD%2C%20S%C3%A3o%20Paulo%2C%20Brasil","","",""
"3517901","Guaraci","Ribeirão Preto","a pesquisar","https://www.google.com/maps/search/?api=1&query=arena%20beach%20tennis%20em%20Guaraci%2C%20S%C3%A3o%20Paulo%2C%20Brasil","https://www.google.com/maps/search/?api=1&query=arena%20futev%C3%B4lei%20em%20Guaraci%2C%20S%C3%A3o%20Paulo%2C%20Brasil","https://www.google.com/maps/search/?api=1&query=quadra%20v%C3%B4lei%20de%20praia%20em%20Guaraci%2C%20S%C3%A3o%20Paulo%2C%20Brasil","https://www.google.com/maps/search/?api=1&query=arena%20esportes%20de%20areia%20em%20Guaraci%2C%20S%C3%A3o%20Paulo%2C%20Brasil","https://www.google.com/maps/search/?api=1&query=beach%20sports%20em%20Guaraci%2C%20S%C3%A3o%20Paulo%2C%20Brasil","","",""
"3518008","Guarani d'Oeste","São José do Rio Preto","a pesquisar","https://www.google.com/maps/search/?api=1&query=arena%20beach%20tennis%20em%20Guarani%20d'Oeste%2C%20S%C3%A3o%20Paulo%2C%20Brasil","https://www.google.com/maps/search/?api=1&query=arena%20futev%C3%B4lei%20em%20Guarani%20d'Oeste%2C%20S%C3%A3o%20Paulo%2C%20Brasil","https://www.google.com/maps/search/?api=1&query=quadra%20v%C3%B4lei%20de%20praia%20em%20Guarani%20d'Oeste%2C%20S%C3%A3o%20Paulo%2C%20Brasil","https://www.google.com/maps/search/?api=1&query=arena%20esportes%20de%20areia%20em%20Guarani%20d'Oeste%2C%20S%C3%A3o%20Paulo%2C%20Brasil","https://www.google.com/maps/search/?api=1&query=beach%20sports%20em%20Guarani%20d'Oeste%2C%20S%C3%A3o%20Paulo%2C%20Brasil","","",""
"3518107","Guarantã","Bauru","a pesquisar","https://www.google.com/maps/search/?api=1&query=arena%20beach%20tennis%20em%20Guarant%C3%A3%2C%20S%C3%A3o%20Paulo%2C%20Brasil","https://www.google.com/maps/search/?api=1&query=arena%20futev%C3%B4lei%20em%20Guarant%C3%A3%2C%20S%C3%A3o%20Paulo%2C%20Brasil","https://www.google.com/maps/search/?api=1&query=quadra%20v%C3%B4lei%20de%20praia%20em%20Guarant%C3%A3%2C%20S%C3%A3o%20Paulo%2C%20Brasil","https://www.google.com/maps/search/?api=1&query=arena%20esportes%20de%20areia%20em%20Guarant%C3%A3%2C%20S%C3%A3o%20Paulo%2C%20Brasil","https://www.google.com/maps/search/?api=1&query=beach%20sports%20em%20Guarant%C3%A3%2C%20S%C3%A3o%20Paulo%2C%20Brasil","","",""
"3518206","Guararapes","Araçatuba","a pesquisar","https://www.google.com/maps/search/?api=1&query=arena%20beach%20tennis%20em%20Guararapes%2C%20S%C3%A3o%20Paulo%2C%20Brasil","https://www.google.com/maps/search/?api=1&query=arena%20futev%C3%B4lei%20em%20Guararapes%2C%20S%C3%A3o%20Paulo%2C%20Brasil","https://www.google.com/maps/search/?api=1&query=quadra%20v%C3%B4lei%20de%20praia%20em%20Guararapes%2C%20S%C3%A3o%20Paulo%2C%20Brasil","https://www.google.com/maps/search/?api=1&query=arena%20esportes%20de%20areia%20em%20Guararapes%2C%20S%C3%A3o%20Paulo%2C%20Brasil","https://www.google.com/maps/search/?api=1&query=beach%20sports%20em%20Guararapes%2C%20S%C3%A3o%20Paulo%2C%20Brasil","","",""
"3518305","Guararema","São Paulo","a pesquisar","https://www.google.com/maps/search/?api=1&query=arena%20beach%20tennis%20em%20Guararema%2C%20S%C3%A3o%20Paulo%2C%20Brasil","https://www.google.com/maps/search/?api=1&query=arena%20futev%C3%B4lei%20em%20Guararema%2C%20S%C3%A3o%20Paulo%2C%20Brasil","https://www.google.com/maps/search/?api=1&query=quadra%20v%C3%B4lei%20de%20praia%20em%20Guararema%2C%20S%C3%A3o%20Paulo%2C%20Brasil","https://www.google.com/maps/search/?api=1&query=arena%20esportes%20de%20areia%20em%20Guararema%2C%20S%C3%A3o%20Paulo%2C%20Brasil","https://www.google.com/maps/search/?api=1&query=beach%20sports%20em%20Guararema%2C%20S%C3%A3o%20Paulo%2C%20Brasil","","",""
"3518404","Guaratinguetá","São José dos Campos","a pesquisar","https://www.google.com/maps/search/?api=1&query=arena%20beach%20tennis%20em%20Guaratinguet%C3%A1%2C%20S%C3%A3o%20Paulo%2C%20Brasil","https://www.google.com/maps/search/?api=1&query=arena%20futev%C3%B4lei%20em%20Guaratinguet%C3%A1%2C%20S%C3%A3o%20Paulo%2C%20Brasil","https://www.google.com/maps/search/?api=1&query=quadra%20v%C3%B4lei%20de%20praia%20em%20Guaratinguet%C3%A1%2C%20S%C3%A3o%20Paulo%2C%20Brasil","https://www.google.com/maps/search/?api=1&query=arena%20esportes%20de%20areia%20em%20Guaratinguet%C3%A1%2C%20S%C3%A3o%20Paulo%2C%20Brasil","https://www.google.com/maps/search/?api=1&query=beach%20sports%20em%20Guaratinguet%C3%A1%2C%20S%C3%A3o%20Paulo%2C%20Brasil","","",""
"3518503","Guareí","Sorocaba","a pesquisar","https://www.google.com/maps/search/?api=1&query=arena%20beach%20tennis%20em%20Guare%C3%AD%2C%20S%C3%A3o%20Paulo%2C%20Brasil","https://www.google.com/maps/search/?api=1&query=arena%20futev%C3%B4lei%20em%20Guare%C3%AD%2C%20S%C3%A3o%20Paulo%2C%20Brasil","https://www.google.com/maps/search/?api=1&query=quadra%20v%C3%B4lei%20de%20praia%20em%20Guare%C3%AD%2C%20S%C3%A3o%20Paulo%2C%20Brasil","https://www.google.com/maps/search/?api=1&query=arena%20esportes%20de%20areia%20em%20Guare%C3%AD%2C%20S%C3%A3o%20Paulo%2C%20Brasil","https://www.google.com/maps/search/?api=1&query=beach%20sports%20em%20Guare%C3%AD%2C%20S%C3%A3o%20Paulo%2C%20Brasil","","",""
"3518602","Guariba","Ribeirão Preto","a pesquisar","https://www.google.com/maps/search/?api=1&query=arena%20beach%20tennis%20em%20Guariba%2C%20S%C3%A3o%20Paulo%2C%20Brasil","https://www.google.com/maps/search/?api=1&query=arena%20futev%C3%B4lei%20em%20Guariba%2C%20S%C3%A3o%20Paulo%2C%20Brasil","https://www.google.com/maps/search/?api=1&query=quadra%20v%C3%B4lei%20de%20praia%20em%20Guariba%2C%20S%C3%A3o%20Paulo%2C%20Brasil","https://www.google.com/maps/search/?api=1&query=arena%20esportes%20de%20areia%20em%20Guariba%2C%20S%C3%A3o%20Paulo%2C%20Brasil","https://www.google.com/maps/search/?api=1&query=beach%20sports%20em%20Guariba%2C%20S%C3%A3o%20Paulo%2C%20Brasil","","",""
"3518701","Guarujá","São Paulo","pesquisa pública parcial","https://www.google.com/maps/search/?api=1&query=arena%20beach%20tennis%20em%20Guaruj%C3%A1%2C%20S%C3%A3o%20Paulo%2C%20Brasil","https://www.google.com/maps/search/?api=1&query=arena%20futev%C3%B4lei%20em%20Guaruj%C3%A1%2C%20S%C3%A3o%20Paulo%2C%20Brasil","https://www.google.com/maps/search/?api=1&query=quadra%20v%C3%B4lei%20de%20praia%20em%20Guaruj%C3%A1%2C%20S%C3%A3o%20Paulo%2C%20Brasil","https://www.google.com/maps/search/?api=1&query=arena%20esportes%20de%20areia%20em%20Guaruj%C3%A1%2C%20S%C3%A3o%20Paulo%2C%20Brasil","https://www.google.com/maps/search/?api=1&query=beach%20sports%20em%20Guaruj%C3%A1%2C%20S%C3%A3o%20Paulo%2C%20Brasil","2026-09-13","1","Unidades validadas neste lote: 1. Consultas Maps da fila não executadas; cobertura municipal incompleta."
"3518800","Guarulhos","São Paulo","pesquisa pública parcial","https://www.google.com/maps/search/?api=1&query=arena%20beach%20tennis%20em%20Guarulhos%2C%20S%C3%A3o%20Paulo%2C%20Brasil","https://www.google.com/maps/search/?api=1&query=arena%20futev%C3%B4lei%20em%20Guarulhos%2C%20S%C3%A3o%20Paulo%2C%20Brasil","https://www.google.com/maps/search/?api=1&query=quadra%20v%C3%B4lei%20de%20praia%20em%20Guarulhos%2C%20S%C3%A3o%20Paulo%2C%20Brasil","https://www.google.com/maps/search/?api=1&query=arena%20esportes%20de%20areia%20em%20Guarulhos%2C%20S%C3%A3o%20Paulo%2C%20Brasil","https://www.google.com/maps/search/?api=1&query=beach%20sports%20em%20Guarulhos%2C%20S%C3%A3o%20Paulo%2C%20Brasil","2026-09-13","1","Unidades validadas neste lote: 1. Consultas Maps da fila não executadas; cobertura municipal incompleta."
"3518859","Guatapará","Ribeirão Preto","a pesquisar","https://www.google.com/maps/search/?api=1&query=arena%20beach%20tennis%20em%20Guatapar%C3%A1%2C%20S%C3%A3o%20Paulo%2C%20Brasil","https://www.google.com/maps/search/?api=1&query=arena%20futev%C3%B4lei%20em%20Guatapar%C3%A1%2C%20S%C3%A3o%20Paulo%2C%20Brasil","https://www.google.com/maps/search/?api=1&query=quadra%20v%C3%B4lei%20de%20praia%20em%20Guatapar%C3%A1%2C%20S%C3%A3o%20Paulo%2C%20Brasil","https://www.google.com/maps/search/?api=1&query=arena%20esportes%20de%20areia%20em%20Guatapar%C3%A1%2C%20S%C3%A3o%20Paulo%2C%20Brasil","https://www.google.com/maps/search/?api=1&query=beach%20sports%20em%20Guatapar%C3%A1%2C%20S%C3%A3o%20Paulo%2C%20Brasil","","",""
"3518909","Guzolândia","Araçatuba","a pesquisar","https://www.google.com/maps/search/?api=1&query=arena%20beach%20tennis%20em%20Guzol%C3%A2ndia%2C%20S%C3%A3o%20Paulo%2C%20Brasil","https://www.google.com/maps/search/?api=1&query=arena%20futev%C3%B4lei%20em%20Guzol%C3%A2ndia%2C%20S%C3%A3o%20Paulo%2C%20Brasil","https://www.google.com/maps/search/?api=1&query=quadra%20v%C3%B4lei%20de%20praia%20em%20Guzol%C3%A2ndia%2C%20S%C3%A3o%20Paulo%2C%20Brasil","https://www.google.com/maps/search/?api=1&query=arena%20esportes%20de%20areia%20em%20Guzol%C3%A2ndia%2C%20S%C3%A3o%20Paulo%2C%20Brasil","https://www.google.com/maps/search/?api=1&query=beach%20sports%20em%20Guzol%C3%A2ndia%2C%20S%C3%A3o%20Paulo%2C%20Brasil","","",""
"3519006","Herculândia","Marília","a pesquisar","https://www.google.com/maps/search/?api=1&query=arena%20beach%20tennis%20em%20Hercul%C3%A2ndia%2C%20S%C3%A3o%20Paulo%2C%20Brasil","https://www.google.com/maps/search/?api=1&query=arena%20futev%C3%B4lei%20em%20Hercul%C3%A2ndia%2C%20S%C3%A3o%20Paulo%2C%20Brasil","https://www.google.com/maps/search/?api=1&query=quadra%20v%C3%B4lei%20de%20praia%20em%20Hercul%C3%A2ndia%2C%20S%C3%A3o%20Paulo%2C%20Brasil","https://www.google.com/maps/search/?api=1&query=arena%20esportes%20de%20areia%20em%20Hercul%C3%A2ndia%2C%20S%C3%A3o%20Paulo%2C%20Brasil","https://www.google.com/maps/search/?api=1&query=beach%20sports%20em%20Hercul%C3%A2ndia%2C%20S%C3%A3o%20Paulo%2C%20Brasil","","",""
"3519055","Holambra","Campinas","a pesquisar","https://www.google.com/maps/search/?api=1&query=arena%20beach%20tennis%20em%20Holambra%2C%20S%C3%A3o%20Paulo%2C%20Brasil","https://www.google.com/maps/search/?api=1&query=arena%20futev%C3%B4lei%20em%20Holambra%2C%20S%C3%A3o%20Paulo%2C%20Brasil","https://www.google.com/maps/search/?api=1&query=quadra%20v%C3%B4lei%20de%20praia%20em%20Holambra%2C%20S%C3%A3o%20Paulo%2C%20Brasil","https://www.google.com/maps/search/?api=1&query=arena%20esportes%20de%20areia%20em%20Holambra%2C%20S%C3%A3o%20Paulo%2C%20Brasil","https://www.google.com/maps/search/?api=1&query=beach%20sports%20em%20Holambra%2C%20S%C3%A3o%20Paulo%2C%20Brasil","","",""
"3519071","Hortolândia","Campinas","a pesquisar","https://www.google.com/maps/search/?api=1&query=arena%20beach%20tennis%20em%20Hortol%C3%A2ndia%2C%20S%C3%A3o%20Paulo%2C%20Brasil","https://www.google.com/maps/search/?api=1&query=arena%20futev%C3%B4lei%20em%20Hortol%C3%A2ndia%2C%20S%C3%A3o%20Paulo%2C%20Brasil","https://www.google.com/maps/search/?api=1&query=quadra%20v%C3%B4lei%20de%20praia%20em%20Hortol%C3%A2ndia%2C%20S%C3%A3o%20Paulo%2C%20Brasil","https://www.google.com/maps/search/?api=1&query=arena%20esportes%20de%20areia%20em%20Hortol%C3%A2ndia%2C%20S%C3%A3o%20Paulo%2C%20Brasil","https://www.google.com/maps/search/?api=1&query=beach%20sports%20em%20Hortol%C3%A2ndia%2C%20S%C3%A3o%20Paulo%2C%20Brasil","","",""
"3519105","Iacanga","Bauru","a pesquisar","https://www.google.com/maps/search/?api=1&query=arena%20beach%20tennis%20em%20Iacanga%2C%20S%C3%A3o%20Paulo%2C%20Brasil","https://www.google.com/maps/search/?api=1&query=arena%20futev%C3%B4lei%20em%20Iacanga%2C%20S%C3%A3o%20Paulo%2C%20Brasil","https://www.google.com/maps/search/?api=1&query=quadra%20v%C3%B4lei%20de%20praia%20em%20Iacanga%2C%20S%C3%A3o%20Paulo%2C%20Brasil","https://www.google.com/maps/search/?api=1&query=arena%20esportes%20de%20areia%20em%20Iacanga%2C%20S%C3%A3o%20Paulo%2C%20Brasil","https://www.google.com/maps/search/?api=1&query=beach%20sports%20em%20Iacanga%2C%20S%C3%A3o%20Paulo%2C%20Brasil","","",""
"3519204","Iacri","Marília","a pesquisar","https://www.google.com/maps/search/?api=1&query=arena%20beach%20tennis%20em%20Iacri%2C%20S%C3%A3o%20Paulo%2C%20Brasil","https://www.google.com/maps/search/?api=1&query=arena%20futev%C3%B4lei%20em%20Iacri%2C%20S%C3%A3o%20Paulo%2C%20Brasil","https://www.google.com/maps/search/?api=1&query=quadra%20v%C3%B4lei%20de%20praia%20em%20Iacri%2C%20S%C3%A3o%20Paulo%2C%20Brasil","https://www.google.com/maps/search/?api=1&query=arena%20esportes%20de%20areia%20em%20Iacri%2C%20S%C3%A3o%20Paulo%2C%20Brasil","https://www.google.com/maps/search/?api=1&query=beach%20sports%20em%20Iacri%2C%20S%C3%A3o%20Paulo%2C%20Brasil","","",""
"3519253","Iaras","Sorocaba","a pesquisar","https://www.google.com/maps/search/?api=1&query=arena%20beach%20tennis%20em%20Iaras%2C%20S%C3%A3o%20Paulo%2C%20Brasil","https://www.google.com/maps/search/?api=1&query=arena%20futev%C3%B4lei%20em%20Iaras%2C%20S%C3%A3o%20Paulo%2C%20Brasil","https://www.google.com/maps/search/?api=1&query=quadra%20v%C3%B4lei%20de%20praia%20em%20Iaras%2C%20S%C3%A3o%20Paulo%2C%20Brasil","https://www.google.com/maps/search/?api=1&query=arena%20esportes%20de%20areia%20em%20Iaras%2C%20S%C3%A3o%20Paulo%2C%20Brasil","https://www.google.com/maps/search/?api=1&query=beach%20sports%20em%20Iaras%2C%20S%C3%A3o%20Paulo%2C%20Brasil","","",""
"3519303","Ibaté","Araraquara","a pesquisar","https://www.google.com/maps/search/?api=1&query=arena%20beach%20tennis%20em%20Ibat%C3%A9%2C%20S%C3%A3o%20Paulo%2C%20Brasil","https://www.google.com/maps/search/?api=1&query=arena%20futev%C3%B4lei%20em%20Ibat%C3%A9%2C%20S%C3%A3o%20Paulo%2C%20Brasil","https://www.google.com/maps/search/?api=1&query=quadra%20v%C3%B4lei%20de%20praia%20em%20Ibat%C3%A9%2C%20S%C3%A3o%20Paulo%2C%20Brasil","https://www.google.com/maps/search/?api=1&query=arena%20esportes%20de%20areia%20em%20Ibat%C3%A9%2C%20S%C3%A3o%20Paulo%2C%20Brasil","https://www.google.com/maps/search/?api=1&query=beach%20sports%20em%20Ibat%C3%A9%2C%20S%C3%A3o%20Paulo%2C%20Brasil","","",""
"3519402","Ibirá","São José do Rio Preto","a pesquisar","https://www.google.com/maps/search/?api=1&query=arena%20beach%20tennis%20em%20Ibir%C3%A1%2C%20S%C3%A3o%20Paulo%2C%20Brasil","https://www.google.com/maps/search/?api=1&query=arena%20futev%C3%B4lei%20em%20Ibir%C3%A1%2C%20S%C3%A3o%20Paulo%2C%20Brasil","https://www.google.com/maps/search/?api=1&query=quadra%20v%C3%B4lei%20de%20praia%20em%20Ibir%C3%A1%2C%20S%C3%A3o%20Paulo%2C%20Brasil","https://www.google.com/maps/search/?api=1&query=arena%20esportes%20de%20areia%20em%20Ibir%C3%A1%2C%20S%C3%A3o%20Paulo%2C%20Brasil","https://www.google.com/maps/search/?api=1&query=beach%20sports%20em%20Ibir%C3%A1%2C%20S%C3%A3o%20Paulo%2C%20Brasil","","",""
"3519501","Ibirarema","Marília","a pesquisar","https://www.google.com/maps/search/?api=1&query=arena%20beach%20tennis%20em%20Ibirarema%2C%20S%C3%A3o%20Paulo%2C%20Brasil","https://www.google.com/maps/search/?api=1&query=arena%20futev%C3%B4lei%20em%20Ibirarema%2C%20S%C3%A3o%20Paulo%2C%20Brasil","https://www.google.com/maps/search/?api=1&query=quadra%20v%C3%B4lei%20de%20praia%20em%20Ibirarema%2C%20S%C3%A3o%20Paulo%2C%20Brasil","https://www.google.com/maps/search/?api=1&query=arena%20esportes%20de%20areia%20em%20Ibirarema%2C%20S%C3%A3o%20Paulo%2C%20Brasil","https://www.google.com/maps/search/?api=1&query=beach%20sports%20em%20Ibirarema%2C%20S%C3%A3o%20Paulo%2C%20Brasil","","",""
"3519600","Ibitinga","Araraquara","a pesquisar","https://www.google.com/maps/search/?api=1&query=arena%20beach%20tennis%20em%20Ibitinga%2C%20S%C3%A3o%20Paulo%2C%20Brasil","https://www.google.com/maps/search/?api=1&query=arena%20futev%C3%B4lei%20em%20Ibitinga%2C%20S%C3%A3o%20Paulo%2C%20Brasil","https://www.google.com/maps/search/?api=1&query=quadra%20v%C3%B4lei%20de%20praia%20em%20Ibitinga%2C%20S%C3%A3o%20Paulo%2C%20Brasil","https://www.google.com/maps/search/?api=1&query=arena%20esportes%20de%20areia%20em%20Ibitinga%2C%20S%C3%A3o%20Paulo%2C%20Brasil","https://www.google.com/maps/search/?api=1&query=beach%20sports%20em%20Ibitinga%2C%20S%C3%A3o%20Paulo%2C%20Brasil","","",""
"3519709","Ibiúna","Sorocaba","a pesquisar","https://www.google.com/maps/search/?api=1&query=arena%20beach%20tennis%20em%20Ibi%C3%BAna%2C%20S%C3%A3o%20Paulo%2C%20Brasil","https://www.google.com/maps/search/?api=1&query=arena%20futev%C3%B4lei%20em%20Ibi%C3%BAna%2C%20S%C3%A3o%20Paulo%2C%20Brasil","https://www.google.com/maps/search/?api=1&query=quadra%20v%C3%B4lei%20de%20praia%20em%20Ibi%C3%BAna%2C%20S%C3%A3o%20Paulo%2C%20Brasil","https://www.google.com/maps/search/?api=1&query=arena%20esportes%20de%20areia%20em%20Ibi%C3%BAna%2C%20S%C3%A3o%20Paulo%2C%20Brasil","https://www.google.com/maps/search/?api=1&query=beach%20sports%20em%20Ibi%C3%BAna%2C%20S%C3%A3o%20Paulo%2C%20Brasil","","",""
"3519808","Icém","São José do Rio Preto","a pesquisar","https://www.google.com/maps/search/?api=1&query=arena%20beach%20tennis%20em%20Ic%C3%A9m%2C%20S%C3%A3o%20Paulo%2C%20Brasil","https://www.google.com/maps/search/?api=1&query=arena%20futev%C3%B4lei%20em%20Ic%C3%A9m%2C%20S%C3%A3o%20Paulo%2C%20Brasil","https://www.google.com/maps/search/?api=1&query=quadra%20v%C3%B4lei%20de%20praia%20em%20Ic%C3%A9m%2C%20S%C3%A3o%20Paulo%2C%20Brasil","https://www.google.com/maps/search/?api=1&query=arena%20esportes%20de%20areia%20em%20Ic%C3%A9m%2C%20S%C3%A3o%20Paulo%2C%20Brasil","https://www.google.com/maps/search/?api=1&query=beach%20sports%20em%20Ic%C3%A9m%2C%20S%C3%A3o%20Paulo%2C%20Brasil","","",""
"3519907","Iepê","Presidente Prudente","a pesquisar","https://www.google.com/maps/search/?api=1&query=arena%20beach%20tennis%20em%20Iep%C3%AA%2C%20S%C3%A3o%20Paulo%2C%20Brasil","https://www.google.com/maps/search/?api=1&query=arena%20futev%C3%B4lei%20em%20Iep%C3%AA%2C%20S%C3%A3o%20Paulo%2C%20Brasil","https://www.google.com/maps/search/?api=1&query=quadra%20v%C3%B4lei%20de%20praia%20em%20Iep%C3%AA%2C%20S%C3%A3o%20Paulo%2C%20Brasil","https://www.google.com/maps/search/?api=1&query=arena%20esportes%20de%20areia%20em%20Iep%C3%AA%2C%20S%C3%A3o%20Paulo%2C%20Brasil","https://www.google.com/maps/search/?api=1&query=beach%20sports%20em%20Iep%C3%AA%2C%20S%C3%A3o%20Paulo%2C%20Brasil","","",""
"3520004","Igaraçu do Tietê","Bauru","a pesquisar","https://www.google.com/maps/search/?api=1&query=arena%20beach%20tennis%20em%20Igara%C3%A7u%20do%20Tiet%C3%AA%2C%20S%C3%A3o%20Paulo%2C%20Brasil","https://www.google.com/maps/search/?api=1&query=arena%20futev%C3%B4lei%20em%20Igara%C3%A7u%20do%20Tiet%C3%AA%2C%20S%C3%A3o%20Paulo%2C%20Brasil","https://www.google.com/maps/search/?api=1&query=quadra%20v%C3%B4lei%20de%20praia%20em%20Igara%C3%A7u%20do%20Tiet%C3%AA%2C%20S%C3%A3o%20Paulo%2C%20Brasil","https://www.google.com/maps/search/?api=1&query=arena%20esportes%20de%20areia%20em%20Igara%C3%A7u%20do%20Tiet%C3%AA%2C%20S%C3%A3o%20Paulo%2C%20Brasil","https://www.google.com/maps/search/?api=1&query=beach%20sports%20em%20Igara%C3%A7u%20do%20Tiet%C3%AA%2C%20S%C3%A3o%20Paulo%2C%20Brasil","","",""
"3520103","Igarapava","Ribeirão Preto","a pesquisar","https://www.google.com/maps/search/?api=1&query=arena%20beach%20tennis%20em%20Igarapava%2C%20S%C3%A3o%20Paulo%2C%20Brasil","https://www.google.com/maps/search/?api=1&query=arena%20futev%C3%B4lei%20em%20Igarapava%2C%20S%C3%A3o%20Paulo%2C%20Brasil","https://www.google.com/maps/search/?api=1&query=quadra%20v%C3%B4lei%20de%20praia%20em%20Igarapava%2C%20S%C3%A3o%20Paulo%2C%20Brasil","https://www.google.com/maps/search/?api=1&query=arena%20esportes%20de%20areia%20em%20Igarapava%2C%20S%C3%A3o%20Paulo%2C%20Brasil","https://www.google.com/maps/search/?api=1&query=beach%20sports%20em%20Igarapava%2C%20S%C3%A3o%20Paulo%2C%20Brasil","","",""
"3520202","Igaratá","São José dos Campos","a pesquisar","https://www.google.com/maps/search/?api=1&query=arena%20beach%20tennis%20em%20Igarat%C3%A1%2C%20S%C3%A3o%20Paulo%2C%20Brasil","https://www.google.com/maps/search/?api=1&query=arena%20futev%C3%B4lei%20em%20Igarat%C3%A1%2C%20S%C3%A3o%20Paulo%2C%20Brasil","https://www.google.com/maps/search/?api=1&query=quadra%20v%C3%B4lei%20de%20praia%20em%20Igarat%C3%A1%2C%20S%C3%A3o%20Paulo%2C%20Brasil","https://www.google.com/maps/search/?api=1&query=arena%20esportes%20de%20areia%20em%20Igarat%C3%A1%2C%20S%C3%A3o%20Paulo%2C%20Brasil","https://www.google.com/maps/search/?api=1&query=beach%20sports%20em%20Igarat%C3%A1%2C%20S%C3%A3o%20Paulo%2C%20Brasil","","",""
"3520301","Iguape","Sorocaba","a pesquisar","https://www.google.com/maps/search/?api=1&query=arena%20beach%20tennis%20em%20Iguape%2C%20S%C3%A3o%20Paulo%2C%20Brasil","https://www.google.com/maps/search/?api=1&query=arena%20futev%C3%B4lei%20em%20Iguape%2C%20S%C3%A3o%20Paulo%2C%20Brasil","https://www.google.com/maps/search/?api=1&query=quadra%20v%C3%B4lei%20de%20praia%20em%20Iguape%2C%20S%C3%A3o%20Paulo%2C%20Brasil","https://www.google.com/maps/search/?api=1&query=arena%20esportes%20de%20areia%20em%20Iguape%2C%20S%C3%A3o%20Paulo%2C%20Brasil","https://www.google.com/maps/search/?api=1&query=beach%20sports%20em%20Iguape%2C%20S%C3%A3o%20Paulo%2C%20Brasil","","",""
"3520426","Ilha Comprida","Sorocaba","a pesquisar","https://www.google.com/maps/search/?api=1&query=arena%20beach%20tennis%20em%20Ilha%20Comprida%2C%20S%C3%A3o%20Paulo%2C%20Brasil","https://www.google.com/maps/search/?api=1&query=arena%20futev%C3%B4lei%20em%20Ilha%20Comprida%2C%20S%C3%A3o%20Paulo%2C%20Brasil","https://www.google.com/maps/search/?api=1&query=quadra%20v%C3%B4lei%20de%20praia%20em%20Ilha%20Comprida%2C%20S%C3%A3o%20Paulo%2C%20Brasil","https://www.google.com/maps/search/?api=1&query=arena%20esportes%20de%20areia%20em%20Ilha%20Comprida%2C%20S%C3%A3o%20Paulo%2C%20Brasil","https://www.google.com/maps/search/?api=1&query=beach%20sports%20em%20Ilha%20Comprida%2C%20S%C3%A3o%20Paulo%2C%20Brasil","","",""
"3520442","Ilha Solteira","Araçatuba","a pesquisar","https://www.google.com/maps/search/?api=1&query=arena%20beach%20tennis%20em%20Ilha%20Solteira%2C%20S%C3%A3o%20Paulo%2C%20Brasil","https://www.google.com/maps/search/?api=1&query=arena%20futev%C3%B4lei%20em%20Ilha%20Solteira%2C%20S%C3%A3o%20Paulo%2C%20Brasil","https://www.google.com/maps/search/?api=1&query=quadra%20v%C3%B4lei%20de%20praia%20em%20Ilha%20Solteira%2C%20S%C3%A3o%20Paulo%2C%20Brasil","https://www.google.com/maps/search/?api=1&query=arena%20esportes%20de%20areia%20em%20Ilha%20Solteira%2C%20S%C3%A3o%20Paulo%2C%20Brasil","https://www.google.com/maps/search/?api=1&query=beach%20sports%20em%20Ilha%20Solteira%2C%20S%C3%A3o%20Paulo%2C%20Brasil","","",""
"3520400","Ilhabela","São José dos Campos","pesquisa pública parcial","https://www.google.com/maps/search/?api=1&query=arena%20beach%20tennis%20em%20Ilhabela%2C%20S%C3%A3o%20Paulo%2C%20Brasil","https://www.google.com/maps/search/?api=1&query=arena%20futev%C3%B4lei%20em%20Ilhabela%2C%20S%C3%A3o%20Paulo%2C%20Brasil","https://www.google.com/maps/search/?api=1&query=quadra%20v%C3%B4lei%20de%20praia%20em%20Ilhabela%2C%20S%C3%A3o%20Paulo%2C%20Brasil","https://www.google.com/maps/search/?api=1&query=arena%20esportes%20de%20areia%20em%20Ilhabela%2C%20S%C3%A3o%20Paulo%2C%20Brasil","https://www.google.com/maps/search/?api=1&query=beach%20sports%20em%20Ilhabela%2C%20S%C3%A3o%20Paulo%2C%20Brasil","2026-09-13","1","Unidades validadas neste lote: 1. Consultas Maps da fila não executadas; cobertura municipal incompleta."
"3520509","Indaiatuba","Campinas","pesquisa pública parcial","https://www.google.com/maps/search/?api=1&query=arena%20beach%20tennis%20em%20Indaiatuba%2C%20S%C3%A3o%20Paulo%2C%20Brasil","https://www.google.com/maps/search/?api=1&query=arena%20futev%C3%B4lei%20em%20Indaiatuba%2C%20S%C3%A3o%20Paulo%2C%20Brasil","https://www.google.com/maps/search/?api=1&query=quadra%20v%C3%B4lei%20de%20praia%20em%20Indaiatuba%2C%20S%C3%A3o%20Paulo%2C%20Brasil","https://www.google.com/maps/search/?api=1&query=arena%20esportes%20de%20areia%20em%20Indaiatuba%2C%20S%C3%A3o%20Paulo%2C%20Brasil","https://www.google.com/maps/search/?api=1&query=beach%20sports%20em%20Indaiatuba%2C%20S%C3%A3o%20Paulo%2C%20Brasil","2026-09-13","0","Unidades validadas neste lote: 0. Consultas Maps da fila não executadas; cobertura municipal incompleta."
"3520608","Indiana","Presidente Prudente","a pesquisar","https://www.google.com/maps/search/?api=1&query=arena%20beach%20tennis%20em%20Indiana%2C%20S%C3%A3o%20Paulo%2C%20Brasil","https://www.google.com/maps/search/?api=1&query=arena%20futev%C3%B4lei%20em%20Indiana%2C%20S%C3%A3o%20Paulo%2C%20Brasil","https://www.google.com/maps/search/?api=1&query=quadra%20v%C3%B4lei%20de%20praia%20em%20Indiana%2C%20S%C3%A3o%20Paulo%2C%20Brasil","https://www.google.com/maps/search/?api=1&query=arena%20esportes%20de%20areia%20em%20Indiana%2C%20S%C3%A3o%20Paulo%2C%20Brasil","https://www.google.com/maps/search/?api=1&query=beach%20sports%20em%20Indiana%2C%20S%C3%A3o%20Paulo%2C%20Brasil","","",""
"3520707","Indiaporã","São José do Rio Preto","a pesquisar","https://www.google.com/maps/search/?api=1&query=arena%20beach%20tennis%20em%20Indiapor%C3%A3%2C%20S%C3%A3o%20Paulo%2C%20Brasil","https://www.google.com/maps/search/?api=1&query=arena%20futev%C3%B4lei%20em%20Indiapor%C3%A3%2C%20S%C3%A3o%20Paulo%2C%20Brasil","https://www.google.com/maps/search/?api=1&query=quadra%20v%C3%B4lei%20de%20praia%20em%20Indiapor%C3%A3%2C%20S%C3%A3o%20Paulo%2C%20Brasil","https://www.google.com/maps/search/?api=1&query=arena%20esportes%20de%20areia%20em%20Indiapor%C3%A3%2C%20S%C3%A3o%20Paulo%2C%20Brasil","https://www.google.com/maps/search/?api=1&query=beach%20sports%20em%20Indiapor%C3%A3%2C%20S%C3%A3o%20Paulo%2C%20Brasil","","",""
"3520806","Inúbia Paulista","Presidente Prudente","a pesquisar","https://www.google.com/maps/search/?api=1&query=arena%20beach%20tennis%20em%20In%C3%BAbia%20Paulista%2C%20S%C3%A3o%20Paulo%2C%20Brasil","https://www.google.com/maps/search/?api=1&query=arena%20futev%C3%B4lei%20em%20In%C3%BAbia%20Paulista%2C%20S%C3%A3o%20Paulo%2C%20Brasil","https://www.google.com/maps/search/?api=1&query=quadra%20v%C3%B4lei%20de%20praia%20em%20In%C3%BAbia%20Paulista%2C%20S%C3%A3o%20Paulo%2C%20Brasil","https://www.google.com/maps/search/?api=1&query=arena%20esportes%20de%20areia%20em%20In%C3%BAbia%20Paulista%2C%20S%C3%A3o%20Paulo%2C%20Brasil","https://www.google.com/maps/search/?api=1&query=beach%20sports%20em%20In%C3%BAbia%20Paulista%2C%20S%C3%A3o%20Paulo%2C%20Brasil","","",""
"3520905","Ipaussu","Marília","a pesquisar","https://www.google.com/maps/search/?api=1&query=arena%20beach%20tennis%20em%20Ipaussu%2C%20S%C3%A3o%20Paulo%2C%20Brasil","https://www.google.com/maps/search/?api=1&query=arena%20futev%C3%B4lei%20em%20Ipaussu%2C%20S%C3%A3o%20Paulo%2C%20Brasil","https://www.google.com/maps/search/?api=1&query=quadra%20v%C3%B4lei%20de%20praia%20em%20Ipaussu%2C%20S%C3%A3o%20Paulo%2C%20Brasil","https://www.google.com/maps/search/?api=1&query=arena%20esportes%20de%20areia%20em%20Ipaussu%2C%20S%C3%A3o%20Paulo%2C%20Brasil","https://www.google.com/maps/search/?api=1&query=beach%20sports%20em%20Ipaussu%2C%20S%C3%A3o%20Paulo%2C%20Brasil","","",""
"3521002","Iperó","Sorocaba","a pesquisar","https://www.google.com/maps/search/?api=1&query=arena%20beach%20tennis%20em%20Iper%C3%B3%2C%20S%C3%A3o%20Paulo%2C%20Brasil","https://www.google.com/maps/search/?api=1&query=arena%20futev%C3%B4lei%20em%20Iper%C3%B3%2C%20S%C3%A3o%20Paulo%2C%20Brasil","https://www.google.com/maps/search/?api=1&query=quadra%20v%C3%B4lei%20de%20praia%20em%20Iper%C3%B3%2C%20S%C3%A3o%20Paulo%2C%20Brasil","https://www.google.com/maps/search/?api=1&query=arena%20esportes%20de%20areia%20em%20Iper%C3%B3%2C%20S%C3%A3o%20Paulo%2C%20Brasil","https://www.google.com/maps/search/?api=1&query=beach%20sports%20em%20Iper%C3%B3%2C%20S%C3%A3o%20Paulo%2C%20Brasil","","",""
"3521101","Ipeúna","Campinas","a pesquisar","https://www.google.com/maps/search/?api=1&query=arena%20beach%20tennis%20em%20Ipe%C3%BAna%2C%20S%C3%A3o%20Paulo%2C%20Brasil","https://www.google.com/maps/search/?api=1&query=arena%20futev%C3%B4lei%20em%20Ipe%C3%BAna%2C%20S%C3%A3o%20Paulo%2C%20Brasil","https://www.google.com/maps/search/?api=1&query=quadra%20v%C3%B4lei%20de%20praia%20em%20Ipe%C3%BAna%2C%20S%C3%A3o%20Paulo%2C%20Brasil","https://www.google.com/maps/search/?api=1&query=arena%20esportes%20de%20areia%20em%20Ipe%C3%BAna%2C%20S%C3%A3o%20Paulo%2C%20Brasil","https://www.google.com/maps/search/?api=1&query=beach%20sports%20em%20Ipe%C3%BAna%2C%20S%C3%A3o%20Paulo%2C%20Brasil","","",""
"3521150","Ipiguá","São José do Rio Preto","a pesquisar","https://www.google.com/maps/search/?api=1&query=arena%20beach%20tennis%20em%20Ipigu%C3%A1%2C%20S%C3%A3o%20Paulo%2C%20Brasil","https://www.google.com/maps/search/?api=1&query=arena%20futev%C3%B4lei%20em%20Ipigu%C3%A1%2C%20S%C3%A3o%20Paulo%2C%20Brasil","https://www.google.com/maps/search/?api=1&query=quadra%20v%C3%B4lei%20de%20praia%20em%20Ipigu%C3%A1%2C%20S%C3%A3o%20Paulo%2C%20Brasil","https://www.google.com/maps/search/?api=1&query=arena%20esportes%20de%20areia%20em%20Ipigu%C3%A1%2C%20S%C3%A3o%20Paulo%2C%20Brasil","https://www.google.com/maps/search/?api=1&query=beach%20sports%20em%20Ipigu%C3%A1%2C%20S%C3%A3o%20Paulo%2C%20Brasil","","",""
"3521200","Iporanga","Sorocaba","a pesquisar","https://www.google.com/maps/search/?api=1&query=arena%20beach%20tennis%20em%20Iporanga%2C%20S%C3%A3o%20Paulo%2C%20Brasil","https://www.google.com/maps/search/?api=1&query=arena%20futev%C3%B4lei%20em%20Iporanga%2C%20S%C3%A3o%20Paulo%2C%20Brasil","https://www.google.com/maps/search/?api=1&query=quadra%20v%C3%B4lei%20de%20praia%20em%20Iporanga%2C%20S%C3%A3o%20Paulo%2C%20Brasil","https://www.google.com/maps/search/?api=1&query=arena%20esportes%20de%20areia%20em%20Iporanga%2C%20S%C3%A3o%20Paulo%2C%20Brasil","https://www.google.com/maps/search/?api=1&query=beach%20sports%20em%20Iporanga%2C%20S%C3%A3o%20Paulo%2C%20Brasil","","",""
"3521309","Ipuã","Ribeirão Preto","a pesquisar","https://www.google.com/maps/search/?api=1&query=arena%20beach%20tennis%20em%20Ipu%C3%A3%2C%20S%C3%A3o%20Paulo%2C%20Brasil","https://www.google.com/maps/search/?api=1&query=arena%20futev%C3%B4lei%20em%20Ipu%C3%A3%2C%20S%C3%A3o%20Paulo%2C%20Brasil","https://www.google.com/maps/search/?api=1&query=quadra%20v%C3%B4lei%20de%20praia%20em%20Ipu%C3%A3%2C%20S%C3%A3o%20Paulo%2C%20Brasil","https://www.google.com/maps/search/?api=1&query=arena%20esportes%20de%20areia%20em%20Ipu%C3%A3%2C%20S%C3%A3o%20Paulo%2C%20Brasil","https://www.google.com/maps/search/?api=1&query=beach%20sports%20em%20Ipu%C3%A3%2C%20S%C3%A3o%20Paulo%2C%20Brasil","","",""
"3521408","Iracemápolis","Campinas","a pesquisar","https://www.google.com/maps/search/?api=1&query=arena%20beach%20tennis%20em%20Iracem%C3%A1polis%2C%20S%C3%A3o%20Paulo%2C%20Brasil","https://www.google.com/maps/search/?api=1&query=arena%20futev%C3%B4lei%20em%20Iracem%C3%A1polis%2C%20S%C3%A3o%20Paulo%2C%20Brasil","https://www.google.com/maps/search/?api=1&query=quadra%20v%C3%B4lei%20de%20praia%20em%20Iracem%C3%A1polis%2C%20S%C3%A3o%20Paulo%2C%20Brasil","https://www.google.com/maps/search/?api=1&query=arena%20esportes%20de%20areia%20em%20Iracem%C3%A1polis%2C%20S%C3%A3o%20Paulo%2C%20Brasil","https://www.google.com/maps/search/?api=1&query=beach%20sports%20em%20Iracem%C3%A1polis%2C%20S%C3%A3o%20Paulo%2C%20Brasil","","",""
"3521507","Irapuã","São José do Rio Preto","a pesquisar","https://www.google.com/maps/search/?api=1&query=arena%20beach%20tennis%20em%20Irapu%C3%A3%2C%20S%C3%A3o%20Paulo%2C%20Brasil","https://www.google.com/maps/search/?api=1&query=arena%20futev%C3%B4lei%20em%20Irapu%C3%A3%2C%20S%C3%A3o%20Paulo%2C%20Brasil","https://www.google.com/maps/search/?api=1&query=quadra%20v%C3%B4lei%20de%20praia%20em%20Irapu%C3%A3%2C%20S%C3%A3o%20Paulo%2C%20Brasil","https://www.google.com/maps/search/?api=1&query=arena%20esportes%20de%20areia%20em%20Irapu%C3%A3%2C%20S%C3%A3o%20Paulo%2C%20Brasil","https://www.google.com/maps/search/?api=1&query=beach%20sports%20em%20Irapu%C3%A3%2C%20S%C3%A3o%20Paulo%2C%20Brasil","","",""
"3521606","Irapuru","Presidente Prudente","a pesquisar","https://www.google.com/maps/search/?api=1&query=arena%20beach%20tennis%20em%20Irapuru%2C%20S%C3%A3o%20Paulo%2C%20Brasil","https://www.google.com/maps/search/?api=1&query=arena%20futev%C3%B4lei%20em%20Irapuru%2C%20S%C3%A3o%20Paulo%2C%20Brasil","https://www.google.com/maps/search/?api=1&query=quadra%20v%C3%B4lei%20de%20praia%20em%20Irapuru%2C%20S%C3%A3o%20Paulo%2C%20Brasil","https://www.google.com/maps/search/?api=1&query=arena%20esportes%20de%20areia%20em%20Irapuru%2C%20S%C3%A3o%20Paulo%2C%20Brasil","https://www.google.com/maps/search/?api=1&query=beach%20sports%20em%20Irapuru%2C%20S%C3%A3o%20Paulo%2C%20Brasil","","",""
"3521705","Itaberá","Sorocaba","a pesquisar","https://www.google.com/maps/search/?api=1&query=arena%20beach%20tennis%20em%20Itaber%C3%A1%2C%20S%C3%A3o%20Paulo%2C%20Brasil","https://www.google.com/maps/search/?api=1&query=arena%20futev%C3%B4lei%20em%20Itaber%C3%A1%2C%20S%C3%A3o%20Paulo%2C%20Brasil","https://www.google.com/maps/search/?api=1&query=quadra%20v%C3%B4lei%20de%20praia%20em%20Itaber%C3%A1%2C%20S%C3%A3o%20Paulo%2C%20Brasil","https://www.google.com/maps/search/?api=1&query=arena%20esportes%20de%20areia%20em%20Itaber%C3%A1%2C%20S%C3%A3o%20Paulo%2C%20Brasil","https://www.google.com/maps/search/?api=1&query=beach%20sports%20em%20Itaber%C3%A1%2C%20S%C3%A3o%20Paulo%2C%20Brasil","","",""
"3521804","Itaí","Sorocaba","a pesquisar","https://www.google.com/maps/search/?api=1&query=arena%20beach%20tennis%20em%20Ita%C3%AD%2C%20S%C3%A3o%20Paulo%2C%20Brasil","https://www.google.com/maps/search/?api=1&query=arena%20futev%C3%B4lei%20em%20Ita%C3%AD%2C%20S%C3%A3o%20Paulo%2C%20Brasil","https://www.google.com/maps/search/?api=1&query=quadra%20v%C3%B4lei%20de%20praia%20em%20Ita%C3%AD%2C%20S%C3%A3o%20Paulo%2C%20Brasil","https://www.google.com/maps/search/?api=1&query=arena%20esportes%20de%20areia%20em%20Ita%C3%AD%2C%20S%C3%A3o%20Paulo%2C%20Brasil","https://www.google.com/maps/search/?api=1&query=beach%20sports%20em%20Ita%C3%AD%2C%20S%C3%A3o%20Paulo%2C%20Brasil","","",""
"3521903","Itajobi","São José do Rio Preto","a pesquisar","https://www.google.com/maps/search/?api=1&query=arena%20beach%20tennis%20em%20Itajobi%2C%20S%C3%A3o%20Paulo%2C%20Brasil","https://www.google.com/maps/search/?api=1&query=arena%20futev%C3%B4lei%20em%20Itajobi%2C%20S%C3%A3o%20Paulo%2C%20Brasil","https://www.google.com/maps/search/?api=1&query=quadra%20v%C3%B4lei%20de%20praia%20em%20Itajobi%2C%20S%C3%A3o%20Paulo%2C%20Brasil","https://www.google.com/maps/search/?api=1&query=arena%20esportes%20de%20areia%20em%20Itajobi%2C%20S%C3%A3o%20Paulo%2C%20Brasil","https://www.google.com/maps/search/?api=1&query=beach%20sports%20em%20Itajobi%2C%20S%C3%A3o%20Paulo%2C%20Brasil","","",""
"3522000","Itaju","Bauru","a pesquisar","https://www.google.com/maps/search/?api=1&query=arena%20beach%20tennis%20em%20Itaju%2C%20S%C3%A3o%20Paulo%2C%20Brasil","https://www.google.com/maps/search/?api=1&query=arena%20futev%C3%B4lei%20em%20Itaju%2C%20S%C3%A3o%20Paulo%2C%20Brasil","https://www.google.com/maps/search/?api=1&query=quadra%20v%C3%B4lei%20de%20praia%20em%20Itaju%2C%20S%C3%A3o%20Paulo%2C%20Brasil","https://www.google.com/maps/search/?api=1&query=arena%20esportes%20de%20areia%20em%20Itaju%2C%20S%C3%A3o%20Paulo%2C%20Brasil","https://www.google.com/maps/search/?api=1&query=beach%20sports%20em%20Itaju%2C%20S%C3%A3o%20Paulo%2C%20Brasil","","",""
"3522109","Itanhaém","São Paulo","a pesquisar","https://www.google.com/maps/search/?api=1&query=arena%20beach%20tennis%20em%20Itanha%C3%A9m%2C%20S%C3%A3o%20Paulo%2C%20Brasil","https://www.google.com/maps/search/?api=1&query=arena%20futev%C3%B4lei%20em%20Itanha%C3%A9m%2C%20S%C3%A3o%20Paulo%2C%20Brasil","https://www.google.com/maps/search/?api=1&query=quadra%20v%C3%B4lei%20de%20praia%20em%20Itanha%C3%A9m%2C%20S%C3%A3o%20Paulo%2C%20Brasil","https://www.google.com/maps/search/?api=1&query=arena%20esportes%20de%20areia%20em%20Itanha%C3%A9m%2C%20S%C3%A3o%20Paulo%2C%20Brasil","https://www.google.com/maps/search/?api=1&query=beach%20sports%20em%20Itanha%C3%A9m%2C%20S%C3%A3o%20Paulo%2C%20Brasil","","",""
"3522158","Itaoca","Sorocaba","a pesquisar","https://www.google.com/maps/search/?api=1&query=arena%20beach%20tennis%20em%20Itaoca%2C%20S%C3%A3o%20Paulo%2C%20Brasil","https://www.google.com/maps/search/?api=1&query=arena%20futev%C3%B4lei%20em%20Itaoca%2C%20S%C3%A3o%20Paulo%2C%20Brasil","https://www.google.com/maps/search/?api=1&query=quadra%20v%C3%B4lei%20de%20praia%20em%20Itaoca%2C%20S%C3%A3o%20Paulo%2C%20Brasil","https://www.google.com/maps/search/?api=1&query=arena%20esportes%20de%20areia%20em%20Itaoca%2C%20S%C3%A3o%20Paulo%2C%20Brasil","https://www.google.com/maps/search/?api=1&query=beach%20sports%20em%20Itaoca%2C%20S%C3%A3o%20Paulo%2C%20Brasil","","",""
"3522208","Itapecerica da Serra","São Paulo","a pesquisar","https://www.google.com/maps/search/?api=1&query=arena%20beach%20tennis%20em%20Itapecerica%20da%20Serra%2C%20S%C3%A3o%20Paulo%2C%20Brasil","https://www.google.com/maps/search/?api=1&query=arena%20futev%C3%B4lei%20em%20Itapecerica%20da%20Serra%2C%20S%C3%A3o%20Paulo%2C%20Brasil","https://www.google.com/maps/search/?api=1&query=quadra%20v%C3%B4lei%20de%20praia%20em%20Itapecerica%20da%20Serra%2C%20S%C3%A3o%20Paulo%2C%20Brasil","https://www.google.com/maps/search/?api=1&query=arena%20esportes%20de%20areia%20em%20Itapecerica%20da%20Serra%2C%20S%C3%A3o%20Paulo%2C%20Brasil","https://www.google.com/maps/search/?api=1&query=beach%20sports%20em%20Itapecerica%20da%20Serra%2C%20S%C3%A3o%20Paulo%2C%20Brasil","","",""
"3522307","Itapetininga","Sorocaba","pesquisa pública parcial","https://www.google.com/maps/search/?api=1&query=arena%20beach%20tennis%20em%20Itapetininga%2C%20S%C3%A3o%20Paulo%2C%20Brasil","https://www.google.com/maps/search/?api=1&query=arena%20futev%C3%B4lei%20em%20Itapetininga%2C%20S%C3%A3o%20Paulo%2C%20Brasil","https://www.google.com/maps/search/?api=1&query=quadra%20v%C3%B4lei%20de%20praia%20em%20Itapetininga%2C%20S%C3%A3o%20Paulo%2C%20Brasil","https://www.google.com/maps/search/?api=1&query=arena%20esportes%20de%20areia%20em%20Itapetininga%2C%20S%C3%A3o%20Paulo%2C%20Brasil","https://www.google.com/maps/search/?api=1&query=beach%20sports%20em%20Itapetininga%2C%20S%C3%A3o%20Paulo%2C%20Brasil","2026-09-13","0","Unidades validadas neste lote: 0. Consultas Maps da fila não executadas; cobertura municipal incompleta."
"3522406","Itapeva","Sorocaba","a pesquisar","https://www.google.com/maps/search/?api=1&query=arena%20beach%20tennis%20em%20Itapeva%2C%20S%C3%A3o%20Paulo%2C%20Brasil","https://www.google.com/maps/search/?api=1&query=arena%20futev%C3%B4lei%20em%20Itapeva%2C%20S%C3%A3o%20Paulo%2C%20Brasil","https://www.google.com/maps/search/?api=1&query=quadra%20v%C3%B4lei%20de%20praia%20em%20Itapeva%2C%20S%C3%A3o%20Paulo%2C%20Brasil","https://www.google.com/maps/search/?api=1&query=arena%20esportes%20de%20areia%20em%20Itapeva%2C%20S%C3%A3o%20Paulo%2C%20Brasil","https://www.google.com/maps/search/?api=1&query=beach%20sports%20em%20Itapeva%2C%20S%C3%A3o%20Paulo%2C%20Brasil","","",""
"3522505","Itapevi","São Paulo","a pesquisar","https://www.google.com/maps/search/?api=1&query=arena%20beach%20tennis%20em%20Itapevi%2C%20S%C3%A3o%20Paulo%2C%20Brasil","https://www.google.com/maps/search/?api=1&query=arena%20futev%C3%B4lei%20em%20Itapevi%2C%20S%C3%A3o%20Paulo%2C%20Brasil","https://www.google.com/maps/search/?api=1&query=quadra%20v%C3%B4lei%20de%20praia%20em%20Itapevi%2C%20S%C3%A3o%20Paulo%2C%20Brasil","https://www.google.com/maps/search/?api=1&query=arena%20esportes%20de%20areia%20em%20Itapevi%2C%20S%C3%A3o%20Paulo%2C%20Brasil","https://www.google.com/maps/search/?api=1&query=beach%20sports%20em%20Itapevi%2C%20S%C3%A3o%20Paulo%2C%20Brasil","","",""
"3522604","Itapira","Campinas","a pesquisar","https://www.google.com/maps/search/?api=1&query=arena%20beach%20tennis%20em%20Itapira%2C%20S%C3%A3o%20Paulo%2C%20Brasil","https://www.google.com/maps/search/?api=1&query=arena%20futev%C3%B4lei%20em%20Itapira%2C%20S%C3%A3o%20Paulo%2C%20Brasil","https://www.google.com/maps/search/?api=1&query=quadra%20v%C3%B4lei%20de%20praia%20em%20Itapira%2C%20S%C3%A3o%20Paulo%2C%20Brasil","https://www.google.com/maps/search/?api=1&query=arena%20esportes%20de%20areia%20em%20Itapira%2C%20S%C3%A3o%20Paulo%2C%20Brasil","https://www.google.com/maps/search/?api=1&query=beach%20sports%20em%20Itapira%2C%20S%C3%A3o%20Paulo%2C%20Brasil","","",""
"3522653","Itapirapuã Paulista","Sorocaba","a pesquisar","https://www.google.com/maps/search/?api=1&query=arena%20beach%20tennis%20em%20Itapirapu%C3%A3%20Paulista%2C%20S%C3%A3o%20Paulo%2C%20Brasil","https://www.google.com/maps/search/?api=1&query=arena%20futev%C3%B4lei%20em%20Itapirapu%C3%A3%20Paulista%2C%20S%C3%A3o%20Paulo%2C%20Brasil","https://www.google.com/maps/search/?api=1&query=quadra%20v%C3%B4lei%20de%20praia%20em%20Itapirapu%C3%A3%20Paulista%2C%20S%C3%A3o%20Paulo%2C%20Brasil","https://www.google.com/maps/search/?api=1&query=arena%20esportes%20de%20areia%20em%20Itapirapu%C3%A3%20Paulista%2C%20S%C3%A3o%20Paulo%2C%20Brasil","https://www.google.com/maps/search/?api=1&query=beach%20sports%20em%20Itapirapu%C3%A3%20Paulista%2C%20S%C3%A3o%20Paulo%2C%20Brasil","","",""
"3522703","Itápolis","Araraquara","a pesquisar","https://www.google.com/maps/search/?api=1&query=arena%20beach%20tennis%20em%20It%C3%A1polis%2C%20S%C3%A3o%20Paulo%2C%20Brasil","https://www.google.com/maps/search/?api=1&query=arena%20futev%C3%B4lei%20em%20It%C3%A1polis%2C%20S%C3%A3o%20Paulo%2C%20Brasil","https://www.google.com/maps/search/?api=1&query=quadra%20v%C3%B4lei%20de%20praia%20em%20It%C3%A1polis%2C%20S%C3%A3o%20Paulo%2C%20Brasil","https://www.google.com/maps/search/?api=1&query=arena%20esportes%20de%20areia%20em%20It%C3%A1polis%2C%20S%C3%A3o%20Paulo%2C%20Brasil","https://www.google.com/maps/search/?api=1&query=beach%20sports%20em%20It%C3%A1polis%2C%20S%C3%A3o%20Paulo%2C%20Brasil","","",""
"3522802","Itaporanga","Sorocaba","a pesquisar","https://www.google.com/maps/search/?api=1&query=arena%20beach%20tennis%20em%20Itaporanga%2C%20S%C3%A3o%20Paulo%2C%20Brasil","https://www.google.com/maps/search/?api=1&query=arena%20futev%C3%B4lei%20em%20Itaporanga%2C%20S%C3%A3o%20Paulo%2C%20Brasil","https://www.google.com/maps/search/?api=1&query=quadra%20v%C3%B4lei%20de%20praia%20em%20Itaporanga%2C%20S%C3%A3o%20Paulo%2C%20Brasil","https://www.google.com/maps/search/?api=1&query=arena%20esportes%20de%20areia%20em%20Itaporanga%2C%20S%C3%A3o%20Paulo%2C%20Brasil","https://www.google.com/maps/search/?api=1&query=beach%20sports%20em%20Itaporanga%2C%20S%C3%A3o%20Paulo%2C%20Brasil","","",""
"3522901","Itapuí","Bauru","a pesquisar","https://www.google.com/maps/search/?api=1&query=arena%20beach%20tennis%20em%20Itapu%C3%AD%2C%20S%C3%A3o%20Paulo%2C%20Brasil","https://www.google.com/maps/search/?api=1&query=arena%20futev%C3%B4lei%20em%20Itapu%C3%AD%2C%20S%C3%A3o%20Paulo%2C%20Brasil","https://www.google.com/maps/search/?api=1&query=quadra%20v%C3%B4lei%20de%20praia%20em%20Itapu%C3%AD%2C%20S%C3%A3o%20Paulo%2C%20Brasil","https://www.google.com/maps/search/?api=1&query=arena%20esportes%20de%20areia%20em%20Itapu%C3%AD%2C%20S%C3%A3o%20Paulo%2C%20Brasil","https://www.google.com/maps/search/?api=1&query=beach%20sports%20em%20Itapu%C3%AD%2C%20S%C3%A3o%20Paulo%2C%20Brasil","","",""
"3523008","Itapura","Araçatuba","a pesquisar","https://www.google.com/maps/search/?api=1&query=arena%20beach%20tennis%20em%20Itapura%2C%20S%C3%A3o%20Paulo%2C%20Brasil","https://www.google.com/maps/search/?api=1&query=arena%20futev%C3%B4lei%20em%20Itapura%2C%20S%C3%A3o%20Paulo%2C%20Brasil","https://www.google.com/maps/search/?api=1&query=quadra%20v%C3%B4lei%20de%20praia%20em%20Itapura%2C%20S%C3%A3o%20Paulo%2C%20Brasil","https://www.google.com/maps/search/?api=1&query=arena%20esportes%20de%20areia%20em%20Itapura%2C%20S%C3%A3o%20Paulo%2C%20Brasil","https://www.google.com/maps/search/?api=1&query=beach%20sports%20em%20Itapura%2C%20S%C3%A3o%20Paulo%2C%20Brasil","","",""
"3523107","Itaquaquecetuba","São Paulo","a pesquisar","https://www.google.com/maps/search/?api=1&query=arena%20beach%20tennis%20em%20Itaquaquecetuba%2C%20S%C3%A3o%20Paulo%2C%20Brasil","https://www.google.com/maps/search/?api=1&query=arena%20futev%C3%B4lei%20em%20Itaquaquecetuba%2C%20S%C3%A3o%20Paulo%2C%20Brasil","https://www.google.com/maps/search/?api=1&query=quadra%20v%C3%B4lei%20de%20praia%20em%20Itaquaquecetuba%2C%20S%C3%A3o%20Paulo%2C%20Brasil","https://www.google.com/maps/search/?api=1&query=arena%20esportes%20de%20areia%20em%20Itaquaquecetuba%2C%20S%C3%A3o%20Paulo%2C%20Brasil","https://www.google.com/maps/search/?api=1&query=beach%20sports%20em%20Itaquaquecetuba%2C%20S%C3%A3o%20Paulo%2C%20Brasil","","",""
"3523206","Itararé","Sorocaba","a pesquisar","https://www.google.com/maps/search/?api=1&query=arena%20beach%20tennis%20em%20Itarar%C3%A9%2C%20S%C3%A3o%20Paulo%2C%20Brasil","https://www.google.com/maps/search/?api=1&query=arena%20futev%C3%B4lei%20em%20Itarar%C3%A9%2C%20S%C3%A3o%20Paulo%2C%20Brasil","https://www.google.com/maps/search/?api=1&query=quadra%20v%C3%B4lei%20de%20praia%20em%20Itarar%C3%A9%2C%20S%C3%A3o%20Paulo%2C%20Brasil","https://www.google.com/maps/search/?api=1&query=arena%20esportes%20de%20areia%20em%20Itarar%C3%A9%2C%20S%C3%A3o%20Paulo%2C%20Brasil","https://www.google.com/maps/search/?api=1&query=beach%20sports%20em%20Itarar%C3%A9%2C%20S%C3%A3o%20Paulo%2C%20Brasil","","",""
"3523305","Itariri","São Paulo","a pesquisar","https://www.google.com/maps/search/?api=1&query=arena%20beach%20tennis%20em%20Itariri%2C%20S%C3%A3o%20Paulo%2C%20Brasil","https://www.google.com/maps/search/?api=1&query=arena%20futev%C3%B4lei%20em%20Itariri%2C%20S%C3%A3o%20Paulo%2C%20Brasil","https://www.google.com/maps/search/?api=1&query=quadra%20v%C3%B4lei%20de%20praia%20em%20Itariri%2C%20S%C3%A3o%20Paulo%2C%20Brasil","https://www.google.com/maps/search/?api=1&query=arena%20esportes%20de%20areia%20em%20Itariri%2C%20S%C3%A3o%20Paulo%2C%20Brasil","https://www.google.com/maps/search/?api=1&query=beach%20sports%20em%20Itariri%2C%20S%C3%A3o%20Paulo%2C%20Brasil","","",""
"3523404","Itatiba","Campinas","a pesquisar","https://www.google.com/maps/search/?api=1&query=arena%20beach%20tennis%20em%20Itatiba%2C%20S%C3%A3o%20Paulo%2C%20Brasil","https://www.google.com/maps/search/?api=1&query=arena%20futev%C3%B4lei%20em%20Itatiba%2C%20S%C3%A3o%20Paulo%2C%20Brasil","https://www.google.com/maps/search/?api=1&query=quadra%20v%C3%B4lei%20de%20praia%20em%20Itatiba%2C%20S%C3%A3o%20Paulo%2C%20Brasil","https://www.google.com/maps/search/?api=1&query=arena%20esportes%20de%20areia%20em%20Itatiba%2C%20S%C3%A3o%20Paulo%2C%20Brasil","https://www.google.com/maps/search/?api=1&query=beach%20sports%20em%20Itatiba%2C%20S%C3%A3o%20Paulo%2C%20Brasil","","",""
"3523503","Itatinga","Bauru","a pesquisar","https://www.google.com/maps/search/?api=1&query=arena%20beach%20tennis%20em%20Itatinga%2C%20S%C3%A3o%20Paulo%2C%20Brasil","https://www.google.com/maps/search/?api=1&query=arena%20futev%C3%B4lei%20em%20Itatinga%2C%20S%C3%A3o%20Paulo%2C%20Brasil","https://www.google.com/maps/search/?api=1&query=quadra%20v%C3%B4lei%20de%20praia%20em%20Itatinga%2C%20S%C3%A3o%20Paulo%2C%20Brasil","https://www.google.com/maps/search/?api=1&query=arena%20esportes%20de%20areia%20em%20Itatinga%2C%20S%C3%A3o%20Paulo%2C%20Brasil","https://www.google.com/maps/search/?api=1&query=beach%20sports%20em%20Itatinga%2C%20S%C3%A3o%20Paulo%2C%20Brasil","","",""
"3523602","Itirapina","Araraquara","a pesquisar","https://www.google.com/maps/search/?api=1&query=arena%20beach%20tennis%20em%20Itirapina%2C%20S%C3%A3o%20Paulo%2C%20Brasil","https://www.google.com/maps/search/?api=1&query=arena%20futev%C3%B4lei%20em%20Itirapina%2C%20S%C3%A3o%20Paulo%2C%20Brasil","https://www.google.com/maps/search/?api=1&query=quadra%20v%C3%B4lei%20de%20praia%20em%20Itirapina%2C%20S%C3%A3o%20Paulo%2C%20Brasil","https://www.google.com/maps/search/?api=1&query=arena%20esportes%20de%20areia%20em%20Itirapina%2C%20S%C3%A3o%20Paulo%2C%20Brasil","https://www.google.com/maps/search/?api=1&query=beach%20sports%20em%20Itirapina%2C%20S%C3%A3o%20Paulo%2C%20Brasil","","",""
"3523701","Itirapuã","Ribeirão Preto","a pesquisar","https://www.google.com/maps/search/?api=1&query=arena%20beach%20tennis%20em%20Itirapu%C3%A3%2C%20S%C3%A3o%20Paulo%2C%20Brasil","https://www.google.com/maps/search/?api=1&query=arena%20futev%C3%B4lei%20em%20Itirapu%C3%A3%2C%20S%C3%A3o%20Paulo%2C%20Brasil","https://www.google.com/maps/search/?api=1&query=quadra%20v%C3%B4lei%20de%20praia%20em%20Itirapu%C3%A3%2C%20S%C3%A3o%20Paulo%2C%20Brasil","https://www.google.com/maps/search/?api=1&query=arena%20esportes%20de%20areia%20em%20Itirapu%C3%A3%2C%20S%C3%A3o%20Paulo%2C%20Brasil","https://www.google.com/maps/search/?api=1&query=beach%20sports%20em%20Itirapu%C3%A3%2C%20S%C3%A3o%20Paulo%2C%20Brasil","","",""
"3523800","Itobi","Campinas","a pesquisar","https://www.google.com/maps/search/?api=1&query=arena%20beach%20tennis%20em%20Itobi%2C%20S%C3%A3o%20Paulo%2C%20Brasil","https://www.google.com/maps/search/?api=1&query=arena%20futev%C3%B4lei%20em%20Itobi%2C%20S%C3%A3o%20Paulo%2C%20Brasil","https://www.google.com/maps/search/?api=1&query=quadra%20v%C3%B4lei%20de%20praia%20em%20Itobi%2C%20S%C3%A3o%20Paulo%2C%20Brasil","https://www.google.com/maps/search/?api=1&query=arena%20esportes%20de%20areia%20em%20Itobi%2C%20S%C3%A3o%20Paulo%2C%20Brasil","https://www.google.com/maps/search/?api=1&query=beach%20sports%20em%20Itobi%2C%20S%C3%A3o%20Paulo%2C%20Brasil","","",""
"3523909","Itu","Sorocaba","a pesquisar","https://www.google.com/maps/search/?api=1&query=arena%20beach%20tennis%20em%20Itu%2C%20S%C3%A3o%20Paulo%2C%20Brasil","https://www.google.com/maps/search/?api=1&query=arena%20futev%C3%B4lei%20em%20Itu%2C%20S%C3%A3o%20Paulo%2C%20Brasil","https://www.google.com/maps/search/?api=1&query=quadra%20v%C3%B4lei%20de%20praia%20em%20Itu%2C%20S%C3%A3o%20Paulo%2C%20Brasil","https://www.google.com/maps/search/?api=1&query=arena%20esportes%20de%20areia%20em%20Itu%2C%20S%C3%A3o%20Paulo%2C%20Brasil","https://www.google.com/maps/search/?api=1&query=beach%20sports%20em%20Itu%2C%20S%C3%A3o%20Paulo%2C%20Brasil","","",""
"3524006","Itupeva","Campinas","a pesquisar","https://www.google.com/maps/search/?api=1&query=arena%20beach%20tennis%20em%20Itupeva%2C%20S%C3%A3o%20Paulo%2C%20Brasil","https://www.google.com/maps/search/?api=1&query=arena%20futev%C3%B4lei%20em%20Itupeva%2C%20S%C3%A3o%20Paulo%2C%20Brasil","https://www.google.com/maps/search/?api=1&query=quadra%20v%C3%B4lei%20de%20praia%20em%20Itupeva%2C%20S%C3%A3o%20Paulo%2C%20Brasil","https://www.google.com/maps/search/?api=1&query=arena%20esportes%20de%20areia%20em%20Itupeva%2C%20S%C3%A3o%20Paulo%2C%20Brasil","https://www.google.com/maps/search/?api=1&query=beach%20sports%20em%20Itupeva%2C%20S%C3%A3o%20Paulo%2C%20Brasil","","",""
"3524105","Ituverava","Ribeirão Preto","a pesquisar","https://www.google.com/maps/search/?api=1&query=arena%20beach%20tennis%20em%20Ituverava%2C%20S%C3%A3o%20Paulo%2C%20Brasil","https://www.google.com/maps/search/?api=1&query=arena%20futev%C3%B4lei%20em%20Ituverava%2C%20S%C3%A3o%20Paulo%2C%20Brasil","https://www.google.com/maps/search/?api=1&query=quadra%20v%C3%B4lei%20de%20praia%20em%20Ituverava%2C%20S%C3%A3o%20Paulo%2C%20Brasil","https://www.google.com/maps/search/?api=1&query=arena%20esportes%20de%20areia%20em%20Ituverava%2C%20S%C3%A3o%20Paulo%2C%20Brasil","https://www.google.com/maps/search/?api=1&query=beach%20sports%20em%20Ituverava%2C%20S%C3%A3o%20Paulo%2C%20Brasil","","",""
"3524204","Jaborandi","Ribeirão Preto","a pesquisar","https://www.google.com/maps/search/?api=1&query=arena%20beach%20tennis%20em%20Jaborandi%2C%20S%C3%A3o%20Paulo%2C%20Brasil","https://www.google.com/maps/search/?api=1&query=arena%20futev%C3%B4lei%20em%20Jaborandi%2C%20S%C3%A3o%20Paulo%2C%20Brasil","https://www.google.com/maps/search/?api=1&query=quadra%20v%C3%B4lei%20de%20praia%20em%20Jaborandi%2C%20S%C3%A3o%20Paulo%2C%20Brasil","https://www.google.com/maps/search/?api=1&query=arena%20esportes%20de%20areia%20em%20Jaborandi%2C%20S%C3%A3o%20Paulo%2C%20Brasil","https://www.google.com/maps/search/?api=1&query=beach%20sports%20em%20Jaborandi%2C%20S%C3%A3o%20Paulo%2C%20Brasil","","",""
"3524303","Jaboticabal","Ribeirão Preto","a pesquisar","https://www.google.com/maps/search/?api=1&query=arena%20beach%20tennis%20em%20Jaboticabal%2C%20S%C3%A3o%20Paulo%2C%20Brasil","https://www.google.com/maps/search/?api=1&query=arena%20futev%C3%B4lei%20em%20Jaboticabal%2C%20S%C3%A3o%20Paulo%2C%20Brasil","https://www.google.com/maps/search/?api=1&query=quadra%20v%C3%B4lei%20de%20praia%20em%20Jaboticabal%2C%20S%C3%A3o%20Paulo%2C%20Brasil","https://www.google.com/maps/search/?api=1&query=arena%20esportes%20de%20areia%20em%20Jaboticabal%2C%20S%C3%A3o%20Paulo%2C%20Brasil","https://www.google.com/maps/search/?api=1&query=beach%20sports%20em%20Jaboticabal%2C%20S%C3%A3o%20Paulo%2C%20Brasil","","",""
"3524402","Jacareí","São José dos Campos","a pesquisar","https://www.google.com/maps/search/?api=1&query=arena%20beach%20tennis%20em%20Jacare%C3%AD%2C%20S%C3%A3o%20Paulo%2C%20Brasil","https://www.google.com/maps/search/?api=1&query=arena%20futev%C3%B4lei%20em%20Jacare%C3%AD%2C%20S%C3%A3o%20Paulo%2C%20Brasil","https://www.google.com/maps/search/?api=1&query=quadra%20v%C3%B4lei%20de%20praia%20em%20Jacare%C3%AD%2C%20S%C3%A3o%20Paulo%2C%20Brasil","https://www.google.com/maps/search/?api=1&query=arena%20esportes%20de%20areia%20em%20Jacare%C3%AD%2C%20S%C3%A3o%20Paulo%2C%20Brasil","https://www.google.com/maps/search/?api=1&query=beach%20sports%20em%20Jacare%C3%AD%2C%20S%C3%A3o%20Paulo%2C%20Brasil","","",""
"3524501","Jaci","São José do Rio Preto","a pesquisar","https://www.google.com/maps/search/?api=1&query=arena%20beach%20tennis%20em%20Jaci%2C%20S%C3%A3o%20Paulo%2C%20Brasil","https://www.google.com/maps/search/?api=1&query=arena%20futev%C3%B4lei%20em%20Jaci%2C%20S%C3%A3o%20Paulo%2C%20Brasil","https://www.google.com/maps/search/?api=1&query=quadra%20v%C3%B4lei%20de%20praia%20em%20Jaci%2C%20S%C3%A3o%20Paulo%2C%20Brasil","https://www.google.com/maps/search/?api=1&query=arena%20esportes%20de%20areia%20em%20Jaci%2C%20S%C3%A3o%20Paulo%2C%20Brasil","https://www.google.com/maps/search/?api=1&query=beach%20sports%20em%20Jaci%2C%20S%C3%A3o%20Paulo%2C%20Brasil","","",""
"3524600","Jacupiranga","Sorocaba","a pesquisar","https://www.google.com/maps/search/?api=1&query=arena%20beach%20tennis%20em%20Jacupiranga%2C%20S%C3%A3o%20Paulo%2C%20Brasil","https://www.google.com/maps/search/?api=1&query=arena%20futev%C3%B4lei%20em%20Jacupiranga%2C%20S%C3%A3o%20Paulo%2C%20Brasil","https://www.google.com/maps/search/?api=1&query=quadra%20v%C3%B4lei%20de%20praia%20em%20Jacupiranga%2C%20S%C3%A3o%20Paulo%2C%20Brasil","https://www.google.com/maps/search/?api=1&query=arena%20esportes%20de%20areia%20em%20Jacupiranga%2C%20S%C3%A3o%20Paulo%2C%20Brasil","https://www.google.com/maps/search/?api=1&query=beach%20sports%20em%20Jacupiranga%2C%20S%C3%A3o%20Paulo%2C%20Brasil","","",""
"3524709","Jaguariúna","Campinas","a pesquisar","https://www.google.com/maps/search/?api=1&query=arena%20beach%20tennis%20em%20Jaguari%C3%BAna%2C%20S%C3%A3o%20Paulo%2C%20Brasil","https://www.google.com/maps/search/?api=1&query=arena%20futev%C3%B4lei%20em%20Jaguari%C3%BAna%2C%20S%C3%A3o%20Paulo%2C%20Brasil","https://www.google.com/maps/search/?api=1&query=quadra%20v%C3%B4lei%20de%20praia%20em%20Jaguari%C3%BAna%2C%20S%C3%A3o%20Paulo%2C%20Brasil","https://www.google.com/maps/search/?api=1&query=arena%20esportes%20de%20areia%20em%20Jaguari%C3%BAna%2C%20S%C3%A3o%20Paulo%2C%20Brasil","https://www.google.com/maps/search/?api=1&query=beach%20sports%20em%20Jaguari%C3%BAna%2C%20S%C3%A3o%20Paulo%2C%20Brasil","","",""
"3524808","Jales","São José do Rio Preto","a pesquisar","https://www.google.com/maps/search/?api=1&query=arena%20beach%20tennis%20em%20Jales%2C%20S%C3%A3o%20Paulo%2C%20Brasil","https://www.google.com/maps/search/?api=1&query=arena%20futev%C3%B4lei%20em%20Jales%2C%20S%C3%A3o%20Paulo%2C%20Brasil","https://www.google.com/maps/search/?api=1&query=quadra%20v%C3%B4lei%20de%20praia%20em%20Jales%2C%20S%C3%A3o%20Paulo%2C%20Brasil","https://www.google.com/maps/search/?api=1&query=arena%20esportes%20de%20areia%20em%20Jales%2C%20S%C3%A3o%20Paulo%2C%20Brasil","https://www.google.com/maps/search/?api=1&query=beach%20sports%20em%20Jales%2C%20S%C3%A3o%20Paulo%2C%20Brasil","","",""
"3524907","Jambeiro","São José dos Campos","a pesquisar","https://www.google.com/maps/search/?api=1&query=arena%20beach%20tennis%20em%20Jambeiro%2C%20S%C3%A3o%20Paulo%2C%20Brasil","https://www.google.com/maps/search/?api=1&query=arena%20futev%C3%B4lei%20em%20Jambeiro%2C%20S%C3%A3o%20Paulo%2C%20Brasil","https://www.google.com/maps/search/?api=1&query=quadra%20v%C3%B4lei%20de%20praia%20em%20Jambeiro%2C%20S%C3%A3o%20Paulo%2C%20Brasil","https://www.google.com/maps/search/?api=1&query=arena%20esportes%20de%20areia%20em%20Jambeiro%2C%20S%C3%A3o%20Paulo%2C%20Brasil","https://www.google.com/maps/search/?api=1&query=beach%20sports%20em%20Jambeiro%2C%20S%C3%A3o%20Paulo%2C%20Brasil","","",""
"3525003","Jandira","São Paulo","a pesquisar","https://www.google.com/maps/search/?api=1&query=arena%20beach%20tennis%20em%20Jandira%2C%20S%C3%A3o%20Paulo%2C%20Brasil","https://www.google.com/maps/search/?api=1&query=arena%20futev%C3%B4lei%20em%20Jandira%2C%20S%C3%A3o%20Paulo%2C%20Brasil","https://www.google.com/maps/search/?api=1&query=quadra%20v%C3%B4lei%20de%20praia%20em%20Jandira%2C%20S%C3%A3o%20Paulo%2C%20Brasil","https://www.google.com/maps/search/?api=1&query=arena%20esportes%20de%20areia%20em%20Jandira%2C%20S%C3%A3o%20Paulo%2C%20Brasil","https://www.google.com/maps/search/?api=1&query=beach%20sports%20em%20Jandira%2C%20S%C3%A3o%20Paulo%2C%20Brasil","","",""
"3525102","Jardinópolis","Ribeirão Preto","a pesquisar","https://www.google.com/maps/search/?api=1&query=arena%20beach%20tennis%20em%20Jardin%C3%B3polis%2C%20S%C3%A3o%20Paulo%2C%20Brasil","https://www.google.com/maps/search/?api=1&query=arena%20futev%C3%B4lei%20em%20Jardin%C3%B3polis%2C%20S%C3%A3o%20Paulo%2C%20Brasil","https://www.google.com/maps/search/?api=1&query=quadra%20v%C3%B4lei%20de%20praia%20em%20Jardin%C3%B3polis%2C%20S%C3%A3o%20Paulo%2C%20Brasil","https://www.google.com/maps/search/?api=1&query=arena%20esportes%20de%20areia%20em%20Jardin%C3%B3polis%2C%20S%C3%A3o%20Paulo%2C%20Brasil","https://www.google.com/maps/search/?api=1&query=beach%20sports%20em%20Jardin%C3%B3polis%2C%20S%C3%A3o%20Paulo%2C%20Brasil","","",""
"3525201","Jarinu","Campinas","a pesquisar","https://www.google.com/maps/search/?api=1&query=arena%20beach%20tennis%20em%20Jarinu%2C%20S%C3%A3o%20Paulo%2C%20Brasil","https://www.google.com/maps/search/?api=1&query=arena%20futev%C3%B4lei%20em%20Jarinu%2C%20S%C3%A3o%20Paulo%2C%20Brasil","https://www.google.com/maps/search/?api=1&query=quadra%20v%C3%B4lei%20de%20praia%20em%20Jarinu%2C%20S%C3%A3o%20Paulo%2C%20Brasil","https://www.google.com/maps/search/?api=1&query=arena%20esportes%20de%20areia%20em%20Jarinu%2C%20S%C3%A3o%20Paulo%2C%20Brasil","https://www.google.com/maps/search/?api=1&query=beach%20sports%20em%20Jarinu%2C%20S%C3%A3o%20Paulo%2C%20Brasil","","",""
"3525300","Jaú","Bauru","a pesquisar","https://www.google.com/maps/search/?api=1&query=arena%20beach%20tennis%20em%20Ja%C3%BA%2C%20S%C3%A3o%20Paulo%2C%20Brasil","https://www.google.com/maps/search/?api=1&query=arena%20futev%C3%B4lei%20em%20Ja%C3%BA%2C%20S%C3%A3o%20Paulo%2C%20Brasil","https://www.google.com/maps/search/?api=1&query=quadra%20v%C3%B4lei%20de%20praia%20em%20Ja%C3%BA%2C%20S%C3%A3o%20Paulo%2C%20Brasil","https://www.google.com/maps/search/?api=1&query=arena%20esportes%20de%20areia%20em%20Ja%C3%BA%2C%20S%C3%A3o%20Paulo%2C%20Brasil","https://www.google.com/maps/search/?api=1&query=beach%20sports%20em%20Ja%C3%BA%2C%20S%C3%A3o%20Paulo%2C%20Brasil","","",""
"3525409","Jeriquara","Ribeirão Preto","a pesquisar","https://www.google.com/maps/search/?api=1&query=arena%20beach%20tennis%20em%20Jeriquara%2C%20S%C3%A3o%20Paulo%2C%20Brasil","https://www.google.com/maps/search/?api=1&query=arena%20futev%C3%B4lei%20em%20Jeriquara%2C%20S%C3%A3o%20Paulo%2C%20Brasil","https://www.google.com/maps/search/?api=1&query=quadra%20v%C3%B4lei%20de%20praia%20em%20Jeriquara%2C%20S%C3%A3o%20Paulo%2C%20Brasil","https://www.google.com/maps/search/?api=1&query=arena%20esportes%20de%20areia%20em%20Jeriquara%2C%20S%C3%A3o%20Paulo%2C%20Brasil","https://www.google.com/maps/search/?api=1&query=beach%20sports%20em%20Jeriquara%2C%20S%C3%A3o%20Paulo%2C%20Brasil","","",""
"3525508","Joanópolis","Campinas","a pesquisar","https://www.google.com/maps/search/?api=1&query=arena%20beach%20tennis%20em%20Joan%C3%B3polis%2C%20S%C3%A3o%20Paulo%2C%20Brasil","https://www.google.com/maps/search/?api=1&query=arena%20futev%C3%B4lei%20em%20Joan%C3%B3polis%2C%20S%C3%A3o%20Paulo%2C%20Brasil","https://www.google.com/maps/search/?api=1&query=quadra%20v%C3%B4lei%20de%20praia%20em%20Joan%C3%B3polis%2C%20S%C3%A3o%20Paulo%2C%20Brasil","https://www.google.com/maps/search/?api=1&query=arena%20esportes%20de%20areia%20em%20Joan%C3%B3polis%2C%20S%C3%A3o%20Paulo%2C%20Brasil","https://www.google.com/maps/search/?api=1&query=beach%20sports%20em%20Joan%C3%B3polis%2C%20S%C3%A3o%20Paulo%2C%20Brasil","","",""
"3525607","João Ramalho","Presidente Prudente","a pesquisar","https://www.google.com/maps/search/?api=1&query=arena%20beach%20tennis%20em%20Jo%C3%A3o%20Ramalho%2C%20S%C3%A3o%20Paulo%2C%20Brasil","https://www.google.com/maps/search/?api=1&query=arena%20futev%C3%B4lei%20em%20Jo%C3%A3o%20Ramalho%2C%20S%C3%A3o%20Paulo%2C%20Brasil","https://www.google.com/maps/search/?api=1&query=quadra%20v%C3%B4lei%20de%20praia%20em%20Jo%C3%A3o%20Ramalho%2C%20S%C3%A3o%20Paulo%2C%20Brasil","https://www.google.com/maps/search/?api=1&query=arena%20esportes%20de%20areia%20em%20Jo%C3%A3o%20Ramalho%2C%20S%C3%A3o%20Paulo%2C%20Brasil","https://www.google.com/maps/search/?api=1&query=beach%20sports%20em%20Jo%C3%A3o%20Ramalho%2C%20S%C3%A3o%20Paulo%2C%20Brasil","","",""
"3525706","José Bonifácio","São José do Rio Preto","a pesquisar","https://www.google.com/maps/search/?api=1&query=arena%20beach%20tennis%20em%20Jos%C3%A9%20Bonif%C3%A1cio%2C%20S%C3%A3o%20Paulo%2C%20Brasil","https://www.google.com/maps/search/?api=1&query=arena%20futev%C3%B4lei%20em%20Jos%C3%A9%20Bonif%C3%A1cio%2C%20S%C3%A3o%20Paulo%2C%20Brasil","https://www.google.com/maps/search/?api=1&query=quadra%20v%C3%B4lei%20de%20praia%20em%20Jos%C3%A9%20Bonif%C3%A1cio%2C%20S%C3%A3o%20Paulo%2C%20Brasil","https://www.google.com/maps/search/?api=1&query=arena%20esportes%20de%20areia%20em%20Jos%C3%A9%20Bonif%C3%A1cio%2C%20S%C3%A3o%20Paulo%2C%20Brasil","https://www.google.com/maps/search/?api=1&query=beach%20sports%20em%20Jos%C3%A9%20Bonif%C3%A1cio%2C%20S%C3%A3o%20Paulo%2C%20Brasil","","",""
"3525805","Júlio Mesquita","Marília","a pesquisar","https://www.google.com/maps/search/?api=1&query=arena%20beach%20tennis%20em%20J%C3%BAlio%20Mesquita%2C%20S%C3%A3o%20Paulo%2C%20Brasil","https://www.google.com/maps/search/?api=1&query=arena%20futev%C3%B4lei%20em%20J%C3%BAlio%20Mesquita%2C%20S%C3%A3o%20Paulo%2C%20Brasil","https://www.google.com/maps/search/?api=1&query=quadra%20v%C3%B4lei%20de%20praia%20em%20J%C3%BAlio%20Mesquita%2C%20S%C3%A3o%20Paulo%2C%20Brasil","https://www.google.com/maps/search/?api=1&query=arena%20esportes%20de%20areia%20em%20J%C3%BAlio%20Mesquita%2C%20S%C3%A3o%20Paulo%2C%20Brasil","https://www.google.com/maps/search/?api=1&query=beach%20sports%20em%20J%C3%BAlio%20Mesquita%2C%20S%C3%A3o%20Paulo%2C%20Brasil","","",""
"3525854","Jumirim","Sorocaba","a pesquisar","https://www.google.com/maps/search/?api=1&query=arena%20beach%20tennis%20em%20Jumirim%2C%20S%C3%A3o%20Paulo%2C%20Brasil","https://www.google.com/maps/search/?api=1&query=arena%20futev%C3%B4lei%20em%20Jumirim%2C%20S%C3%A3o%20Paulo%2C%20Brasil","https://www.google.com/maps/search/?api=1&query=quadra%20v%C3%B4lei%20de%20praia%20em%20Jumirim%2C%20S%C3%A3o%20Paulo%2C%20Brasil","https://www.google.com/maps/search/?api=1&query=arena%20esportes%20de%20areia%20em%20Jumirim%2C%20S%C3%A3o%20Paulo%2C%20Brasil","https://www.google.com/maps/search/?api=1&query=beach%20sports%20em%20Jumirim%2C%20S%C3%A3o%20Paulo%2C%20Brasil","","",""
"3525904","Jundiaí","Campinas","pesquisa pública parcial","https://www.google.com/maps/search/?api=1&query=arena%20beach%20tennis%20em%20Jundia%C3%AD%2C%20S%C3%A3o%20Paulo%2C%20Brasil","https://www.google.com/maps/search/?api=1&query=arena%20futev%C3%B4lei%20em%20Jundia%C3%AD%2C%20S%C3%A3o%20Paulo%2C%20Brasil","https://www.google.com/maps/search/?api=1&query=quadra%20v%C3%B4lei%20de%20praia%20em%20Jundia%C3%AD%2C%20S%C3%A3o%20Paulo%2C%20Brasil","https://www.google.com/maps/search/?api=1&query=arena%20esportes%20de%20areia%20em%20Jundia%C3%AD%2C%20S%C3%A3o%20Paulo%2C%20Brasil","https://www.google.com/maps/search/?api=1&query=beach%20sports%20em%20Jundia%C3%AD%2C%20S%C3%A3o%20Paulo%2C%20Brasil","2026-09-13","1","Unidades validadas neste lote: 1. Consultas Maps da fila não executadas; cobertura municipal incompleta."
"3526001","Junqueirópolis","Presidente Prudente","a pesquisar","https://www.google.com/maps/search/?api=1&query=arena%20beach%20tennis%20em%20Junqueir%C3%B3polis%2C%20S%C3%A3o%20Paulo%2C%20Brasil","https://www.google.com/maps/search/?api=1&query=arena%20futev%C3%B4lei%20em%20Junqueir%C3%B3polis%2C%20S%C3%A3o%20Paulo%2C%20Brasil","https://www.google.com/maps/search/?api=1&query=quadra%20v%C3%B4lei%20de%20praia%20em%20Junqueir%C3%B3polis%2C%20S%C3%A3o%20Paulo%2C%20Brasil","https://www.google.com/maps/search/?api=1&query=arena%20esportes%20de%20areia%20em%20Junqueir%C3%B3polis%2C%20S%C3%A3o%20Paulo%2C%20Brasil","https://www.google.com/maps/search/?api=1&query=beach%20sports%20em%20Junqueir%C3%B3polis%2C%20S%C3%A3o%20Paulo%2C%20Brasil","","",""
"3526100","Juquiá","Sorocaba","a pesquisar","https://www.google.com/maps/search/?api=1&query=arena%20beach%20tennis%20em%20Juqui%C3%A1%2C%20S%C3%A3o%20Paulo%2C%20Brasil","https://www.google.com/maps/search/?api=1&query=arena%20futev%C3%B4lei%20em%20Juqui%C3%A1%2C%20S%C3%A3o%20Paulo%2C%20Brasil","https://www.google.com/maps/search/?api=1&query=quadra%20v%C3%B4lei%20de%20praia%20em%20Juqui%C3%A1%2C%20S%C3%A3o%20Paulo%2C%20Brasil","https://www.google.com/maps/search/?api=1&query=arena%20esportes%20de%20areia%20em%20Juqui%C3%A1%2C%20S%C3%A3o%20Paulo%2C%20Brasil","https://www.google.com/maps/search/?api=1&query=beach%20sports%20em%20Juqui%C3%A1%2C%20S%C3%A3o%20Paulo%2C%20Brasil","","",""
"3526209","Juquitiba","São Paulo","a pesquisar","https://www.google.com/maps/search/?api=1&query=arena%20beach%20tennis%20em%20Juquitiba%2C%20S%C3%A3o%20Paulo%2C%20Brasil","https://www.google.com/maps/search/?api=1&query=arena%20futev%C3%B4lei%20em%20Juquitiba%2C%20S%C3%A3o%20Paulo%2C%20Brasil","https://www.google.com/maps/search/?api=1&query=quadra%20v%C3%B4lei%20de%20praia%20em%20Juquitiba%2C%20S%C3%A3o%20Paulo%2C%20Brasil","https://www.google.com/maps/search/?api=1&query=arena%20esportes%20de%20areia%20em%20Juquitiba%2C%20S%C3%A3o%20Paulo%2C%20Brasil","https://www.google.com/maps/search/?api=1&query=beach%20sports%20em%20Juquitiba%2C%20S%C3%A3o%20Paulo%2C%20Brasil","","",""
"3526308","Lagoinha","São José dos Campos","a pesquisar","https://www.google.com/maps/search/?api=1&query=arena%20beach%20tennis%20em%20Lagoinha%2C%20S%C3%A3o%20Paulo%2C%20Brasil","https://www.google.com/maps/search/?api=1&query=arena%20futev%C3%B4lei%20em%20Lagoinha%2C%20S%C3%A3o%20Paulo%2C%20Brasil","https://www.google.com/maps/search/?api=1&query=quadra%20v%C3%B4lei%20de%20praia%20em%20Lagoinha%2C%20S%C3%A3o%20Paulo%2C%20Brasil","https://www.google.com/maps/search/?api=1&query=arena%20esportes%20de%20areia%20em%20Lagoinha%2C%20S%C3%A3o%20Paulo%2C%20Brasil","https://www.google.com/maps/search/?api=1&query=beach%20sports%20em%20Lagoinha%2C%20S%C3%A3o%20Paulo%2C%20Brasil","","",""
"3526407","Laranjal Paulista","Campinas","a pesquisar","https://www.google.com/maps/search/?api=1&query=arena%20beach%20tennis%20em%20Laranjal%20Paulista%2C%20S%C3%A3o%20Paulo%2C%20Brasil","https://www.google.com/maps/search/?api=1&query=arena%20futev%C3%B4lei%20em%20Laranjal%20Paulista%2C%20S%C3%A3o%20Paulo%2C%20Brasil","https://www.google.com/maps/search/?api=1&query=quadra%20v%C3%B4lei%20de%20praia%20em%20Laranjal%20Paulista%2C%20S%C3%A3o%20Paulo%2C%20Brasil","https://www.google.com/maps/search/?api=1&query=arena%20esportes%20de%20areia%20em%20Laranjal%20Paulista%2C%20S%C3%A3o%20Paulo%2C%20Brasil","https://www.google.com/maps/search/?api=1&query=beach%20sports%20em%20Laranjal%20Paulista%2C%20S%C3%A3o%20Paulo%2C%20Brasil","","",""
"3526506","Lavínia","Araçatuba","a pesquisar","https://www.google.com/maps/search/?api=1&query=arena%20beach%20tennis%20em%20Lav%C3%ADnia%2C%20S%C3%A3o%20Paulo%2C%20Brasil","https://www.google.com/maps/search/?api=1&query=arena%20futev%C3%B4lei%20em%20Lav%C3%ADnia%2C%20S%C3%A3o%20Paulo%2C%20Brasil","https://www.google.com/maps/search/?api=1&query=quadra%20v%C3%B4lei%20de%20praia%20em%20Lav%C3%ADnia%2C%20S%C3%A3o%20Paulo%2C%20Brasil","https://www.google.com/maps/search/?api=1&query=arena%20esportes%20de%20areia%20em%20Lav%C3%ADnia%2C%20S%C3%A3o%20Paulo%2C%20Brasil","https://www.google.com/maps/search/?api=1&query=beach%20sports%20em%20Lav%C3%ADnia%2C%20S%C3%A3o%20Paulo%2C%20Brasil","","",""
"3526605","Lavrinhas","São José dos Campos","a pesquisar","https://www.google.com/maps/search/?api=1&query=arena%20beach%20tennis%20em%20Lavrinhas%2C%20S%C3%A3o%20Paulo%2C%20Brasil","https://www.google.com/maps/search/?api=1&query=arena%20futev%C3%B4lei%20em%20Lavrinhas%2C%20S%C3%A3o%20Paulo%2C%20Brasil","https://www.google.com/maps/search/?api=1&query=quadra%20v%C3%B4lei%20de%20praia%20em%20Lavrinhas%2C%20S%C3%A3o%20Paulo%2C%20Brasil","https://www.google.com/maps/search/?api=1&query=arena%20esportes%20de%20areia%20em%20Lavrinhas%2C%20S%C3%A3o%20Paulo%2C%20Brasil","https://www.google.com/maps/search/?api=1&query=beach%20sports%20em%20Lavrinhas%2C%20S%C3%A3o%20Paulo%2C%20Brasil","","",""
"3526704","Leme","Campinas","a pesquisar","https://www.google.com/maps/search/?api=1&query=arena%20beach%20tennis%20em%20Leme%2C%20S%C3%A3o%20Paulo%2C%20Brasil","https://www.google.com/maps/search/?api=1&query=arena%20futev%C3%B4lei%20em%20Leme%2C%20S%C3%A3o%20Paulo%2C%20Brasil","https://www.google.com/maps/search/?api=1&query=quadra%20v%C3%B4lei%20de%20praia%20em%20Leme%2C%20S%C3%A3o%20Paulo%2C%20Brasil","https://www.google.com/maps/search/?api=1&query=arena%20esportes%20de%20areia%20em%20Leme%2C%20S%C3%A3o%20Paulo%2C%20Brasil","https://www.google.com/maps/search/?api=1&query=beach%20sports%20em%20Leme%2C%20S%C3%A3o%20Paulo%2C%20Brasil","","",""
"3526803","Lençóis Paulista","Bauru","a pesquisar","https://www.google.com/maps/search/?api=1&query=arena%20beach%20tennis%20em%20Len%C3%A7%C3%B3is%20Paulista%2C%20S%C3%A3o%20Paulo%2C%20Brasil","https://www.google.com/maps/search/?api=1&query=arena%20futev%C3%B4lei%20em%20Len%C3%A7%C3%B3is%20Paulista%2C%20S%C3%A3o%20Paulo%2C%20Brasil","https://www.google.com/maps/search/?api=1&query=quadra%20v%C3%B4lei%20de%20praia%20em%20Len%C3%A7%C3%B3is%20Paulista%2C%20S%C3%A3o%20Paulo%2C%20Brasil","https://www.google.com/maps/search/?api=1&query=arena%20esportes%20de%20areia%20em%20Len%C3%A7%C3%B3is%20Paulista%2C%20S%C3%A3o%20Paulo%2C%20Brasil","https://www.google.com/maps/search/?api=1&query=beach%20sports%20em%20Len%C3%A7%C3%B3is%20Paulista%2C%20S%C3%A3o%20Paulo%2C%20Brasil","","",""
"3526902","Limeira","Campinas","pesquisa pública parcial","https://www.google.com/maps/search/?api=1&query=arena%20beach%20tennis%20em%20Limeira%2C%20S%C3%A3o%20Paulo%2C%20Brasil","https://www.google.com/maps/search/?api=1&query=arena%20futev%C3%B4lei%20em%20Limeira%2C%20S%C3%A3o%20Paulo%2C%20Brasil","https://www.google.com/maps/search/?api=1&query=quadra%20v%C3%B4lei%20de%20praia%20em%20Limeira%2C%20S%C3%A3o%20Paulo%2C%20Brasil","https://www.google.com/maps/search/?api=1&query=arena%20esportes%20de%20areia%20em%20Limeira%2C%20S%C3%A3o%20Paulo%2C%20Brasil","https://www.google.com/maps/search/?api=1&query=beach%20sports%20em%20Limeira%2C%20S%C3%A3o%20Paulo%2C%20Brasil","2026-09-13","0","Unidades validadas neste lote: 0. Consultas Maps da fila não executadas; cobertura municipal incompleta."
"3527009","Lindóia","Campinas","a pesquisar","https://www.google.com/maps/search/?api=1&query=arena%20beach%20tennis%20em%20Lind%C3%B3ia%2C%20S%C3%A3o%20Paulo%2C%20Brasil","https://www.google.com/maps/search/?api=1&query=arena%20futev%C3%B4lei%20em%20Lind%C3%B3ia%2C%20S%C3%A3o%20Paulo%2C%20Brasil","https://www.google.com/maps/search/?api=1&query=quadra%20v%C3%B4lei%20de%20praia%20em%20Lind%C3%B3ia%2C%20S%C3%A3o%20Paulo%2C%20Brasil","https://www.google.com/maps/search/?api=1&query=arena%20esportes%20de%20areia%20em%20Lind%C3%B3ia%2C%20S%C3%A3o%20Paulo%2C%20Brasil","https://www.google.com/maps/search/?api=1&query=beach%20sports%20em%20Lind%C3%B3ia%2C%20S%C3%A3o%20Paulo%2C%20Brasil","","",""
"3527108","Lins","Bauru","a pesquisar","https://www.google.com/maps/search/?api=1&query=arena%20beach%20tennis%20em%20Lins%2C%20S%C3%A3o%20Paulo%2C%20Brasil","https://www.google.com/maps/search/?api=1&query=arena%20futev%C3%B4lei%20em%20Lins%2C%20S%C3%A3o%20Paulo%2C%20Brasil","https://www.google.com/maps/search/?api=1&query=quadra%20v%C3%B4lei%20de%20praia%20em%20Lins%2C%20S%C3%A3o%20Paulo%2C%20Brasil","https://www.google.com/maps/search/?api=1&query=arena%20esportes%20de%20areia%20em%20Lins%2C%20S%C3%A3o%20Paulo%2C%20Brasil","https://www.google.com/maps/search/?api=1&query=beach%20sports%20em%20Lins%2C%20S%C3%A3o%20Paulo%2C%20Brasil","","",""
"3527207","Lorena","São José dos Campos","a pesquisar","https://www.google.com/maps/search/?api=1&query=arena%20beach%20tennis%20em%20Lorena%2C%20S%C3%A3o%20Paulo%2C%20Brasil","https://www.google.com/maps/search/?api=1&query=arena%20futev%C3%B4lei%20em%20Lorena%2C%20S%C3%A3o%20Paulo%2C%20Brasil","https://www.google.com/maps/search/?api=1&query=quadra%20v%C3%B4lei%20de%20praia%20em%20Lorena%2C%20S%C3%A3o%20Paulo%2C%20Brasil","https://www.google.com/maps/search/?api=1&query=arena%20esportes%20de%20areia%20em%20Lorena%2C%20S%C3%A3o%20Paulo%2C%20Brasil","https://www.google.com/maps/search/?api=1&query=beach%20sports%20em%20Lorena%2C%20S%C3%A3o%20Paulo%2C%20Brasil","","",""
"3527256","Lourdes","Araçatuba","a pesquisar","https://www.google.com/maps/search/?api=1&query=arena%20beach%20tennis%20em%20Lourdes%2C%20S%C3%A3o%20Paulo%2C%20Brasil","https://www.google.com/maps/search/?api=1&query=arena%20futev%C3%B4lei%20em%20Lourdes%2C%20S%C3%A3o%20Paulo%2C%20Brasil","https://www.google.com/maps/search/?api=1&query=quadra%20v%C3%B4lei%20de%20praia%20em%20Lourdes%2C%20S%C3%A3o%20Paulo%2C%20Brasil","https://www.google.com/maps/search/?api=1&query=arena%20esportes%20de%20areia%20em%20Lourdes%2C%20S%C3%A3o%20Paulo%2C%20Brasil","https://www.google.com/maps/search/?api=1&query=beach%20sports%20em%20Lourdes%2C%20S%C3%A3o%20Paulo%2C%20Brasil","","",""
"3527306","Louveira","Campinas","a pesquisar","https://www.google.com/maps/search/?api=1&query=arena%20beach%20tennis%20em%20Louveira%2C%20S%C3%A3o%20Paulo%2C%20Brasil","https://www.google.com/maps/search/?api=1&query=arena%20futev%C3%B4lei%20em%20Louveira%2C%20S%C3%A3o%20Paulo%2C%20Brasil","https://www.google.com/maps/search/?api=1&query=quadra%20v%C3%B4lei%20de%20praia%20em%20Louveira%2C%20S%C3%A3o%20Paulo%2C%20Brasil","https://www.google.com/maps/search/?api=1&query=arena%20esportes%20de%20areia%20em%20Louveira%2C%20S%C3%A3o%20Paulo%2C%20Brasil","https://www.google.com/maps/search/?api=1&query=beach%20sports%20em%20Louveira%2C%20S%C3%A3o%20Paulo%2C%20Brasil","","",""
"3527405","Lucélia","Presidente Prudente","a pesquisar","https://www.google.com/maps/search/?api=1&query=arena%20beach%20tennis%20em%20Luc%C3%A9lia%2C%20S%C3%A3o%20Paulo%2C%20Brasil","https://www.google.com/maps/search/?api=1&query=arena%20futev%C3%B4lei%20em%20Luc%C3%A9lia%2C%20S%C3%A3o%20Paulo%2C%20Brasil","https://www.google.com/maps/search/?api=1&query=quadra%20v%C3%B4lei%20de%20praia%20em%20Luc%C3%A9lia%2C%20S%C3%A3o%20Paulo%2C%20Brasil","https://www.google.com/maps/search/?api=1&query=arena%20esportes%20de%20areia%20em%20Luc%C3%A9lia%2C%20S%C3%A3o%20Paulo%2C%20Brasil","https://www.google.com/maps/search/?api=1&query=beach%20sports%20em%20Luc%C3%A9lia%2C%20S%C3%A3o%20Paulo%2C%20Brasil","","",""
"3527504","Lucianópolis","Bauru","a pesquisar","https://www.google.com/maps/search/?api=1&query=arena%20beach%20tennis%20em%20Lucian%C3%B3polis%2C%20S%C3%A3o%20Paulo%2C%20Brasil","https://www.google.com/maps/search/?api=1&query=arena%20futev%C3%B4lei%20em%20Lucian%C3%B3polis%2C%20S%C3%A3o%20Paulo%2C%20Brasil","https://www.google.com/maps/search/?api=1&query=quadra%20v%C3%B4lei%20de%20praia%20em%20Lucian%C3%B3polis%2C%20S%C3%A3o%20Paulo%2C%20Brasil","https://www.google.com/maps/search/?api=1&query=arena%20esportes%20de%20areia%20em%20Lucian%C3%B3polis%2C%20S%C3%A3o%20Paulo%2C%20Brasil","https://www.google.com/maps/search/?api=1&query=beach%20sports%20em%20Lucian%C3%B3polis%2C%20S%C3%A3o%20Paulo%2C%20Brasil","","",""
"3527603","Luís Antônio","Ribeirão Preto","a pesquisar","https://www.google.com/maps/search/?api=1&query=arena%20beach%20tennis%20em%20Lu%C3%ADs%20Ant%C3%B4nio%2C%20S%C3%A3o%20Paulo%2C%20Brasil","https://www.google.com/maps/search/?api=1&query=arena%20futev%C3%B4lei%20em%20Lu%C3%ADs%20Ant%C3%B4nio%2C%20S%C3%A3o%20Paulo%2C%20Brasil","https://www.google.com/maps/search/?api=1&query=quadra%20v%C3%B4lei%20de%20praia%20em%20Lu%C3%ADs%20Ant%C3%B4nio%2C%20S%C3%A3o%20Paulo%2C%20Brasil","https://www.google.com/maps/search/?api=1&query=arena%20esportes%20de%20areia%20em%20Lu%C3%ADs%20Ant%C3%B4nio%2C%20S%C3%A3o%20Paulo%2C%20Brasil","https://www.google.com/maps/search/?api=1&query=beach%20sports%20em%20Lu%C3%ADs%20Ant%C3%B4nio%2C%20S%C3%A3o%20Paulo%2C%20Brasil","","",""
"3527702","Luiziânia","Araçatuba","a pesquisar","https://www.google.com/maps/search/?api=1&query=arena%20beach%20tennis%20em%20Luizi%C3%A2nia%2C%20S%C3%A3o%20Paulo%2C%20Brasil","https://www.google.com/maps/search/?api=1&query=arena%20futev%C3%B4lei%20em%20Luizi%C3%A2nia%2C%20S%C3%A3o%20Paulo%2C%20Brasil","https://www.google.com/maps/search/?api=1&query=quadra%20v%C3%B4lei%20de%20praia%20em%20Luizi%C3%A2nia%2C%20S%C3%A3o%20Paulo%2C%20Brasil","https://www.google.com/maps/search/?api=1&query=arena%20esportes%20de%20areia%20em%20Luizi%C3%A2nia%2C%20S%C3%A3o%20Paulo%2C%20Brasil","https://www.google.com/maps/search/?api=1&query=beach%20sports%20em%20Luizi%C3%A2nia%2C%20S%C3%A3o%20Paulo%2C%20Brasil","","",""
"3527801","Lupércio","Marília","a pesquisar","https://www.google.com/maps/search/?api=1&query=arena%20beach%20tennis%20em%20Lup%C3%A9rcio%2C%20S%C3%A3o%20Paulo%2C%20Brasil","https://www.google.com/maps/search/?api=1&query=arena%20futev%C3%B4lei%20em%20Lup%C3%A9rcio%2C%20S%C3%A3o%20Paulo%2C%20Brasil","https://www.google.com/maps/search/?api=1&query=quadra%20v%C3%B4lei%20de%20praia%20em%20Lup%C3%A9rcio%2C%20S%C3%A3o%20Paulo%2C%20Brasil","https://www.google.com/maps/search/?api=1&query=arena%20esportes%20de%20areia%20em%20Lup%C3%A9rcio%2C%20S%C3%A3o%20Paulo%2C%20Brasil","https://www.google.com/maps/search/?api=1&query=beach%20sports%20em%20Lup%C3%A9rcio%2C%20S%C3%A3o%20Paulo%2C%20Brasil","","",""
"3527900","Lutécia","Marília","a pesquisar","https://www.google.com/maps/search/?api=1&query=arena%20beach%20tennis%20em%20Lut%C3%A9cia%2C%20S%C3%A3o%20Paulo%2C%20Brasil","https://www.google.com/maps/search/?api=1&query=arena%20futev%C3%B4lei%20em%20Lut%C3%A9cia%2C%20S%C3%A3o%20Paulo%2C%20Brasil","https://www.google.com/maps/search/?api=1&query=quadra%20v%C3%B4lei%20de%20praia%20em%20Lut%C3%A9cia%2C%20S%C3%A3o%20Paulo%2C%20Brasil","https://www.google.com/maps/search/?api=1&query=arena%20esportes%20de%20areia%20em%20Lut%C3%A9cia%2C%20S%C3%A3o%20Paulo%2C%20Brasil","https://www.google.com/maps/search/?api=1&query=beach%20sports%20em%20Lut%C3%A9cia%2C%20S%C3%A3o%20Paulo%2C%20Brasil","","",""
"3528007","Macatuba","Bauru","a pesquisar","https://www.google.com/maps/search/?api=1&query=arena%20beach%20tennis%20em%20Macatuba%2C%20S%C3%A3o%20Paulo%2C%20Brasil","https://www.google.com/maps/search/?api=1&query=arena%20futev%C3%B4lei%20em%20Macatuba%2C%20S%C3%A3o%20Paulo%2C%20Brasil","https://www.google.com/maps/search/?api=1&query=quadra%20v%C3%B4lei%20de%20praia%20em%20Macatuba%2C%20S%C3%A3o%20Paulo%2C%20Brasil","https://www.google.com/maps/search/?api=1&query=arena%20esportes%20de%20areia%20em%20Macatuba%2C%20S%C3%A3o%20Paulo%2C%20Brasil","https://www.google.com/maps/search/?api=1&query=beach%20sports%20em%20Macatuba%2C%20S%C3%A3o%20Paulo%2C%20Brasil","","",""
"3528106","Macaubal","São José do Rio Preto","a pesquisar","https://www.google.com/maps/search/?api=1&query=arena%20beach%20tennis%20em%20Macaubal%2C%20S%C3%A3o%20Paulo%2C%20Brasil","https://www.google.com/maps/search/?api=1&query=arena%20futev%C3%B4lei%20em%20Macaubal%2C%20S%C3%A3o%20Paulo%2C%20Brasil","https://www.google.com/maps/search/?api=1&query=quadra%20v%C3%B4lei%20de%20praia%20em%20Macaubal%2C%20S%C3%A3o%20Paulo%2C%20Brasil","https://www.google.com/maps/search/?api=1&query=arena%20esportes%20de%20areia%20em%20Macaubal%2C%20S%C3%A3o%20Paulo%2C%20Brasil","https://www.google.com/maps/search/?api=1&query=beach%20sports%20em%20Macaubal%2C%20S%C3%A3o%20Paulo%2C%20Brasil","","",""
"3528205","Macedônia","São José do Rio Preto","a pesquisar","https://www.google.com/maps/search/?api=1&query=arena%20beach%20tennis%20em%20Maced%C3%B4nia%2C%20S%C3%A3o%20Paulo%2C%20Brasil","https://www.google.com/maps/search/?api=1&query=arena%20futev%C3%B4lei%20em%20Maced%C3%B4nia%2C%20S%C3%A3o%20Paulo%2C%20Brasil","https://www.google.com/maps/search/?api=1&query=quadra%20v%C3%B4lei%20de%20praia%20em%20Maced%C3%B4nia%2C%20S%C3%A3o%20Paulo%2C%20Brasil","https://www.google.com/maps/search/?api=1&query=arena%20esportes%20de%20areia%20em%20Maced%C3%B4nia%2C%20S%C3%A3o%20Paulo%2C%20Brasil","https://www.google.com/maps/search/?api=1&query=beach%20sports%20em%20Maced%C3%B4nia%2C%20S%C3%A3o%20Paulo%2C%20Brasil","","",""
"3528304","Magda","Araçatuba","a pesquisar","https://www.google.com/maps/search/?api=1&query=arena%20beach%20tennis%20em%20Magda%2C%20S%C3%A3o%20Paulo%2C%20Brasil","https://www.google.com/maps/search/?api=1&query=arena%20futev%C3%B4lei%20em%20Magda%2C%20S%C3%A3o%20Paulo%2C%20Brasil","https://www.google.com/maps/search/?api=1&query=quadra%20v%C3%B4lei%20de%20praia%20em%20Magda%2C%20S%C3%A3o%20Paulo%2C%20Brasil","https://www.google.com/maps/search/?api=1&query=arena%20esportes%20de%20areia%20em%20Magda%2C%20S%C3%A3o%20Paulo%2C%20Brasil","https://www.google.com/maps/search/?api=1&query=beach%20sports%20em%20Magda%2C%20S%C3%A3o%20Paulo%2C%20Brasil","","",""
"3528403","Mairinque","Sorocaba","a pesquisar","https://www.google.com/maps/search/?api=1&query=arena%20beach%20tennis%20em%20Mairinque%2C%20S%C3%A3o%20Paulo%2C%20Brasil","https://www.google.com/maps/search/?api=1&query=arena%20futev%C3%B4lei%20em%20Mairinque%2C%20S%C3%A3o%20Paulo%2C%20Brasil","https://www.google.com/maps/search/?api=1&query=quadra%20v%C3%B4lei%20de%20praia%20em%20Mairinque%2C%20S%C3%A3o%20Paulo%2C%20Brasil","https://www.google.com/maps/search/?api=1&query=arena%20esportes%20de%20areia%20em%20Mairinque%2C%20S%C3%A3o%20Paulo%2C%20Brasil","https://www.google.com/maps/search/?api=1&query=beach%20sports%20em%20Mairinque%2C%20S%C3%A3o%20Paulo%2C%20Brasil","","",""
"3528502","Mairiporã","São Paulo","a pesquisar","https://www.google.com/maps/search/?api=1&query=arena%20beach%20tennis%20em%20Mairipor%C3%A3%2C%20S%C3%A3o%20Paulo%2C%20Brasil","https://www.google.com/maps/search/?api=1&query=arena%20futev%C3%B4lei%20em%20Mairipor%C3%A3%2C%20S%C3%A3o%20Paulo%2C%20Brasil","https://www.google.com/maps/search/?api=1&query=quadra%20v%C3%B4lei%20de%20praia%20em%20Mairipor%C3%A3%2C%20S%C3%A3o%20Paulo%2C%20Brasil","https://www.google.com/maps/search/?api=1&query=arena%20esportes%20de%20areia%20em%20Mairipor%C3%A3%2C%20S%C3%A3o%20Paulo%2C%20Brasil","https://www.google.com/maps/search/?api=1&query=beach%20sports%20em%20Mairipor%C3%A3%2C%20S%C3%A3o%20Paulo%2C%20Brasil","","",""
"3528601","Manduri","Sorocaba","a pesquisar","https://www.google.com/maps/search/?api=1&query=arena%20beach%20tennis%20em%20Manduri%2C%20S%C3%A3o%20Paulo%2C%20Brasil","https://www.google.com/maps/search/?api=1&query=arena%20futev%C3%B4lei%20em%20Manduri%2C%20S%C3%A3o%20Paulo%2C%20Brasil","https://www.google.com/maps/search/?api=1&query=quadra%20v%C3%B4lei%20de%20praia%20em%20Manduri%2C%20S%C3%A3o%20Paulo%2C%20Brasil","https://www.google.com/maps/search/?api=1&query=arena%20esportes%20de%20areia%20em%20Manduri%2C%20S%C3%A3o%20Paulo%2C%20Brasil","https://www.google.com/maps/search/?api=1&query=beach%20sports%20em%20Manduri%2C%20S%C3%A3o%20Paulo%2C%20Brasil","","",""
"3528700","Marabá Paulista","Presidente Prudente","a pesquisar","https://www.google.com/maps/search/?api=1&query=arena%20beach%20tennis%20em%20Marab%C3%A1%20Paulista%2C%20S%C3%A3o%20Paulo%2C%20Brasil","https://www.google.com/maps/search/?api=1&query=arena%20futev%C3%B4lei%20em%20Marab%C3%A1%20Paulista%2C%20S%C3%A3o%20Paulo%2C%20Brasil","https://www.google.com/maps/search/?api=1&query=quadra%20v%C3%B4lei%20de%20praia%20em%20Marab%C3%A1%20Paulista%2C%20S%C3%A3o%20Paulo%2C%20Brasil","https://www.google.com/maps/search/?api=1&query=arena%20esportes%20de%20areia%20em%20Marab%C3%A1%20Paulista%2C%20S%C3%A3o%20Paulo%2C%20Brasil","https://www.google.com/maps/search/?api=1&query=beach%20sports%20em%20Marab%C3%A1%20Paulista%2C%20S%C3%A3o%20Paulo%2C%20Brasil","","",""
"3528809","Maracaí","Marília","a pesquisar","https://www.google.com/maps/search/?api=1&query=arena%20beach%20tennis%20em%20Maraca%C3%AD%2C%20S%C3%A3o%20Paulo%2C%20Brasil","https://www.google.com/maps/search/?api=1&query=arena%20futev%C3%B4lei%20em%20Maraca%C3%AD%2C%20S%C3%A3o%20Paulo%2C%20Brasil","https://www.google.com/maps/search/?api=1&query=quadra%20v%C3%B4lei%20de%20praia%20em%20Maraca%C3%AD%2C%20S%C3%A3o%20Paulo%2C%20Brasil","https://www.google.com/maps/search/?api=1&query=arena%20esportes%20de%20areia%20em%20Maraca%C3%AD%2C%20S%C3%A3o%20Paulo%2C%20Brasil","https://www.google.com/maps/search/?api=1&query=beach%20sports%20em%20Maraca%C3%AD%2C%20S%C3%A3o%20Paulo%2C%20Brasil","","",""
"3528858","Marapoama","São José do Rio Preto","a pesquisar","https://www.google.com/maps/search/?api=1&query=arena%20beach%20tennis%20em%20Marapoama%2C%20S%C3%A3o%20Paulo%2C%20Brasil","https://www.google.com/maps/search/?api=1&query=arena%20futev%C3%B4lei%20em%20Marapoama%2C%20S%C3%A3o%20Paulo%2C%20Brasil","https://www.google.com/maps/search/?api=1&query=quadra%20v%C3%B4lei%20de%20praia%20em%20Marapoama%2C%20S%C3%A3o%20Paulo%2C%20Brasil","https://www.google.com/maps/search/?api=1&query=arena%20esportes%20de%20areia%20em%20Marapoama%2C%20S%C3%A3o%20Paulo%2C%20Brasil","https://www.google.com/maps/search/?api=1&query=beach%20sports%20em%20Marapoama%2C%20S%C3%A3o%20Paulo%2C%20Brasil","","",""
"3528908","Mariápolis","Presidente Prudente","a pesquisar","https://www.google.com/maps/search/?api=1&query=arena%20beach%20tennis%20em%20Mari%C3%A1polis%2C%20S%C3%A3o%20Paulo%2C%20Brasil","https://www.google.com/maps/search/?api=1&query=arena%20futev%C3%B4lei%20em%20Mari%C3%A1polis%2C%20S%C3%A3o%20Paulo%2C%20Brasil","https://www.google.com/maps/search/?api=1&query=quadra%20v%C3%B4lei%20de%20praia%20em%20Mari%C3%A1polis%2C%20S%C3%A3o%20Paulo%2C%20Brasil","https://www.google.com/maps/search/?api=1&query=arena%20esportes%20de%20areia%20em%20Mari%C3%A1polis%2C%20S%C3%A3o%20Paulo%2C%20Brasil","https://www.google.com/maps/search/?api=1&query=beach%20sports%20em%20Mari%C3%A1polis%2C%20S%C3%A3o%20Paulo%2C%20Brasil","","",""
"3529005","Marília","Marília","pesquisa pública parcial","https://www.google.com/maps/search/?api=1&query=arena%20beach%20tennis%20em%20Mar%C3%ADlia%2C%20S%C3%A3o%20Paulo%2C%20Brasil","https://www.google.com/maps/search/?api=1&query=arena%20futev%C3%B4lei%20em%20Mar%C3%ADlia%2C%20S%C3%A3o%20Paulo%2C%20Brasil","https://www.google.com/maps/search/?api=1&query=quadra%20v%C3%B4lei%20de%20praia%20em%20Mar%C3%ADlia%2C%20S%C3%A3o%20Paulo%2C%20Brasil","https://www.google.com/maps/search/?api=1&query=arena%20esportes%20de%20areia%20em%20Mar%C3%ADlia%2C%20S%C3%A3o%20Paulo%2C%20Brasil","https://www.google.com/maps/search/?api=1&query=beach%20sports%20em%20Mar%C3%ADlia%2C%20S%C3%A3o%20Paulo%2C%20Brasil","2026-09-13","0","Unidades validadas neste lote: 0. Consultas Maps da fila não executadas; cobertura municipal incompleta."
"3529104","Marinópolis","São José do Rio Preto","a pesquisar","https://www.google.com/maps/search/?api=1&query=arena%20beach%20tennis%20em%20Marin%C3%B3polis%2C%20S%C3%A3o%20Paulo%2C%20Brasil","https://www.google.com/maps/search/?api=1&query=arena%20futev%C3%B4lei%20em%20Marin%C3%B3polis%2C%20S%C3%A3o%20Paulo%2C%20Brasil","https://www.google.com/maps/search/?api=1&query=quadra%20v%C3%B4lei%20de%20praia%20em%20Marin%C3%B3polis%2C%20S%C3%A3o%20Paulo%2C%20Brasil","https://www.google.com/maps/search/?api=1&query=arena%20esportes%20de%20areia%20em%20Marin%C3%B3polis%2C%20S%C3%A3o%20Paulo%2C%20Brasil","https://www.google.com/maps/search/?api=1&query=beach%20sports%20em%20Marin%C3%B3polis%2C%20S%C3%A3o%20Paulo%2C%20Brasil","","",""
"3529203","Martinópolis","Presidente Prudente","a pesquisar","https://www.google.com/maps/search/?api=1&query=arena%20beach%20tennis%20em%20Martin%C3%B3polis%2C%20S%C3%A3o%20Paulo%2C%20Brasil","https://www.google.com/maps/search/?api=1&query=arena%20futev%C3%B4lei%20em%20Martin%C3%B3polis%2C%20S%C3%A3o%20Paulo%2C%20Brasil","https://www.google.com/maps/search/?api=1&query=quadra%20v%C3%B4lei%20de%20praia%20em%20Martin%C3%B3polis%2C%20S%C3%A3o%20Paulo%2C%20Brasil","https://www.google.com/maps/search/?api=1&query=arena%20esportes%20de%20areia%20em%20Martin%C3%B3polis%2C%20S%C3%A3o%20Paulo%2C%20Brasil","https://www.google.com/maps/search/?api=1&query=beach%20sports%20em%20Martin%C3%B3polis%2C%20S%C3%A3o%20Paulo%2C%20Brasil","","",""
"3529302","Matão","Araraquara","a pesquisar","https://www.google.com/maps/search/?api=1&query=arena%20beach%20tennis%20em%20Mat%C3%A3o%2C%20S%C3%A3o%20Paulo%2C%20Brasil","https://www.google.com/maps/search/?api=1&query=arena%20futev%C3%B4lei%20em%20Mat%C3%A3o%2C%20S%C3%A3o%20Paulo%2C%20Brasil","https://www.google.com/maps/search/?api=1&query=quadra%20v%C3%B4lei%20de%20praia%20em%20Mat%C3%A3o%2C%20S%C3%A3o%20Paulo%2C%20Brasil","https://www.google.com/maps/search/?api=1&query=arena%20esportes%20de%20areia%20em%20Mat%C3%A3o%2C%20S%C3%A3o%20Paulo%2C%20Brasil","https://www.google.com/maps/search/?api=1&query=beach%20sports%20em%20Mat%C3%A3o%2C%20S%C3%A3o%20Paulo%2C%20Brasil","","",""
"3529401","Mauá","São Paulo","a pesquisar","https://www.google.com/maps/search/?api=1&query=arena%20beach%20tennis%20em%20Mau%C3%A1%2C%20S%C3%A3o%20Paulo%2C%20Brasil","https://www.google.com/maps/search/?api=1&query=arena%20futev%C3%B4lei%20em%20Mau%C3%A1%2C%20S%C3%A3o%20Paulo%2C%20Brasil","https://www.google.com/maps/search/?api=1&query=quadra%20v%C3%B4lei%20de%20praia%20em%20Mau%C3%A1%2C%20S%C3%A3o%20Paulo%2C%20Brasil","https://www.google.com/maps/search/?api=1&query=arena%20esportes%20de%20areia%20em%20Mau%C3%A1%2C%20S%C3%A3o%20Paulo%2C%20Brasil","https://www.google.com/maps/search/?api=1&query=beach%20sports%20em%20Mau%C3%A1%2C%20S%C3%A3o%20Paulo%2C%20Brasil","","",""
"3529500","Mendonça","São José do Rio Preto","a pesquisar","https://www.google.com/maps/search/?api=1&query=arena%20beach%20tennis%20em%20Mendon%C3%A7a%2C%20S%C3%A3o%20Paulo%2C%20Brasil","https://www.google.com/maps/search/?api=1&query=arena%20futev%C3%B4lei%20em%20Mendon%C3%A7a%2C%20S%C3%A3o%20Paulo%2C%20Brasil","https://www.google.com/maps/search/?api=1&query=quadra%20v%C3%B4lei%20de%20praia%20em%20Mendon%C3%A7a%2C%20S%C3%A3o%20Paulo%2C%20Brasil","https://www.google.com/maps/search/?api=1&query=arena%20esportes%20de%20areia%20em%20Mendon%C3%A7a%2C%20S%C3%A3o%20Paulo%2C%20Brasil","https://www.google.com/maps/search/?api=1&query=beach%20sports%20em%20Mendon%C3%A7a%2C%20S%C3%A3o%20Paulo%2C%20Brasil","","",""
"3529609","Meridiano","São José do Rio Preto","a pesquisar","https://www.google.com/maps/search/?api=1&query=arena%20beach%20tennis%20em%20Meridiano%2C%20S%C3%A3o%20Paulo%2C%20Brasil","https://www.google.com/maps/search/?api=1&query=arena%20futev%C3%B4lei%20em%20Meridiano%2C%20S%C3%A3o%20Paulo%2C%20Brasil","https://www.google.com/maps/search/?api=1&query=quadra%20v%C3%B4lei%20de%20praia%20em%20Meridiano%2C%20S%C3%A3o%20Paulo%2C%20Brasil","https://www.google.com/maps/search/?api=1&query=arena%20esportes%20de%20areia%20em%20Meridiano%2C%20S%C3%A3o%20Paulo%2C%20Brasil","https://www.google.com/maps/search/?api=1&query=beach%20sports%20em%20Meridiano%2C%20S%C3%A3o%20Paulo%2C%20Brasil","","",""
"3529658","Mesópolis","São José do Rio Preto","a pesquisar","https://www.google.com/maps/search/?api=1&query=arena%20beach%20tennis%20em%20Mes%C3%B3polis%2C%20S%C3%A3o%20Paulo%2C%20Brasil","https://www.google.com/maps/search/?api=1&query=arena%20futev%C3%B4lei%20em%20Mes%C3%B3polis%2C%20S%C3%A3o%20Paulo%2C%20Brasil","https://www.google.com/maps/search/?api=1&query=quadra%20v%C3%B4lei%20de%20praia%20em%20Mes%C3%B3polis%2C%20S%C3%A3o%20Paulo%2C%20Brasil","https://www.google.com/maps/search/?api=1&query=arena%20esportes%20de%20areia%20em%20Mes%C3%B3polis%2C%20S%C3%A3o%20Paulo%2C%20Brasil","https://www.google.com/maps/search/?api=1&query=beach%20sports%20em%20Mes%C3%B3polis%2C%20S%C3%A3o%20Paulo%2C%20Brasil","","",""
"3529708","Miguelópolis","Ribeirão Preto","a pesquisar","https://www.google.com/maps/search/?api=1&query=arena%20beach%20tennis%20em%20Miguel%C3%B3polis%2C%20S%C3%A3o%20Paulo%2C%20Brasil","https://www.google.com/maps/search/?api=1&query=arena%20futev%C3%B4lei%20em%20Miguel%C3%B3polis%2C%20S%C3%A3o%20Paulo%2C%20Brasil","https://www.google.com/maps/search/?api=1&query=quadra%20v%C3%B4lei%20de%20praia%20em%20Miguel%C3%B3polis%2C%20S%C3%A3o%20Paulo%2C%20Brasil","https://www.google.com/maps/search/?api=1&query=arena%20esportes%20de%20areia%20em%20Miguel%C3%B3polis%2C%20S%C3%A3o%20Paulo%2C%20Brasil","https://www.google.com/maps/search/?api=1&query=beach%20sports%20em%20Miguel%C3%B3polis%2C%20S%C3%A3o%20Paulo%2C%20Brasil","","",""
"3529807","Mineiros do Tietê","Bauru","a pesquisar","https://www.google.com/maps/search/?api=1&query=arena%20beach%20tennis%20em%20Mineiros%20do%20Tiet%C3%AA%2C%20S%C3%A3o%20Paulo%2C%20Brasil","https://www.google.com/maps/search/?api=1&query=arena%20futev%C3%B4lei%20em%20Mineiros%20do%20Tiet%C3%AA%2C%20S%C3%A3o%20Paulo%2C%20Brasil","https://www.google.com/maps/search/?api=1&query=quadra%20v%C3%B4lei%20de%20praia%20em%20Mineiros%20do%20Tiet%C3%AA%2C%20S%C3%A3o%20Paulo%2C%20Brasil","https://www.google.com/maps/search/?api=1&query=arena%20esportes%20de%20areia%20em%20Mineiros%20do%20Tiet%C3%AA%2C%20S%C3%A3o%20Paulo%2C%20Brasil","https://www.google.com/maps/search/?api=1&query=beach%20sports%20em%20Mineiros%20do%20Tiet%C3%AA%2C%20S%C3%A3o%20Paulo%2C%20Brasil","","",""
"3530003","Mira Estrela","São José do Rio Preto","a pesquisar","https://www.google.com/maps/search/?api=1&query=arena%20beach%20tennis%20em%20Mira%20Estrela%2C%20S%C3%A3o%20Paulo%2C%20Brasil","https://www.google.com/maps/search/?api=1&query=arena%20futev%C3%B4lei%20em%20Mira%20Estrela%2C%20S%C3%A3o%20Paulo%2C%20Brasil","https://www.google.com/maps/search/?api=1&query=quadra%20v%C3%B4lei%20de%20praia%20em%20Mira%20Estrela%2C%20S%C3%A3o%20Paulo%2C%20Brasil","https://www.google.com/maps/search/?api=1&query=arena%20esportes%20de%20areia%20em%20Mira%20Estrela%2C%20S%C3%A3o%20Paulo%2C%20Brasil","https://www.google.com/maps/search/?api=1&query=beach%20sports%20em%20Mira%20Estrela%2C%20S%C3%A3o%20Paulo%2C%20Brasil","","",""
"3529906","Miracatu","Sorocaba","a pesquisar","https://www.google.com/maps/search/?api=1&query=arena%20beach%20tennis%20em%20Miracatu%2C%20S%C3%A3o%20Paulo%2C%20Brasil","https://www.google.com/maps/search/?api=1&query=arena%20futev%C3%B4lei%20em%20Miracatu%2C%20S%C3%A3o%20Paulo%2C%20Brasil","https://www.google.com/maps/search/?api=1&query=quadra%20v%C3%B4lei%20de%20praia%20em%20Miracatu%2C%20S%C3%A3o%20Paulo%2C%20Brasil","https://www.google.com/maps/search/?api=1&query=arena%20esportes%20de%20areia%20em%20Miracatu%2C%20S%C3%A3o%20Paulo%2C%20Brasil","https://www.google.com/maps/search/?api=1&query=beach%20sports%20em%20Miracatu%2C%20S%C3%A3o%20Paulo%2C%20Brasil","","",""
"3530102","Mirandópolis","Araçatuba","a pesquisar","https://www.google.com/maps/search/?api=1&query=arena%20beach%20tennis%20em%20Mirand%C3%B3polis%2C%20S%C3%A3o%20Paulo%2C%20Brasil","https://www.google.com/maps/search/?api=1&query=arena%20futev%C3%B4lei%20em%20Mirand%C3%B3polis%2C%20S%C3%A3o%20Paulo%2C%20Brasil","https://www.google.com/maps/search/?api=1&query=quadra%20v%C3%B4lei%20de%20praia%20em%20Mirand%C3%B3polis%2C%20S%C3%A3o%20Paulo%2C%20Brasil","https://www.google.com/maps/search/?api=1&query=arena%20esportes%20de%20areia%20em%20Mirand%C3%B3polis%2C%20S%C3%A3o%20Paulo%2C%20Brasil","https://www.google.com/maps/search/?api=1&query=beach%20sports%20em%20Mirand%C3%B3polis%2C%20S%C3%A3o%20Paulo%2C%20Brasil","","",""
"3530201","Mirante do Paranapanema","Presidente Prudente","a pesquisar","https://www.google.com/maps/search/?api=1&query=arena%20beach%20tennis%20em%20Mirante%20do%20Paranapanema%2C%20S%C3%A3o%20Paulo%2C%20Brasil","https://www.google.com/maps/search/?api=1&query=arena%20futev%C3%B4lei%20em%20Mirante%20do%20Paranapanema%2C%20S%C3%A3o%20Paulo%2C%20Brasil","https://www.google.com/maps/search/?api=1&query=quadra%20v%C3%B4lei%20de%20praia%20em%20Mirante%20do%20Paranapanema%2C%20S%C3%A3o%20Paulo%2C%20Brasil","https://www.google.com/maps/search/?api=1&query=arena%20esportes%20de%20areia%20em%20Mirante%20do%20Paranapanema%2C%20S%C3%A3o%20Paulo%2C%20Brasil","https://www.google.com/maps/search/?api=1&query=beach%20sports%20em%20Mirante%20do%20Paranapanema%2C%20S%C3%A3o%20Paulo%2C%20Brasil","","",""
"3530300","Mirassol","São José do Rio Preto","a pesquisar","https://www.google.com/maps/search/?api=1&query=arena%20beach%20tennis%20em%20Mirassol%2C%20S%C3%A3o%20Paulo%2C%20Brasil","https://www.google.com/maps/search/?api=1&query=arena%20futev%C3%B4lei%20em%20Mirassol%2C%20S%C3%A3o%20Paulo%2C%20Brasil","https://www.google.com/maps/search/?api=1&query=quadra%20v%C3%B4lei%20de%20praia%20em%20Mirassol%2C%20S%C3%A3o%20Paulo%2C%20Brasil","https://www.google.com/maps/search/?api=1&query=arena%20esportes%20de%20areia%20em%20Mirassol%2C%20S%C3%A3o%20Paulo%2C%20Brasil","https://www.google.com/maps/search/?api=1&query=beach%20sports%20em%20Mirassol%2C%20S%C3%A3o%20Paulo%2C%20Brasil","","",""
"3530409","Mirassolândia","São José do Rio Preto","a pesquisar","https://www.google.com/maps/search/?api=1&query=arena%20beach%20tennis%20em%20Mirassol%C3%A2ndia%2C%20S%C3%A3o%20Paulo%2C%20Brasil","https://www.google.com/maps/search/?api=1&query=arena%20futev%C3%B4lei%20em%20Mirassol%C3%A2ndia%2C%20S%C3%A3o%20Paulo%2C%20Brasil","https://www.google.com/maps/search/?api=1&query=quadra%20v%C3%B4lei%20de%20praia%20em%20Mirassol%C3%A2ndia%2C%20S%C3%A3o%20Paulo%2C%20Brasil","https://www.google.com/maps/search/?api=1&query=arena%20esportes%20de%20areia%20em%20Mirassol%C3%A2ndia%2C%20S%C3%A3o%20Paulo%2C%20Brasil","https://www.google.com/maps/search/?api=1&query=beach%20sports%20em%20Mirassol%C3%A2ndia%2C%20S%C3%A3o%20Paulo%2C%20Brasil","","",""
"3530508","Mococa","Campinas","a pesquisar","https://www.google.com/maps/search/?api=1&query=arena%20beach%20tennis%20em%20Mococa%2C%20S%C3%A3o%20Paulo%2C%20Brasil","https://www.google.com/maps/search/?api=1&query=arena%20futev%C3%B4lei%20em%20Mococa%2C%20S%C3%A3o%20Paulo%2C%20Brasil","https://www.google.com/maps/search/?api=1&query=quadra%20v%C3%B4lei%20de%20praia%20em%20Mococa%2C%20S%C3%A3o%20Paulo%2C%20Brasil","https://www.google.com/maps/search/?api=1&query=arena%20esportes%20de%20areia%20em%20Mococa%2C%20S%C3%A3o%20Paulo%2C%20Brasil","https://www.google.com/maps/search/?api=1&query=beach%20sports%20em%20Mococa%2C%20S%C3%A3o%20Paulo%2C%20Brasil","","",""
"3530607","Mogi das Cruzes","São Paulo","a pesquisar","https://www.google.com/maps/search/?api=1&query=arena%20beach%20tennis%20em%20Mogi%20das%20Cruzes%2C%20S%C3%A3o%20Paulo%2C%20Brasil","https://www.google.com/maps/search/?api=1&query=arena%20futev%C3%B4lei%20em%20Mogi%20das%20Cruzes%2C%20S%C3%A3o%20Paulo%2C%20Brasil","https://www.google.com/maps/search/?api=1&query=quadra%20v%C3%B4lei%20de%20praia%20em%20Mogi%20das%20Cruzes%2C%20S%C3%A3o%20Paulo%2C%20Brasil","https://www.google.com/maps/search/?api=1&query=arena%20esportes%20de%20areia%20em%20Mogi%20das%20Cruzes%2C%20S%C3%A3o%20Paulo%2C%20Brasil","https://www.google.com/maps/search/?api=1&query=beach%20sports%20em%20Mogi%20das%20Cruzes%2C%20S%C3%A3o%20Paulo%2C%20Brasil","","",""
"3530706","Mogi Guaçu","Campinas","a pesquisar","https://www.google.com/maps/search/?api=1&query=arena%20beach%20tennis%20em%20Mogi%20Gua%C3%A7u%2C%20S%C3%A3o%20Paulo%2C%20Brasil","https://www.google.com/maps/search/?api=1&query=arena%20futev%C3%B4lei%20em%20Mogi%20Gua%C3%A7u%2C%20S%C3%A3o%20Paulo%2C%20Brasil","https://www.google.com/maps/search/?api=1&query=quadra%20v%C3%B4lei%20de%20praia%20em%20Mogi%20Gua%C3%A7u%2C%20S%C3%A3o%20Paulo%2C%20Brasil","https://www.google.com/maps/search/?api=1&query=arena%20esportes%20de%20areia%20em%20Mogi%20Gua%C3%A7u%2C%20S%C3%A3o%20Paulo%2C%20Brasil","https://www.google.com/maps/search/?api=1&query=beach%20sports%20em%20Mogi%20Gua%C3%A7u%2C%20S%C3%A3o%20Paulo%2C%20Brasil","","",""
"3530805","Mogi Mirim","Campinas","a pesquisar","https://www.google.com/maps/search/?api=1&query=arena%20beach%20tennis%20em%20Mogi%20Mirim%2C%20S%C3%A3o%20Paulo%2C%20Brasil","https://www.google.com/maps/search/?api=1&query=arena%20futev%C3%B4lei%20em%20Mogi%20Mirim%2C%20S%C3%A3o%20Paulo%2C%20Brasil","https://www.google.com/maps/search/?api=1&query=quadra%20v%C3%B4lei%20de%20praia%20em%20Mogi%20Mirim%2C%20S%C3%A3o%20Paulo%2C%20Brasil","https://www.google.com/maps/search/?api=1&query=arena%20esportes%20de%20areia%20em%20Mogi%20Mirim%2C%20S%C3%A3o%20Paulo%2C%20Brasil","https://www.google.com/maps/search/?api=1&query=beach%20sports%20em%20Mogi%20Mirim%2C%20S%C3%A3o%20Paulo%2C%20Brasil","","",""
"3530904","Mombuca","Campinas","a pesquisar","https://www.google.com/maps/search/?api=1&query=arena%20beach%20tennis%20em%20Mombuca%2C%20S%C3%A3o%20Paulo%2C%20Brasil","https://www.google.com/maps/search/?api=1&query=arena%20futev%C3%B4lei%20em%20Mombuca%2C%20S%C3%A3o%20Paulo%2C%20Brasil","https://www.google.com/maps/search/?api=1&query=quadra%20v%C3%B4lei%20de%20praia%20em%20Mombuca%2C%20S%C3%A3o%20Paulo%2C%20Brasil","https://www.google.com/maps/search/?api=1&query=arena%20esportes%20de%20areia%20em%20Mombuca%2C%20S%C3%A3o%20Paulo%2C%20Brasil","https://www.google.com/maps/search/?api=1&query=beach%20sports%20em%20Mombuca%2C%20S%C3%A3o%20Paulo%2C%20Brasil","","",""
"3531001","Monções","Araçatuba","a pesquisar","https://www.google.com/maps/search/?api=1&query=arena%20beach%20tennis%20em%20Mon%C3%A7%C3%B5es%2C%20S%C3%A3o%20Paulo%2C%20Brasil","https://www.google.com/maps/search/?api=1&query=arena%20futev%C3%B4lei%20em%20Mon%C3%A7%C3%B5es%2C%20S%C3%A3o%20Paulo%2C%20Brasil","https://www.google.com/maps/search/?api=1&query=quadra%20v%C3%B4lei%20de%20praia%20em%20Mon%C3%A7%C3%B5es%2C%20S%C3%A3o%20Paulo%2C%20Brasil","https://www.google.com/maps/search/?api=1&query=arena%20esportes%20de%20areia%20em%20Mon%C3%A7%C3%B5es%2C%20S%C3%A3o%20Paulo%2C%20Brasil","https://www.google.com/maps/search/?api=1&query=beach%20sports%20em%20Mon%C3%A7%C3%B5es%2C%20S%C3%A3o%20Paulo%2C%20Brasil","","",""
"3531100","Mongaguá","São Paulo","a pesquisar","https://www.google.com/maps/search/?api=1&query=arena%20beach%20tennis%20em%20Mongagu%C3%A1%2C%20S%C3%A3o%20Paulo%2C%20Brasil","https://www.google.com/maps/search/?api=1&query=arena%20futev%C3%B4lei%20em%20Mongagu%C3%A1%2C%20S%C3%A3o%20Paulo%2C%20Brasil","https://www.google.com/maps/search/?api=1&query=quadra%20v%C3%B4lei%20de%20praia%20em%20Mongagu%C3%A1%2C%20S%C3%A3o%20Paulo%2C%20Brasil","https://www.google.com/maps/search/?api=1&query=arena%20esportes%20de%20areia%20em%20Mongagu%C3%A1%2C%20S%C3%A3o%20Paulo%2C%20Brasil","https://www.google.com/maps/search/?api=1&query=beach%20sports%20em%20Mongagu%C3%A1%2C%20S%C3%A3o%20Paulo%2C%20Brasil","","",""
"3531209","Monte Alegre do Sul","Campinas","a pesquisar","https://www.google.com/maps/search/?api=1&query=arena%20beach%20tennis%20em%20Monte%20Alegre%20do%20Sul%2C%20S%C3%A3o%20Paulo%2C%20Brasil","https://www.google.com/maps/search/?api=1&query=arena%20futev%C3%B4lei%20em%20Monte%20Alegre%20do%20Sul%2C%20S%C3%A3o%20Paulo%2C%20Brasil","https://www.google.com/maps/search/?api=1&query=quadra%20v%C3%B4lei%20de%20praia%20em%20Monte%20Alegre%20do%20Sul%2C%20S%C3%A3o%20Paulo%2C%20Brasil","https://www.google.com/maps/search/?api=1&query=arena%20esportes%20de%20areia%20em%20Monte%20Alegre%20do%20Sul%2C%20S%C3%A3o%20Paulo%2C%20Brasil","https://www.google.com/maps/search/?api=1&query=beach%20sports%20em%20Monte%20Alegre%20do%20Sul%2C%20S%C3%A3o%20Paulo%2C%20Brasil","","",""
"3531308","Monte Alto","Ribeirão Preto","a pesquisar","https://www.google.com/maps/search/?api=1&query=arena%20beach%20tennis%20em%20Monte%20Alto%2C%20S%C3%A3o%20Paulo%2C%20Brasil","https://www.google.com/maps/search/?api=1&query=arena%20futev%C3%B4lei%20em%20Monte%20Alto%2C%20S%C3%A3o%20Paulo%2C%20Brasil","https://www.google.com/maps/search/?api=1&query=quadra%20v%C3%B4lei%20de%20praia%20em%20Monte%20Alto%2C%20S%C3%A3o%20Paulo%2C%20Brasil","https://www.google.com/maps/search/?api=1&query=arena%20esportes%20de%20areia%20em%20Monte%20Alto%2C%20S%C3%A3o%20Paulo%2C%20Brasil","https://www.google.com/maps/search/?api=1&query=beach%20sports%20em%20Monte%20Alto%2C%20S%C3%A3o%20Paulo%2C%20Brasil","","",""
"3531407","Monte Aprazível","São José do Rio Preto","a pesquisar","https://www.google.com/maps/search/?api=1&query=arena%20beach%20tennis%20em%20Monte%20Apraz%C3%ADvel%2C%20S%C3%A3o%20Paulo%2C%20Brasil","https://www.google.com/maps/search/?api=1&query=arena%20futev%C3%B4lei%20em%20Monte%20Apraz%C3%ADvel%2C%20S%C3%A3o%20Paulo%2C%20Brasil","https://www.google.com/maps/search/?api=1&query=quadra%20v%C3%B4lei%20de%20praia%20em%20Monte%20Apraz%C3%ADvel%2C%20S%C3%A3o%20Paulo%2C%20Brasil","https://www.google.com/maps/search/?api=1&query=arena%20esportes%20de%20areia%20em%20Monte%20Apraz%C3%ADvel%2C%20S%C3%A3o%20Paulo%2C%20Brasil","https://www.google.com/maps/search/?api=1&query=beach%20sports%20em%20Monte%20Apraz%C3%ADvel%2C%20S%C3%A3o%20Paulo%2C%20Brasil","","",""
"3531506","Monte Azul Paulista","Ribeirão Preto","a pesquisar","https://www.google.com/maps/search/?api=1&query=arena%20beach%20tennis%20em%20Monte%20Azul%20Paulista%2C%20S%C3%A3o%20Paulo%2C%20Brasil","https://www.google.com/maps/search/?api=1&query=arena%20futev%C3%B4lei%20em%20Monte%20Azul%20Paulista%2C%20S%C3%A3o%20Paulo%2C%20Brasil","https://www.google.com/maps/search/?api=1&query=quadra%20v%C3%B4lei%20de%20praia%20em%20Monte%20Azul%20Paulista%2C%20S%C3%A3o%20Paulo%2C%20Brasil","https://www.google.com/maps/search/?api=1&query=arena%20esportes%20de%20areia%20em%20Monte%20Azul%20Paulista%2C%20S%C3%A3o%20Paulo%2C%20Brasil","https://www.google.com/maps/search/?api=1&query=beach%20sports%20em%20Monte%20Azul%20Paulista%2C%20S%C3%A3o%20Paulo%2C%20Brasil","","",""
"3531605","Monte Castelo","Presidente Prudente","a pesquisar","https://www.google.com/maps/search/?api=1&query=arena%20beach%20tennis%20em%20Monte%20Castelo%2C%20S%C3%A3o%20Paulo%2C%20Brasil","https://www.google.com/maps/search/?api=1&query=arena%20futev%C3%B4lei%20em%20Monte%20Castelo%2C%20S%C3%A3o%20Paulo%2C%20Brasil","https://www.google.com/maps/search/?api=1&query=quadra%20v%C3%B4lei%20de%20praia%20em%20Monte%20Castelo%2C%20S%C3%A3o%20Paulo%2C%20Brasil","https://www.google.com/maps/search/?api=1&query=arena%20esportes%20de%20areia%20em%20Monte%20Castelo%2C%20S%C3%A3o%20Paulo%2C%20Brasil","https://www.google.com/maps/search/?api=1&query=beach%20sports%20em%20Monte%20Castelo%2C%20S%C3%A3o%20Paulo%2C%20Brasil","","",""
"3531803","Monte Mor","Campinas","a pesquisar","https://www.google.com/maps/search/?api=1&query=arena%20beach%20tennis%20em%20Monte%20Mor%2C%20S%C3%A3o%20Paulo%2C%20Brasil","https://www.google.com/maps/search/?api=1&query=arena%20futev%C3%B4lei%20em%20Monte%20Mor%2C%20S%C3%A3o%20Paulo%2C%20Brasil","https://www.google.com/maps/search/?api=1&query=quadra%20v%C3%B4lei%20de%20praia%20em%20Monte%20Mor%2C%20S%C3%A3o%20Paulo%2C%20Brasil","https://www.google.com/maps/search/?api=1&query=arena%20esportes%20de%20areia%20em%20Monte%20Mor%2C%20S%C3%A3o%20Paulo%2C%20Brasil","https://www.google.com/maps/search/?api=1&query=beach%20sports%20em%20Monte%20Mor%2C%20S%C3%A3o%20Paulo%2C%20Brasil","","",""
"3531704","Monteiro Lobato","São José dos Campos","a pesquisar","https://www.google.com/maps/search/?api=1&query=arena%20beach%20tennis%20em%20Monteiro%20Lobato%2C%20S%C3%A3o%20Paulo%2C%20Brasil","https://www.google.com/maps/search/?api=1&query=arena%20futev%C3%B4lei%20em%20Monteiro%20Lobato%2C%20S%C3%A3o%20Paulo%2C%20Brasil","https://www.google.com/maps/search/?api=1&query=quadra%20v%C3%B4lei%20de%20praia%20em%20Monteiro%20Lobato%2C%20S%C3%A3o%20Paulo%2C%20Brasil","https://www.google.com/maps/search/?api=1&query=arena%20esportes%20de%20areia%20em%20Monteiro%20Lobato%2C%20S%C3%A3o%20Paulo%2C%20Brasil","https://www.google.com/maps/search/?api=1&query=beach%20sports%20em%20Monteiro%20Lobato%2C%20S%C3%A3o%20Paulo%2C%20Brasil","","",""
"3531902","Morro Agudo","Ribeirão Preto","a pesquisar","https://www.google.com/maps/search/?api=1&query=arena%20beach%20tennis%20em%20Morro%20Agudo%2C%20S%C3%A3o%20Paulo%2C%20Brasil","https://www.google.com/maps/search/?api=1&query=arena%20futev%C3%B4lei%20em%20Morro%20Agudo%2C%20S%C3%A3o%20Paulo%2C%20Brasil","https://www.google.com/maps/search/?api=1&query=quadra%20v%C3%B4lei%20de%20praia%20em%20Morro%20Agudo%2C%20S%C3%A3o%20Paulo%2C%20Brasil","https://www.google.com/maps/search/?api=1&query=arena%20esportes%20de%20areia%20em%20Morro%20Agudo%2C%20S%C3%A3o%20Paulo%2C%20Brasil","https://www.google.com/maps/search/?api=1&query=beach%20sports%20em%20Morro%20Agudo%2C%20S%C3%A3o%20Paulo%2C%20Brasil","","",""
"3532009","Morungaba","Campinas","a pesquisar","https://www.google.com/maps/search/?api=1&query=arena%20beach%20tennis%20em%20Morungaba%2C%20S%C3%A3o%20Paulo%2C%20Brasil","https://www.google.com/maps/search/?api=1&query=arena%20futev%C3%B4lei%20em%20Morungaba%2C%20S%C3%A3o%20Paulo%2C%20Brasil","https://www.google.com/maps/search/?api=1&query=quadra%20v%C3%B4lei%20de%20praia%20em%20Morungaba%2C%20S%C3%A3o%20Paulo%2C%20Brasil","https://www.google.com/maps/search/?api=1&query=arena%20esportes%20de%20areia%20em%20Morungaba%2C%20S%C3%A3o%20Paulo%2C%20Brasil","https://www.google.com/maps/search/?api=1&query=beach%20sports%20em%20Morungaba%2C%20S%C3%A3o%20Paulo%2C%20Brasil","","",""
"3532058","Motuca","Araraquara","a pesquisar","https://www.google.com/maps/search/?api=1&query=arena%20beach%20tennis%20em%20Motuca%2C%20S%C3%A3o%20Paulo%2C%20Brasil","https://www.google.com/maps/search/?api=1&query=arena%20futev%C3%B4lei%20em%20Motuca%2C%20S%C3%A3o%20Paulo%2C%20Brasil","https://www.google.com/maps/search/?api=1&query=quadra%20v%C3%B4lei%20de%20praia%20em%20Motuca%2C%20S%C3%A3o%20Paulo%2C%20Brasil","https://www.google.com/maps/search/?api=1&query=arena%20esportes%20de%20areia%20em%20Motuca%2C%20S%C3%A3o%20Paulo%2C%20Brasil","https://www.google.com/maps/search/?api=1&query=beach%20sports%20em%20Motuca%2C%20S%C3%A3o%20Paulo%2C%20Brasil","","",""
"3532108","Murutinga do Sul","Araçatuba","a pesquisar","https://www.google.com/maps/search/?api=1&query=arena%20beach%20tennis%20em%20Murutinga%20do%20Sul%2C%20S%C3%A3o%20Paulo%2C%20Brasil","https://www.google.com/maps/search/?api=1&query=arena%20futev%C3%B4lei%20em%20Murutinga%20do%20Sul%2C%20S%C3%A3o%20Paulo%2C%20Brasil","https://www.google.com/maps/search/?api=1&query=quadra%20v%C3%B4lei%20de%20praia%20em%20Murutinga%20do%20Sul%2C%20S%C3%A3o%20Paulo%2C%20Brasil","https://www.google.com/maps/search/?api=1&query=arena%20esportes%20de%20areia%20em%20Murutinga%20do%20Sul%2C%20S%C3%A3o%20Paulo%2C%20Brasil","https://www.google.com/maps/search/?api=1&query=beach%20sports%20em%20Murutinga%20do%20Sul%2C%20S%C3%A3o%20Paulo%2C%20Brasil","","",""
"3532157","Nantes","Presidente Prudente","a pesquisar","https://www.google.com/maps/search/?api=1&query=arena%20beach%20tennis%20em%20Nantes%2C%20S%C3%A3o%20Paulo%2C%20Brasil","https://www.google.com/maps/search/?api=1&query=arena%20futev%C3%B4lei%20em%20Nantes%2C%20S%C3%A3o%20Paulo%2C%20Brasil","https://www.google.com/maps/search/?api=1&query=quadra%20v%C3%B4lei%20de%20praia%20em%20Nantes%2C%20S%C3%A3o%20Paulo%2C%20Brasil","https://www.google.com/maps/search/?api=1&query=arena%20esportes%20de%20areia%20em%20Nantes%2C%20S%C3%A3o%20Paulo%2C%20Brasil","https://www.google.com/maps/search/?api=1&query=beach%20sports%20em%20Nantes%2C%20S%C3%A3o%20Paulo%2C%20Brasil","","",""
"3532207","Narandiba","Presidente Prudente","a pesquisar","https://www.google.com/maps/search/?api=1&query=arena%20beach%20tennis%20em%20Narandiba%2C%20S%C3%A3o%20Paulo%2C%20Brasil","https://www.google.com/maps/search/?api=1&query=arena%20futev%C3%B4lei%20em%20Narandiba%2C%20S%C3%A3o%20Paulo%2C%20Brasil","https://www.google.com/maps/search/?api=1&query=quadra%20v%C3%B4lei%20de%20praia%20em%20Narandiba%2C%20S%C3%A3o%20Paulo%2C%20Brasil","https://www.google.com/maps/search/?api=1&query=arena%20esportes%20de%20areia%20em%20Narandiba%2C%20S%C3%A3o%20Paulo%2C%20Brasil","https://www.google.com/maps/search/?api=1&query=beach%20sports%20em%20Narandiba%2C%20S%C3%A3o%20Paulo%2C%20Brasil","","",""
"3532306","Natividade da Serra","São José dos Campos","a pesquisar","https://www.google.com/maps/search/?api=1&query=arena%20beach%20tennis%20em%20Natividade%20da%20Serra%2C%20S%C3%A3o%20Paulo%2C%20Brasil","https://www.google.com/maps/search/?api=1&query=arena%20futev%C3%B4lei%20em%20Natividade%20da%20Serra%2C%20S%C3%A3o%20Paulo%2C%20Brasil","https://www.google.com/maps/search/?api=1&query=quadra%20v%C3%B4lei%20de%20praia%20em%20Natividade%20da%20Serra%2C%20S%C3%A3o%20Paulo%2C%20Brasil","https://www.google.com/maps/search/?api=1&query=arena%20esportes%20de%20areia%20em%20Natividade%20da%20Serra%2C%20S%C3%A3o%20Paulo%2C%20Brasil","https://www.google.com/maps/search/?api=1&query=beach%20sports%20em%20Natividade%20da%20Serra%2C%20S%C3%A3o%20Paulo%2C%20Brasil","","",""
"3532405","Nazaré Paulista","Campinas","a pesquisar","https://www.google.com/maps/search/?api=1&query=arena%20beach%20tennis%20em%20Nazar%C3%A9%20Paulista%2C%20S%C3%A3o%20Paulo%2C%20Brasil","https://www.google.com/maps/search/?api=1&query=arena%20futev%C3%B4lei%20em%20Nazar%C3%A9%20Paulista%2C%20S%C3%A3o%20Paulo%2C%20Brasil","https://www.google.com/maps/search/?api=1&query=quadra%20v%C3%B4lei%20de%20praia%20em%20Nazar%C3%A9%20Paulista%2C%20S%C3%A3o%20Paulo%2C%20Brasil","https://www.google.com/maps/search/?api=1&query=arena%20esportes%20de%20areia%20em%20Nazar%C3%A9%20Paulista%2C%20S%C3%A3o%20Paulo%2C%20Brasil","https://www.google.com/maps/search/?api=1&query=beach%20sports%20em%20Nazar%C3%A9%20Paulista%2C%20S%C3%A3o%20Paulo%2C%20Brasil","","",""
"3532504","Neves Paulista","São José do Rio Preto","a pesquisar","https://www.google.com/maps/search/?api=1&query=arena%20beach%20tennis%20em%20Neves%20Paulista%2C%20S%C3%A3o%20Paulo%2C%20Brasil","https://www.google.com/maps/search/?api=1&query=arena%20futev%C3%B4lei%20em%20Neves%20Paulista%2C%20S%C3%A3o%20Paulo%2C%20Brasil","https://www.google.com/maps/search/?api=1&query=quadra%20v%C3%B4lei%20de%20praia%20em%20Neves%20Paulista%2C%20S%C3%A3o%20Paulo%2C%20Brasil","https://www.google.com/maps/search/?api=1&query=arena%20esportes%20de%20areia%20em%20Neves%20Paulista%2C%20S%C3%A3o%20Paulo%2C%20Brasil","https://www.google.com/maps/search/?api=1&query=beach%20sports%20em%20Neves%20Paulista%2C%20S%C3%A3o%20Paulo%2C%20Brasil","","",""
"3532603","Nhandeara","São José do Rio Preto","a pesquisar","https://www.google.com/maps/search/?api=1&query=arena%20beach%20tennis%20em%20Nhandeara%2C%20S%C3%A3o%20Paulo%2C%20Brasil","https://www.google.com/maps/search/?api=1&query=arena%20futev%C3%B4lei%20em%20Nhandeara%2C%20S%C3%A3o%20Paulo%2C%20Brasil","https://www.google.com/maps/search/?api=1&query=quadra%20v%C3%B4lei%20de%20praia%20em%20Nhandeara%2C%20S%C3%A3o%20Paulo%2C%20Brasil","https://www.google.com/maps/search/?api=1&query=arena%20esportes%20de%20areia%20em%20Nhandeara%2C%20S%C3%A3o%20Paulo%2C%20Brasil","https://www.google.com/maps/search/?api=1&query=beach%20sports%20em%20Nhandeara%2C%20S%C3%A3o%20Paulo%2C%20Brasil","","",""
"3532702","Nipoã","São José do Rio Preto","a pesquisar","https://www.google.com/maps/search/?api=1&query=arena%20beach%20tennis%20em%20Nipo%C3%A3%2C%20S%C3%A3o%20Paulo%2C%20Brasil","https://www.google.com/maps/search/?api=1&query=arena%20futev%C3%B4lei%20em%20Nipo%C3%A3%2C%20S%C3%A3o%20Paulo%2C%20Brasil","https://www.google.com/maps/search/?api=1&query=quadra%20v%C3%B4lei%20de%20praia%20em%20Nipo%C3%A3%2C%20S%C3%A3o%20Paulo%2C%20Brasil","https://www.google.com/maps/search/?api=1&query=arena%20esportes%20de%20areia%20em%20Nipo%C3%A3%2C%20S%C3%A3o%20Paulo%2C%20Brasil","https://www.google.com/maps/search/?api=1&query=beach%20sports%20em%20Nipo%C3%A3%2C%20S%C3%A3o%20Paulo%2C%20Brasil","","",""
"3532801","Nova Aliança","São José do Rio Preto","a pesquisar","https://www.google.com/maps/search/?api=1&query=arena%20beach%20tennis%20em%20Nova%20Alian%C3%A7a%2C%20S%C3%A3o%20Paulo%2C%20Brasil","https://www.google.com/maps/search/?api=1&query=arena%20futev%C3%B4lei%20em%20Nova%20Alian%C3%A7a%2C%20S%C3%A3o%20Paulo%2C%20Brasil","https://www.google.com/maps/search/?api=1&query=quadra%20v%C3%B4lei%20de%20praia%20em%20Nova%20Alian%C3%A7a%2C%20S%C3%A3o%20Paulo%2C%20Brasil","https://www.google.com/maps/search/?api=1&query=arena%20esportes%20de%20areia%20em%20Nova%20Alian%C3%A7a%2C%20S%C3%A3o%20Paulo%2C%20Brasil","https://www.google.com/maps/search/?api=1&query=beach%20sports%20em%20Nova%20Alian%C3%A7a%2C%20S%C3%A3o%20Paulo%2C%20Brasil","","",""
"3532827","Nova Campina","Sorocaba","a pesquisar","https://www.google.com/maps/search/?api=1&query=arena%20beach%20tennis%20em%20Nova%20Campina%2C%20S%C3%A3o%20Paulo%2C%20Brasil","https://www.google.com/maps/search/?api=1&query=arena%20futev%C3%B4lei%20em%20Nova%20Campina%2C%20S%C3%A3o%20Paulo%2C%20Brasil","https://www.google.com/maps/search/?api=1&query=quadra%20v%C3%B4lei%20de%20praia%20em%20Nova%20Campina%2C%20S%C3%A3o%20Paulo%2C%20Brasil","https://www.google.com/maps/search/?api=1&query=arena%20esportes%20de%20areia%20em%20Nova%20Campina%2C%20S%C3%A3o%20Paulo%2C%20Brasil","https://www.google.com/maps/search/?api=1&query=beach%20sports%20em%20Nova%20Campina%2C%20S%C3%A3o%20Paulo%2C%20Brasil","","",""
"3532843","Nova Canaã Paulista","São José do Rio Preto","a pesquisar","https://www.google.com/maps/search/?api=1&query=arena%20beach%20tennis%20em%20Nova%20Cana%C3%A3%20Paulista%2C%20S%C3%A3o%20Paulo%2C%20Brasil","https://www.google.com/maps/search/?api=1&query=arena%20futev%C3%B4lei%20em%20Nova%20Cana%C3%A3%20Paulista%2C%20S%C3%A3o%20Paulo%2C%20Brasil","https://www.google.com/maps/search/?api=1&query=quadra%20v%C3%B4lei%20de%20praia%20em%20Nova%20Cana%C3%A3%20Paulista%2C%20S%C3%A3o%20Paulo%2C%20Brasil","https://www.google.com/maps/search/?api=1&query=arena%20esportes%20de%20areia%20em%20Nova%20Cana%C3%A3%20Paulista%2C%20S%C3%A3o%20Paulo%2C%20Brasil","https://www.google.com/maps/search/?api=1&query=beach%20sports%20em%20Nova%20Cana%C3%A3%20Paulista%2C%20S%C3%A3o%20Paulo%2C%20Brasil","","",""
"3532868","Nova Castilho","Araçatuba","a pesquisar","https://www.google.com/maps/search/?api=1&query=arena%20beach%20tennis%20em%20Nova%20Castilho%2C%20S%C3%A3o%20Paulo%2C%20Brasil","https://www.google.com/maps/search/?api=1&query=arena%20futev%C3%B4lei%20em%20Nova%20Castilho%2C%20S%C3%A3o%20Paulo%2C%20Brasil","https://www.google.com/maps/search/?api=1&query=quadra%20v%C3%B4lei%20de%20praia%20em%20Nova%20Castilho%2C%20S%C3%A3o%20Paulo%2C%20Brasil","https://www.google.com/maps/search/?api=1&query=arena%20esportes%20de%20areia%20em%20Nova%20Castilho%2C%20S%C3%A3o%20Paulo%2C%20Brasil","https://www.google.com/maps/search/?api=1&query=beach%20sports%20em%20Nova%20Castilho%2C%20S%C3%A3o%20Paulo%2C%20Brasil","","",""
"3532900","Nova Europa","Araraquara","a pesquisar","https://www.google.com/maps/search/?api=1&query=arena%20beach%20tennis%20em%20Nova%20Europa%2C%20S%C3%A3o%20Paulo%2C%20Brasil","https://www.google.com/maps/search/?api=1&query=arena%20futev%C3%B4lei%20em%20Nova%20Europa%2C%20S%C3%A3o%20Paulo%2C%20Brasil","https://www.google.com/maps/search/?api=1&query=quadra%20v%C3%B4lei%20de%20praia%20em%20Nova%20Europa%2C%20S%C3%A3o%20Paulo%2C%20Brasil","https://www.google.com/maps/search/?api=1&query=arena%20esportes%20de%20areia%20em%20Nova%20Europa%2C%20S%C3%A3o%20Paulo%2C%20Brasil","https://www.google.com/maps/search/?api=1&query=beach%20sports%20em%20Nova%20Europa%2C%20S%C3%A3o%20Paulo%2C%20Brasil","","",""
"3533007","Nova Granada","São José do Rio Preto","a pesquisar","https://www.google.com/maps/search/?api=1&query=arena%20beach%20tennis%20em%20Nova%20Granada%2C%20S%C3%A3o%20Paulo%2C%20Brasil","https://www.google.com/maps/search/?api=1&query=arena%20futev%C3%B4lei%20em%20Nova%20Granada%2C%20S%C3%A3o%20Paulo%2C%20Brasil","https://www.google.com/maps/search/?api=1&query=quadra%20v%C3%B4lei%20de%20praia%20em%20Nova%20Granada%2C%20S%C3%A3o%20Paulo%2C%20Brasil","https://www.google.com/maps/search/?api=1&query=arena%20esportes%20de%20areia%20em%20Nova%20Granada%2C%20S%C3%A3o%20Paulo%2C%20Brasil","https://www.google.com/maps/search/?api=1&query=beach%20sports%20em%20Nova%20Granada%2C%20S%C3%A3o%20Paulo%2C%20Brasil","","",""
"3533106","Nova Guataporanga","Presidente Prudente","a pesquisar","https://www.google.com/maps/search/?api=1&query=arena%20beach%20tennis%20em%20Nova%20Guataporanga%2C%20S%C3%A3o%20Paulo%2C%20Brasil","https://www.google.com/maps/search/?api=1&query=arena%20futev%C3%B4lei%20em%20Nova%20Guataporanga%2C%20S%C3%A3o%20Paulo%2C%20Brasil","https://www.google.com/maps/search/?api=1&query=quadra%20v%C3%B4lei%20de%20praia%20em%20Nova%20Guataporanga%2C%20S%C3%A3o%20Paulo%2C%20Brasil","https://www.google.com/maps/search/?api=1&query=arena%20esportes%20de%20areia%20em%20Nova%20Guataporanga%2C%20S%C3%A3o%20Paulo%2C%20Brasil","https://www.google.com/maps/search/?api=1&query=beach%20sports%20em%20Nova%20Guataporanga%2C%20S%C3%A3o%20Paulo%2C%20Brasil","","",""
"3533205","Nova Independência","Araçatuba","a pesquisar","https://www.google.com/maps/search/?api=1&query=arena%20beach%20tennis%20em%20Nova%20Independ%C3%AAncia%2C%20S%C3%A3o%20Paulo%2C%20Brasil","https://www.google.com/maps/search/?api=1&query=arena%20futev%C3%B4lei%20em%20Nova%20Independ%C3%AAncia%2C%20S%C3%A3o%20Paulo%2C%20Brasil","https://www.google.com/maps/search/?api=1&query=quadra%20v%C3%B4lei%20de%20praia%20em%20Nova%20Independ%C3%AAncia%2C%20S%C3%A3o%20Paulo%2C%20Brasil","https://www.google.com/maps/search/?api=1&query=arena%20esportes%20de%20areia%20em%20Nova%20Independ%C3%AAncia%2C%20S%C3%A3o%20Paulo%2C%20Brasil","https://www.google.com/maps/search/?api=1&query=beach%20sports%20em%20Nova%20Independ%C3%AAncia%2C%20S%C3%A3o%20Paulo%2C%20Brasil","","",""
"3533304","Nova Luzitânia","Araçatuba","a pesquisar","https://www.google.com/maps/search/?api=1&query=arena%20beach%20tennis%20em%20Nova%20Luzit%C3%A2nia%2C%20S%C3%A3o%20Paulo%2C%20Brasil","https://www.google.com/maps/search/?api=1&query=arena%20futev%C3%B4lei%20em%20Nova%20Luzit%C3%A2nia%2C%20S%C3%A3o%20Paulo%2C%20Brasil","https://www.google.com/maps/search/?api=1&query=quadra%20v%C3%B4lei%20de%20praia%20em%20Nova%20Luzit%C3%A2nia%2C%20S%C3%A3o%20Paulo%2C%20Brasil","https://www.google.com/maps/search/?api=1&query=arena%20esportes%20de%20areia%20em%20Nova%20Luzit%C3%A2nia%2C%20S%C3%A3o%20Paulo%2C%20Brasil","https://www.google.com/maps/search/?api=1&query=beach%20sports%20em%20Nova%20Luzit%C3%A2nia%2C%20S%C3%A3o%20Paulo%2C%20Brasil","","",""
"3533403","Nova Odessa","Campinas","a pesquisar","https://www.google.com/maps/search/?api=1&query=arena%20beach%20tennis%20em%20Nova%20Odessa%2C%20S%C3%A3o%20Paulo%2C%20Brasil","https://www.google.com/maps/search/?api=1&query=arena%20futev%C3%B4lei%20em%20Nova%20Odessa%2C%20S%C3%A3o%20Paulo%2C%20Brasil","https://www.google.com/maps/search/?api=1&query=quadra%20v%C3%B4lei%20de%20praia%20em%20Nova%20Odessa%2C%20S%C3%A3o%20Paulo%2C%20Brasil","https://www.google.com/maps/search/?api=1&query=arena%20esportes%20de%20areia%20em%20Nova%20Odessa%2C%20S%C3%A3o%20Paulo%2C%20Brasil","https://www.google.com/maps/search/?api=1&query=beach%20sports%20em%20Nova%20Odessa%2C%20S%C3%A3o%20Paulo%2C%20Brasil","","",""
"3533254","Novais","São José do Rio Preto","a pesquisar","https://www.google.com/maps/search/?api=1&query=arena%20beach%20tennis%20em%20Novais%2C%20S%C3%A3o%20Paulo%2C%20Brasil","https://www.google.com/maps/search/?api=1&query=arena%20futev%C3%B4lei%20em%20Novais%2C%20S%C3%A3o%20Paulo%2C%20Brasil","https://www.google.com/maps/search/?api=1&query=quadra%20v%C3%B4lei%20de%20praia%20em%20Novais%2C%20S%C3%A3o%20Paulo%2C%20Brasil","https://www.google.com/maps/search/?api=1&query=arena%20esportes%20de%20areia%20em%20Novais%2C%20S%C3%A3o%20Paulo%2C%20Brasil","https://www.google.com/maps/search/?api=1&query=beach%20sports%20em%20Novais%2C%20S%C3%A3o%20Paulo%2C%20Brasil","","",""
"3533502","Novo Horizonte","São José do Rio Preto","a pesquisar","https://www.google.com/maps/search/?api=1&query=arena%20beach%20tennis%20em%20Novo%20Horizonte%2C%20S%C3%A3o%20Paulo%2C%20Brasil","https://www.google.com/maps/search/?api=1&query=arena%20futev%C3%B4lei%20em%20Novo%20Horizonte%2C%20S%C3%A3o%20Paulo%2C%20Brasil","https://www.google.com/maps/search/?api=1&query=quadra%20v%C3%B4lei%20de%20praia%20em%20Novo%20Horizonte%2C%20S%C3%A3o%20Paulo%2C%20Brasil","https://www.google.com/maps/search/?api=1&query=arena%20esportes%20de%20areia%20em%20Novo%20Horizonte%2C%20S%C3%A3o%20Paulo%2C%20Brasil","https://www.google.com/maps/search/?api=1&query=beach%20sports%20em%20Novo%20Horizonte%2C%20S%C3%A3o%20Paulo%2C%20Brasil","","",""
"3533601","Nuporanga","Ribeirão Preto","a pesquisar","https://www.google.com/maps/search/?api=1&query=arena%20beach%20tennis%20em%20Nuporanga%2C%20S%C3%A3o%20Paulo%2C%20Brasil","https://www.google.com/maps/search/?api=1&query=arena%20futev%C3%B4lei%20em%20Nuporanga%2C%20S%C3%A3o%20Paulo%2C%20Brasil","https://www.google.com/maps/search/?api=1&query=quadra%20v%C3%B4lei%20de%20praia%20em%20Nuporanga%2C%20S%C3%A3o%20Paulo%2C%20Brasil","https://www.google.com/maps/search/?api=1&query=arena%20esportes%20de%20areia%20em%20Nuporanga%2C%20S%C3%A3o%20Paulo%2C%20Brasil","https://www.google.com/maps/search/?api=1&query=beach%20sports%20em%20Nuporanga%2C%20S%C3%A3o%20Paulo%2C%20Brasil","","",""
"3533700","Ocauçu","Marília","a pesquisar","https://www.google.com/maps/search/?api=1&query=arena%20beach%20tennis%20em%20Ocau%C3%A7u%2C%20S%C3%A3o%20Paulo%2C%20Brasil","https://www.google.com/maps/search/?api=1&query=arena%20futev%C3%B4lei%20em%20Ocau%C3%A7u%2C%20S%C3%A3o%20Paulo%2C%20Brasil","https://www.google.com/maps/search/?api=1&query=quadra%20v%C3%B4lei%20de%20praia%20em%20Ocau%C3%A7u%2C%20S%C3%A3o%20Paulo%2C%20Brasil","https://www.google.com/maps/search/?api=1&query=arena%20esportes%20de%20areia%20em%20Ocau%C3%A7u%2C%20S%C3%A3o%20Paulo%2C%20Brasil","https://www.google.com/maps/search/?api=1&query=beach%20sports%20em%20Ocau%C3%A7u%2C%20S%C3%A3o%20Paulo%2C%20Brasil","","",""
"3533809","Óleo","Sorocaba","a pesquisar","https://www.google.com/maps/search/?api=1&query=arena%20beach%20tennis%20em%20%C3%93leo%2C%20S%C3%A3o%20Paulo%2C%20Brasil","https://www.google.com/maps/search/?api=1&query=arena%20futev%C3%B4lei%20em%20%C3%93leo%2C%20S%C3%A3o%20Paulo%2C%20Brasil","https://www.google.com/maps/search/?api=1&query=quadra%20v%C3%B4lei%20de%20praia%20em%20%C3%93leo%2C%20S%C3%A3o%20Paulo%2C%20Brasil","https://www.google.com/maps/search/?api=1&query=arena%20esportes%20de%20areia%20em%20%C3%93leo%2C%20S%C3%A3o%20Paulo%2C%20Brasil","https://www.google.com/maps/search/?api=1&query=beach%20sports%20em%20%C3%93leo%2C%20S%C3%A3o%20Paulo%2C%20Brasil","","",""
"3533908","Olímpia","Ribeirão Preto","a pesquisar","https://www.google.com/maps/search/?api=1&query=arena%20beach%20tennis%20em%20Ol%C3%ADmpia%2C%20S%C3%A3o%20Paulo%2C%20Brasil","https://www.google.com/maps/search/?api=1&query=arena%20futev%C3%B4lei%20em%20Ol%C3%ADmpia%2C%20S%C3%A3o%20Paulo%2C%20Brasil","https://www.google.com/maps/search/?api=1&query=quadra%20v%C3%B4lei%20de%20praia%20em%20Ol%C3%ADmpia%2C%20S%C3%A3o%20Paulo%2C%20Brasil","https://www.google.com/maps/search/?api=1&query=arena%20esportes%20de%20areia%20em%20Ol%C3%ADmpia%2C%20S%C3%A3o%20Paulo%2C%20Brasil","https://www.google.com/maps/search/?api=1&query=beach%20sports%20em%20Ol%C3%ADmpia%2C%20S%C3%A3o%20Paulo%2C%20Brasil","","",""
"3534005","Onda Verde","São José do Rio Preto","a pesquisar","https://www.google.com/maps/search/?api=1&query=arena%20beach%20tennis%20em%20Onda%20Verde%2C%20S%C3%A3o%20Paulo%2C%20Brasil","https://www.google.com/maps/search/?api=1&query=arena%20futev%C3%B4lei%20em%20Onda%20Verde%2C%20S%C3%A3o%20Paulo%2C%20Brasil","https://www.google.com/maps/search/?api=1&query=quadra%20v%C3%B4lei%20de%20praia%20em%20Onda%20Verde%2C%20S%C3%A3o%20Paulo%2C%20Brasil","https://www.google.com/maps/search/?api=1&query=arena%20esportes%20de%20areia%20em%20Onda%20Verde%2C%20S%C3%A3o%20Paulo%2C%20Brasil","https://www.google.com/maps/search/?api=1&query=beach%20sports%20em%20Onda%20Verde%2C%20S%C3%A3o%20Paulo%2C%20Brasil","","",""
"3534104","Oriente","Marília","a pesquisar","https://www.google.com/maps/search/?api=1&query=arena%20beach%20tennis%20em%20Oriente%2C%20S%C3%A3o%20Paulo%2C%20Brasil","https://www.google.com/maps/search/?api=1&query=arena%20futev%C3%B4lei%20em%20Oriente%2C%20S%C3%A3o%20Paulo%2C%20Brasil","https://www.google.com/maps/search/?api=1&query=quadra%20v%C3%B4lei%20de%20praia%20em%20Oriente%2C%20S%C3%A3o%20Paulo%2C%20Brasil","https://www.google.com/maps/search/?api=1&query=arena%20esportes%20de%20areia%20em%20Oriente%2C%20S%C3%A3o%20Paulo%2C%20Brasil","https://www.google.com/maps/search/?api=1&query=beach%20sports%20em%20Oriente%2C%20S%C3%A3o%20Paulo%2C%20Brasil","","",""
"3534203","Orindiúva","São José do Rio Preto","a pesquisar","https://www.google.com/maps/search/?api=1&query=arena%20beach%20tennis%20em%20Orindi%C3%BAva%2C%20S%C3%A3o%20Paulo%2C%20Brasil","https://www.google.com/maps/search/?api=1&query=arena%20futev%C3%B4lei%20em%20Orindi%C3%BAva%2C%20S%C3%A3o%20Paulo%2C%20Brasil","https://www.google.com/maps/search/?api=1&query=quadra%20v%C3%B4lei%20de%20praia%20em%20Orindi%C3%BAva%2C%20S%C3%A3o%20Paulo%2C%20Brasil","https://www.google.com/maps/search/?api=1&query=arena%20esportes%20de%20areia%20em%20Orindi%C3%BAva%2C%20S%C3%A3o%20Paulo%2C%20Brasil","https://www.google.com/maps/search/?api=1&query=beach%20sports%20em%20Orindi%C3%BAva%2C%20S%C3%A3o%20Paulo%2C%20Brasil","","",""
"3534302","Orlândia","Ribeirão Preto","a pesquisar","https://www.google.com/maps/search/?api=1&query=arena%20beach%20tennis%20em%20Orl%C3%A2ndia%2C%20S%C3%A3o%20Paulo%2C%20Brasil","https://www.google.com/maps/search/?api=1&query=arena%20futev%C3%B4lei%20em%20Orl%C3%A2ndia%2C%20S%C3%A3o%20Paulo%2C%20Brasil","https://www.google.com/maps/search/?api=1&query=quadra%20v%C3%B4lei%20de%20praia%20em%20Orl%C3%A2ndia%2C%20S%C3%A3o%20Paulo%2C%20Brasil","https://www.google.com/maps/search/?api=1&query=arena%20esportes%20de%20areia%20em%20Orl%C3%A2ndia%2C%20S%C3%A3o%20Paulo%2C%20Brasil","https://www.google.com/maps/search/?api=1&query=beach%20sports%20em%20Orl%C3%A2ndia%2C%20S%C3%A3o%20Paulo%2C%20Brasil","","",""
"3534401","Osasco","São Paulo","pesquisa pública parcial","https://www.google.com/maps/search/?api=1&query=arena%20beach%20tennis%20em%20Osasco%2C%20S%C3%A3o%20Paulo%2C%20Brasil","https://www.google.com/maps/search/?api=1&query=arena%20futev%C3%B4lei%20em%20Osasco%2C%20S%C3%A3o%20Paulo%2C%20Brasil","https://www.google.com/maps/search/?api=1&query=quadra%20v%C3%B4lei%20de%20praia%20em%20Osasco%2C%20S%C3%A3o%20Paulo%2C%20Brasil","https://www.google.com/maps/search/?api=1&query=arena%20esportes%20de%20areia%20em%20Osasco%2C%20S%C3%A3o%20Paulo%2C%20Brasil","https://www.google.com/maps/search/?api=1&query=beach%20sports%20em%20Osasco%2C%20S%C3%A3o%20Paulo%2C%20Brasil","2026-09-13","1","Unidades validadas neste lote: 1. Consultas Maps da fila não executadas; cobertura municipal incompleta."
"3534500","Oscar Bressane","Marília","a pesquisar","https://www.google.com/maps/search/?api=1&query=arena%20beach%20tennis%20em%20Oscar%20Bressane%2C%20S%C3%A3o%20Paulo%2C%20Brasil","https://www.google.com/maps/search/?api=1&query=arena%20futev%C3%B4lei%20em%20Oscar%20Bressane%2C%20S%C3%A3o%20Paulo%2C%20Brasil","https://www.google.com/maps/search/?api=1&query=quadra%20v%C3%B4lei%20de%20praia%20em%20Oscar%20Bressane%2C%20S%C3%A3o%20Paulo%2C%20Brasil","https://www.google.com/maps/search/?api=1&query=arena%20esportes%20de%20areia%20em%20Oscar%20Bressane%2C%20S%C3%A3o%20Paulo%2C%20Brasil","https://www.google.com/maps/search/?api=1&query=beach%20sports%20em%20Oscar%20Bressane%2C%20S%C3%A3o%20Paulo%2C%20Brasil","","",""
"3534609","Osvaldo Cruz","Presidente Prudente","a pesquisar","https://www.google.com/maps/search/?api=1&query=arena%20beach%20tennis%20em%20Osvaldo%20Cruz%2C%20S%C3%A3o%20Paulo%2C%20Brasil","https://www.google.com/maps/search/?api=1&query=arena%20futev%C3%B4lei%20em%20Osvaldo%20Cruz%2C%20S%C3%A3o%20Paulo%2C%20Brasil","https://www.google.com/maps/search/?api=1&query=quadra%20v%C3%B4lei%20de%20praia%20em%20Osvaldo%20Cruz%2C%20S%C3%A3o%20Paulo%2C%20Brasil","https://www.google.com/maps/search/?api=1&query=arena%20esportes%20de%20areia%20em%20Osvaldo%20Cruz%2C%20S%C3%A3o%20Paulo%2C%20Brasil","https://www.google.com/maps/search/?api=1&query=beach%20sports%20em%20Osvaldo%20Cruz%2C%20S%C3%A3o%20Paulo%2C%20Brasil","","",""
"3534708","Ourinhos","Marília","a pesquisar","https://www.google.com/maps/search/?api=1&query=arena%20beach%20tennis%20em%20Ourinhos%2C%20S%C3%A3o%20Paulo%2C%20Brasil","https://www.google.com/maps/search/?api=1&query=arena%20futev%C3%B4lei%20em%20Ourinhos%2C%20S%C3%A3o%20Paulo%2C%20Brasil","https://www.google.com/maps/search/?api=1&query=quadra%20v%C3%B4lei%20de%20praia%20em%20Ourinhos%2C%20S%C3%A3o%20Paulo%2C%20Brasil","https://www.google.com/maps/search/?api=1&query=arena%20esportes%20de%20areia%20em%20Ourinhos%2C%20S%C3%A3o%20Paulo%2C%20Brasil","https://www.google.com/maps/search/?api=1&query=beach%20sports%20em%20Ourinhos%2C%20S%C3%A3o%20Paulo%2C%20Brasil","","",""
"3534807","Ouro Verde","Presidente Prudente","a pesquisar","https://www.google.com/maps/search/?api=1&query=arena%20beach%20tennis%20em%20Ouro%20Verde%2C%20S%C3%A3o%20Paulo%2C%20Brasil","https://www.google.com/maps/search/?api=1&query=arena%20futev%C3%B4lei%20em%20Ouro%20Verde%2C%20S%C3%A3o%20Paulo%2C%20Brasil","https://www.google.com/maps/search/?api=1&query=quadra%20v%C3%B4lei%20de%20praia%20em%20Ouro%20Verde%2C%20S%C3%A3o%20Paulo%2C%20Brasil","https://www.google.com/maps/search/?api=1&query=arena%20esportes%20de%20areia%20em%20Ouro%20Verde%2C%20S%C3%A3o%20Paulo%2C%20Brasil","https://www.google.com/maps/search/?api=1&query=beach%20sports%20em%20Ouro%20Verde%2C%20S%C3%A3o%20Paulo%2C%20Brasil","","",""
"3534757","Ouroeste","São José do Rio Preto","a pesquisar","https://www.google.com/maps/search/?api=1&query=arena%20beach%20tennis%20em%20Ouroeste%2C%20S%C3%A3o%20Paulo%2C%20Brasil","https://www.google.com/maps/search/?api=1&query=arena%20futev%C3%B4lei%20em%20Ouroeste%2C%20S%C3%A3o%20Paulo%2C%20Brasil","https://www.google.com/maps/search/?api=1&query=quadra%20v%C3%B4lei%20de%20praia%20em%20Ouroeste%2C%20S%C3%A3o%20Paulo%2C%20Brasil","https://www.google.com/maps/search/?api=1&query=arena%20esportes%20de%20areia%20em%20Ouroeste%2C%20S%C3%A3o%20Paulo%2C%20Brasil","https://www.google.com/maps/search/?api=1&query=beach%20sports%20em%20Ouroeste%2C%20S%C3%A3o%20Paulo%2C%20Brasil","","",""
"3534906","Pacaembu","Presidente Prudente","a pesquisar","https://www.google.com/maps/search/?api=1&query=arena%20beach%20tennis%20em%20Pacaembu%2C%20S%C3%A3o%20Paulo%2C%20Brasil","https://www.google.com/maps/search/?api=1&query=arena%20futev%C3%B4lei%20em%20Pacaembu%2C%20S%C3%A3o%20Paulo%2C%20Brasil","https://www.google.com/maps/search/?api=1&query=quadra%20v%C3%B4lei%20de%20praia%20em%20Pacaembu%2C%20S%C3%A3o%20Paulo%2C%20Brasil","https://www.google.com/maps/search/?api=1&query=arena%20esportes%20de%20areia%20em%20Pacaembu%2C%20S%C3%A3o%20Paulo%2C%20Brasil","https://www.google.com/maps/search/?api=1&query=beach%20sports%20em%20Pacaembu%2C%20S%C3%A3o%20Paulo%2C%20Brasil","","",""
"3535002","Palestina","São José do Rio Preto","a pesquisar","https://www.google.com/maps/search/?api=1&query=arena%20beach%20tennis%20em%20Palestina%2C%20S%C3%A3o%20Paulo%2C%20Brasil","https://www.google.com/maps/search/?api=1&query=arena%20futev%C3%B4lei%20em%20Palestina%2C%20S%C3%A3o%20Paulo%2C%20Brasil","https://www.google.com/maps/search/?api=1&query=quadra%20v%C3%B4lei%20de%20praia%20em%20Palestina%2C%20S%C3%A3o%20Paulo%2C%20Brasil","https://www.google.com/maps/search/?api=1&query=arena%20esportes%20de%20areia%20em%20Palestina%2C%20S%C3%A3o%20Paulo%2C%20Brasil","https://www.google.com/maps/search/?api=1&query=beach%20sports%20em%20Palestina%2C%20S%C3%A3o%20Paulo%2C%20Brasil","","",""
"3535101","Palmares Paulista","São José do Rio Preto","a pesquisar","https://www.google.com/maps/search/?api=1&query=arena%20beach%20tennis%20em%20Palmares%20Paulista%2C%20S%C3%A3o%20Paulo%2C%20Brasil","https://www.google.com/maps/search/?api=1&query=arena%20futev%C3%B4lei%20em%20Palmares%20Paulista%2C%20S%C3%A3o%20Paulo%2C%20Brasil","https://www.google.com/maps/search/?api=1&query=quadra%20v%C3%B4lei%20de%20praia%20em%20Palmares%20Paulista%2C%20S%C3%A3o%20Paulo%2C%20Brasil","https://www.google.com/maps/search/?api=1&query=arena%20esportes%20de%20areia%20em%20Palmares%20Paulista%2C%20S%C3%A3o%20Paulo%2C%20Brasil","https://www.google.com/maps/search/?api=1&query=beach%20sports%20em%20Palmares%20Paulista%2C%20S%C3%A3o%20Paulo%2C%20Brasil","","",""
"3535200","Palmeira d'Oeste","São José do Rio Preto","a pesquisar","https://www.google.com/maps/search/?api=1&query=arena%20beach%20tennis%20em%20Palmeira%20d'Oeste%2C%20S%C3%A3o%20Paulo%2C%20Brasil","https://www.google.com/maps/search/?api=1&query=arena%20futev%C3%B4lei%20em%20Palmeira%20d'Oeste%2C%20S%C3%A3o%20Paulo%2C%20Brasil","https://www.google.com/maps/search/?api=1&query=quadra%20v%C3%B4lei%20de%20praia%20em%20Palmeira%20d'Oeste%2C%20S%C3%A3o%20Paulo%2C%20Brasil","https://www.google.com/maps/search/?api=1&query=arena%20esportes%20de%20areia%20em%20Palmeira%20d'Oeste%2C%20S%C3%A3o%20Paulo%2C%20Brasil","https://www.google.com/maps/search/?api=1&query=beach%20sports%20em%20Palmeira%20d'Oeste%2C%20S%C3%A3o%20Paulo%2C%20Brasil","","",""
"3535309","Palmital","Marília","a pesquisar","https://www.google.com/maps/search/?api=1&query=arena%20beach%20tennis%20em%20Palmital%2C%20S%C3%A3o%20Paulo%2C%20Brasil","https://www.google.com/maps/search/?api=1&query=arena%20futev%C3%B4lei%20em%20Palmital%2C%20S%C3%A3o%20Paulo%2C%20Brasil","https://www.google.com/maps/search/?api=1&query=quadra%20v%C3%B4lei%20de%20praia%20em%20Palmital%2C%20S%C3%A3o%20Paulo%2C%20Brasil","https://www.google.com/maps/search/?api=1&query=arena%20esportes%20de%20areia%20em%20Palmital%2C%20S%C3%A3o%20Paulo%2C%20Brasil","https://www.google.com/maps/search/?api=1&query=beach%20sports%20em%20Palmital%2C%20S%C3%A3o%20Paulo%2C%20Brasil","","",""
"3535408","Panorama","Presidente Prudente","a pesquisar","https://www.google.com/maps/search/?api=1&query=arena%20beach%20tennis%20em%20Panorama%2C%20S%C3%A3o%20Paulo%2C%20Brasil","https://www.google.com/maps/search/?api=1&query=arena%20futev%C3%B4lei%20em%20Panorama%2C%20S%C3%A3o%20Paulo%2C%20Brasil","https://www.google.com/maps/search/?api=1&query=quadra%20v%C3%B4lei%20de%20praia%20em%20Panorama%2C%20S%C3%A3o%20Paulo%2C%20Brasil","https://www.google.com/maps/search/?api=1&query=arena%20esportes%20de%20areia%20em%20Panorama%2C%20S%C3%A3o%20Paulo%2C%20Brasil","https://www.google.com/maps/search/?api=1&query=beach%20sports%20em%20Panorama%2C%20S%C3%A3o%20Paulo%2C%20Brasil","","",""
"3535507","Paraguaçu Paulista","Marília","a pesquisar","https://www.google.com/maps/search/?api=1&query=arena%20beach%20tennis%20em%20Paragua%C3%A7u%20Paulista%2C%20S%C3%A3o%20Paulo%2C%20Brasil","https://www.google.com/maps/search/?api=1&query=arena%20futev%C3%B4lei%20em%20Paragua%C3%A7u%20Paulista%2C%20S%C3%A3o%20Paulo%2C%20Brasil","https://www.google.com/maps/search/?api=1&query=quadra%20v%C3%B4lei%20de%20praia%20em%20Paragua%C3%A7u%20Paulista%2C%20S%C3%A3o%20Paulo%2C%20Brasil","https://www.google.com/maps/search/?api=1&query=arena%20esportes%20de%20areia%20em%20Paragua%C3%A7u%20Paulista%2C%20S%C3%A3o%20Paulo%2C%20Brasil","https://www.google.com/maps/search/?api=1&query=beach%20sports%20em%20Paragua%C3%A7u%20Paulista%2C%20S%C3%A3o%20Paulo%2C%20Brasil","","",""
"3535606","Paraibuna","São José dos Campos","a pesquisar","https://www.google.com/maps/search/?api=1&query=arena%20beach%20tennis%20em%20Paraibuna%2C%20S%C3%A3o%20Paulo%2C%20Brasil","https://www.google.com/maps/search/?api=1&query=arena%20futev%C3%B4lei%20em%20Paraibuna%2C%20S%C3%A3o%20Paulo%2C%20Brasil","https://www.google.com/maps/search/?api=1&query=quadra%20v%C3%B4lei%20de%20praia%20em%20Paraibuna%2C%20S%C3%A3o%20Paulo%2C%20Brasil","https://www.google.com/maps/search/?api=1&query=arena%20esportes%20de%20areia%20em%20Paraibuna%2C%20S%C3%A3o%20Paulo%2C%20Brasil","https://www.google.com/maps/search/?api=1&query=beach%20sports%20em%20Paraibuna%2C%20S%C3%A3o%20Paulo%2C%20Brasil","","",""
"3535705","Paraíso","São José do Rio Preto","a pesquisar","https://www.google.com/maps/search/?api=1&query=arena%20beach%20tennis%20em%20Para%C3%ADso%2C%20S%C3%A3o%20Paulo%2C%20Brasil","https://www.google.com/maps/search/?api=1&query=arena%20futev%C3%B4lei%20em%20Para%C3%ADso%2C%20S%C3%A3o%20Paulo%2C%20Brasil","https://www.google.com/maps/search/?api=1&query=quadra%20v%C3%B4lei%20de%20praia%20em%20Para%C3%ADso%2C%20S%C3%A3o%20Paulo%2C%20Brasil","https://www.google.com/maps/search/?api=1&query=arena%20esportes%20de%20areia%20em%20Para%C3%ADso%2C%20S%C3%A3o%20Paulo%2C%20Brasil","https://www.google.com/maps/search/?api=1&query=beach%20sports%20em%20Para%C3%ADso%2C%20S%C3%A3o%20Paulo%2C%20Brasil","","",""
"3535804","Paranapanema","Sorocaba","a pesquisar","https://www.google.com/maps/search/?api=1&query=arena%20beach%20tennis%20em%20Paranapanema%2C%20S%C3%A3o%20Paulo%2C%20Brasil","https://www.google.com/maps/search/?api=1&query=arena%20futev%C3%B4lei%20em%20Paranapanema%2C%20S%C3%A3o%20Paulo%2C%20Brasil","https://www.google.com/maps/search/?api=1&query=quadra%20v%C3%B4lei%20de%20praia%20em%20Paranapanema%2C%20S%C3%A3o%20Paulo%2C%20Brasil","https://www.google.com/maps/search/?api=1&query=arena%20esportes%20de%20areia%20em%20Paranapanema%2C%20S%C3%A3o%20Paulo%2C%20Brasil","https://www.google.com/maps/search/?api=1&query=beach%20sports%20em%20Paranapanema%2C%20S%C3%A3o%20Paulo%2C%20Brasil","","",""
"3535903","Paranapuã","São José do Rio Preto","a pesquisar","https://www.google.com/maps/search/?api=1&query=arena%20beach%20tennis%20em%20Paranapu%C3%A3%2C%20S%C3%A3o%20Paulo%2C%20Brasil","https://www.google.com/maps/search/?api=1&query=arena%20futev%C3%B4lei%20em%20Paranapu%C3%A3%2C%20S%C3%A3o%20Paulo%2C%20Brasil","https://www.google.com/maps/search/?api=1&query=quadra%20v%C3%B4lei%20de%20praia%20em%20Paranapu%C3%A3%2C%20S%C3%A3o%20Paulo%2C%20Brasil","https://www.google.com/maps/search/?api=1&query=arena%20esportes%20de%20areia%20em%20Paranapu%C3%A3%2C%20S%C3%A3o%20Paulo%2C%20Brasil","https://www.google.com/maps/search/?api=1&query=beach%20sports%20em%20Paranapu%C3%A3%2C%20S%C3%A3o%20Paulo%2C%20Brasil","","",""
"3536000","Parapuã","Marília","a pesquisar","https://www.google.com/maps/search/?api=1&query=arena%20beach%20tennis%20em%20Parapu%C3%A3%2C%20S%C3%A3o%20Paulo%2C%20Brasil","https://www.google.com/maps/search/?api=1&query=arena%20futev%C3%B4lei%20em%20Parapu%C3%A3%2C%20S%C3%A3o%20Paulo%2C%20Brasil","https://www.google.com/maps/search/?api=1&query=quadra%20v%C3%B4lei%20de%20praia%20em%20Parapu%C3%A3%2C%20S%C3%A3o%20Paulo%2C%20Brasil","https://www.google.com/maps/search/?api=1&query=arena%20esportes%20de%20areia%20em%20Parapu%C3%A3%2C%20S%C3%A3o%20Paulo%2C%20Brasil","https://www.google.com/maps/search/?api=1&query=beach%20sports%20em%20Parapu%C3%A3%2C%20S%C3%A3o%20Paulo%2C%20Brasil","","",""
"3536109","Pardinho","Bauru","a pesquisar","https://www.google.com/maps/search/?api=1&query=arena%20beach%20tennis%20em%20Pardinho%2C%20S%C3%A3o%20Paulo%2C%20Brasil","https://www.google.com/maps/search/?api=1&query=arena%20futev%C3%B4lei%20em%20Pardinho%2C%20S%C3%A3o%20Paulo%2C%20Brasil","https://www.google.com/maps/search/?api=1&query=quadra%20v%C3%B4lei%20de%20praia%20em%20Pardinho%2C%20S%C3%A3o%20Paulo%2C%20Brasil","https://www.google.com/maps/search/?api=1&query=arena%20esportes%20de%20areia%20em%20Pardinho%2C%20S%C3%A3o%20Paulo%2C%20Brasil","https://www.google.com/maps/search/?api=1&query=beach%20sports%20em%20Pardinho%2C%20S%C3%A3o%20Paulo%2C%20Brasil","","",""
"3536208","Pariquera-Açu","Sorocaba","a pesquisar","https://www.google.com/maps/search/?api=1&query=arena%20beach%20tennis%20em%20Pariquera-A%C3%A7u%2C%20S%C3%A3o%20Paulo%2C%20Brasil","https://www.google.com/maps/search/?api=1&query=arena%20futev%C3%B4lei%20em%20Pariquera-A%C3%A7u%2C%20S%C3%A3o%20Paulo%2C%20Brasil","https://www.google.com/maps/search/?api=1&query=quadra%20v%C3%B4lei%20de%20praia%20em%20Pariquera-A%C3%A7u%2C%20S%C3%A3o%20Paulo%2C%20Brasil","https://www.google.com/maps/search/?api=1&query=arena%20esportes%20de%20areia%20em%20Pariquera-A%C3%A7u%2C%20S%C3%A3o%20Paulo%2C%20Brasil","https://www.google.com/maps/search/?api=1&query=beach%20sports%20em%20Pariquera-A%C3%A7u%2C%20S%C3%A3o%20Paulo%2C%20Brasil","","",""
"3536257","Parisi","São José do Rio Preto","a pesquisar","https://www.google.com/maps/search/?api=1&query=arena%20beach%20tennis%20em%20Parisi%2C%20S%C3%A3o%20Paulo%2C%20Brasil","https://www.google.com/maps/search/?api=1&query=arena%20futev%C3%B4lei%20em%20Parisi%2C%20S%C3%A3o%20Paulo%2C%20Brasil","https://www.google.com/maps/search/?api=1&query=quadra%20v%C3%B4lei%20de%20praia%20em%20Parisi%2C%20S%C3%A3o%20Paulo%2C%20Brasil","https://www.google.com/maps/search/?api=1&query=arena%20esportes%20de%20areia%20em%20Parisi%2C%20S%C3%A3o%20Paulo%2C%20Brasil","https://www.google.com/maps/search/?api=1&query=beach%20sports%20em%20Parisi%2C%20S%C3%A3o%20Paulo%2C%20Brasil","","",""
"3536307","Patrocínio Paulista","Ribeirão Preto","a pesquisar","https://www.google.com/maps/search/?api=1&query=arena%20beach%20tennis%20em%20Patroc%C3%ADnio%20Paulista%2C%20S%C3%A3o%20Paulo%2C%20Brasil","https://www.google.com/maps/search/?api=1&query=arena%20futev%C3%B4lei%20em%20Patroc%C3%ADnio%20Paulista%2C%20S%C3%A3o%20Paulo%2C%20Brasil","https://www.google.com/maps/search/?api=1&query=quadra%20v%C3%B4lei%20de%20praia%20em%20Patroc%C3%ADnio%20Paulista%2C%20S%C3%A3o%20Paulo%2C%20Brasil","https://www.google.com/maps/search/?api=1&query=arena%20esportes%20de%20areia%20em%20Patroc%C3%ADnio%20Paulista%2C%20S%C3%A3o%20Paulo%2C%20Brasil","https://www.google.com/maps/search/?api=1&query=beach%20sports%20em%20Patroc%C3%ADnio%20Paulista%2C%20S%C3%A3o%20Paulo%2C%20Brasil","","",""
"3536406","Paulicéia","Presidente Prudente","a pesquisar","https://www.google.com/maps/search/?api=1&query=arena%20beach%20tennis%20em%20Paulic%C3%A9ia%2C%20S%C3%A3o%20Paulo%2C%20Brasil","https://www.google.com/maps/search/?api=1&query=arena%20futev%C3%B4lei%20em%20Paulic%C3%A9ia%2C%20S%C3%A3o%20Paulo%2C%20Brasil","https://www.google.com/maps/search/?api=1&query=quadra%20v%C3%B4lei%20de%20praia%20em%20Paulic%C3%A9ia%2C%20S%C3%A3o%20Paulo%2C%20Brasil","https://www.google.com/maps/search/?api=1&query=arena%20esportes%20de%20areia%20em%20Paulic%C3%A9ia%2C%20S%C3%A3o%20Paulo%2C%20Brasil","https://www.google.com/maps/search/?api=1&query=beach%20sports%20em%20Paulic%C3%A9ia%2C%20S%C3%A3o%20Paulo%2C%20Brasil","","",""
"3536505","Paulínia","Campinas","a pesquisar","https://www.google.com/maps/search/?api=1&query=arena%20beach%20tennis%20em%20Paul%C3%ADnia%2C%20S%C3%A3o%20Paulo%2C%20Brasil","https://www.google.com/maps/search/?api=1&query=arena%20futev%C3%B4lei%20em%20Paul%C3%ADnia%2C%20S%C3%A3o%20Paulo%2C%20Brasil","https://www.google.com/maps/search/?api=1&query=quadra%20v%C3%B4lei%20de%20praia%20em%20Paul%C3%ADnia%2C%20S%C3%A3o%20Paulo%2C%20Brasil","https://www.google.com/maps/search/?api=1&query=arena%20esportes%20de%20areia%20em%20Paul%C3%ADnia%2C%20S%C3%A3o%20Paulo%2C%20Brasil","https://www.google.com/maps/search/?api=1&query=beach%20sports%20em%20Paul%C3%ADnia%2C%20S%C3%A3o%20Paulo%2C%20Brasil","","",""
"3536570","Paulistânia","Bauru","a pesquisar","https://www.google.com/maps/search/?api=1&query=arena%20beach%20tennis%20em%20Paulist%C3%A2nia%2C%20S%C3%A3o%20Paulo%2C%20Brasil","https://www.google.com/maps/search/?api=1&query=arena%20futev%C3%B4lei%20em%20Paulist%C3%A2nia%2C%20S%C3%A3o%20Paulo%2C%20Brasil","https://www.google.com/maps/search/?api=1&query=quadra%20v%C3%B4lei%20de%20praia%20em%20Paulist%C3%A2nia%2C%20S%C3%A3o%20Paulo%2C%20Brasil","https://www.google.com/maps/search/?api=1&query=arena%20esportes%20de%20areia%20em%20Paulist%C3%A2nia%2C%20S%C3%A3o%20Paulo%2C%20Brasil","https://www.google.com/maps/search/?api=1&query=beach%20sports%20em%20Paulist%C3%A2nia%2C%20S%C3%A3o%20Paulo%2C%20Brasil","","",""
"3536604","Paulo de Faria","São José do Rio Preto","a pesquisar","https://www.google.com/maps/search/?api=1&query=arena%20beach%20tennis%20em%20Paulo%20de%20Faria%2C%20S%C3%A3o%20Paulo%2C%20Brasil","https://www.google.com/maps/search/?api=1&query=arena%20futev%C3%B4lei%20em%20Paulo%20de%20Faria%2C%20S%C3%A3o%20Paulo%2C%20Brasil","https://www.google.com/maps/search/?api=1&query=quadra%20v%C3%B4lei%20de%20praia%20em%20Paulo%20de%20Faria%2C%20S%C3%A3o%20Paulo%2C%20Brasil","https://www.google.com/maps/search/?api=1&query=arena%20esportes%20de%20areia%20em%20Paulo%20de%20Faria%2C%20S%C3%A3o%20Paulo%2C%20Brasil","https://www.google.com/maps/search/?api=1&query=beach%20sports%20em%20Paulo%20de%20Faria%2C%20S%C3%A3o%20Paulo%2C%20Brasil","","",""
"3536703","Pederneiras","Bauru","a pesquisar","https://www.google.com/maps/search/?api=1&query=arena%20beach%20tennis%20em%20Pederneiras%2C%20S%C3%A3o%20Paulo%2C%20Brasil","https://www.google.com/maps/search/?api=1&query=arena%20futev%C3%B4lei%20em%20Pederneiras%2C%20S%C3%A3o%20Paulo%2C%20Brasil","https://www.google.com/maps/search/?api=1&query=quadra%20v%C3%B4lei%20de%20praia%20em%20Pederneiras%2C%20S%C3%A3o%20Paulo%2C%20Brasil","https://www.google.com/maps/search/?api=1&query=arena%20esportes%20de%20areia%20em%20Pederneiras%2C%20S%C3%A3o%20Paulo%2C%20Brasil","https://www.google.com/maps/search/?api=1&query=beach%20sports%20em%20Pederneiras%2C%20S%C3%A3o%20Paulo%2C%20Brasil","","",""
"3536802","Pedra Bela","Campinas","a pesquisar","https://www.google.com/maps/search/?api=1&query=arena%20beach%20tennis%20em%20Pedra%20Bela%2C%20S%C3%A3o%20Paulo%2C%20Brasil","https://www.google.com/maps/search/?api=1&query=arena%20futev%C3%B4lei%20em%20Pedra%20Bela%2C%20S%C3%A3o%20Paulo%2C%20Brasil","https://www.google.com/maps/search/?api=1&query=quadra%20v%C3%B4lei%20de%20praia%20em%20Pedra%20Bela%2C%20S%C3%A3o%20Paulo%2C%20Brasil","https://www.google.com/maps/search/?api=1&query=arena%20esportes%20de%20areia%20em%20Pedra%20Bela%2C%20S%C3%A3o%20Paulo%2C%20Brasil","https://www.google.com/maps/search/?api=1&query=beach%20sports%20em%20Pedra%20Bela%2C%20S%C3%A3o%20Paulo%2C%20Brasil","","",""
"3536901","Pedranópolis","São José do Rio Preto","a pesquisar","https://www.google.com/maps/search/?api=1&query=arena%20beach%20tennis%20em%20Pedran%C3%B3polis%2C%20S%C3%A3o%20Paulo%2C%20Brasil","https://www.google.com/maps/search/?api=1&query=arena%20futev%C3%B4lei%20em%20Pedran%C3%B3polis%2C%20S%C3%A3o%20Paulo%2C%20Brasil","https://www.google.com/maps/search/?api=1&query=quadra%20v%C3%B4lei%20de%20praia%20em%20Pedran%C3%B3polis%2C%20S%C3%A3o%20Paulo%2C%20Brasil","https://www.google.com/maps/search/?api=1&query=arena%20esportes%20de%20areia%20em%20Pedran%C3%B3polis%2C%20S%C3%A3o%20Paulo%2C%20Brasil","https://www.google.com/maps/search/?api=1&query=beach%20sports%20em%20Pedran%C3%B3polis%2C%20S%C3%A3o%20Paulo%2C%20Brasil","","",""
"3537008","Pedregulho","Ribeirão Preto","a pesquisar","https://www.google.com/maps/search/?api=1&query=arena%20beach%20tennis%20em%20Pedregulho%2C%20S%C3%A3o%20Paulo%2C%20Brasil","https://www.google.com/maps/search/?api=1&query=arena%20futev%C3%B4lei%20em%20Pedregulho%2C%20S%C3%A3o%20Paulo%2C%20Brasil","https://www.google.com/maps/search/?api=1&query=quadra%20v%C3%B4lei%20de%20praia%20em%20Pedregulho%2C%20S%C3%A3o%20Paulo%2C%20Brasil","https://www.google.com/maps/search/?api=1&query=arena%20esportes%20de%20areia%20em%20Pedregulho%2C%20S%C3%A3o%20Paulo%2C%20Brasil","https://www.google.com/maps/search/?api=1&query=beach%20sports%20em%20Pedregulho%2C%20S%C3%A3o%20Paulo%2C%20Brasil","","",""
"3537107","Pedreira","Campinas","a pesquisar","https://www.google.com/maps/search/?api=1&query=arena%20beach%20tennis%20em%20Pedreira%2C%20S%C3%A3o%20Paulo%2C%20Brasil","https://www.google.com/maps/search/?api=1&query=arena%20futev%C3%B4lei%20em%20Pedreira%2C%20S%C3%A3o%20Paulo%2C%20Brasil","https://www.google.com/maps/search/?api=1&query=quadra%20v%C3%B4lei%20de%20praia%20em%20Pedreira%2C%20S%C3%A3o%20Paulo%2C%20Brasil","https://www.google.com/maps/search/?api=1&query=arena%20esportes%20de%20areia%20em%20Pedreira%2C%20S%C3%A3o%20Paulo%2C%20Brasil","https://www.google.com/maps/search/?api=1&query=beach%20sports%20em%20Pedreira%2C%20S%C3%A3o%20Paulo%2C%20Brasil","","",""
"3537156","Pedrinhas Paulista","Marília","a pesquisar","https://www.google.com/maps/search/?api=1&query=arena%20beach%20tennis%20em%20Pedrinhas%20Paulista%2C%20S%C3%A3o%20Paulo%2C%20Brasil","https://www.google.com/maps/search/?api=1&query=arena%20futev%C3%B4lei%20em%20Pedrinhas%20Paulista%2C%20S%C3%A3o%20Paulo%2C%20Brasil","https://www.google.com/maps/search/?api=1&query=quadra%20v%C3%B4lei%20de%20praia%20em%20Pedrinhas%20Paulista%2C%20S%C3%A3o%20Paulo%2C%20Brasil","https://www.google.com/maps/search/?api=1&query=arena%20esportes%20de%20areia%20em%20Pedrinhas%20Paulista%2C%20S%C3%A3o%20Paulo%2C%20Brasil","https://www.google.com/maps/search/?api=1&query=beach%20sports%20em%20Pedrinhas%20Paulista%2C%20S%C3%A3o%20Paulo%2C%20Brasil","","",""
"3537206","Pedro de Toledo","São Paulo","a pesquisar","https://www.google.com/maps/search/?api=1&query=arena%20beach%20tennis%20em%20Pedro%20de%20Toledo%2C%20S%C3%A3o%20Paulo%2C%20Brasil","https://www.google.com/maps/search/?api=1&query=arena%20futev%C3%B4lei%20em%20Pedro%20de%20Toledo%2C%20S%C3%A3o%20Paulo%2C%20Brasil","https://www.google.com/maps/search/?api=1&query=quadra%20v%C3%B4lei%20de%20praia%20em%20Pedro%20de%20Toledo%2C%20S%C3%A3o%20Paulo%2C%20Brasil","https://www.google.com/maps/search/?api=1&query=arena%20esportes%20de%20areia%20em%20Pedro%20de%20Toledo%2C%20S%C3%A3o%20Paulo%2C%20Brasil","https://www.google.com/maps/search/?api=1&query=beach%20sports%20em%20Pedro%20de%20Toledo%2C%20S%C3%A3o%20Paulo%2C%20Brasil","","",""
"3537305","Penápolis","Araçatuba","a pesquisar","https://www.google.com/maps/search/?api=1&query=arena%20beach%20tennis%20em%20Pen%C3%A1polis%2C%20S%C3%A3o%20Paulo%2C%20Brasil","https://www.google.com/maps/search/?api=1&query=arena%20futev%C3%B4lei%20em%20Pen%C3%A1polis%2C%20S%C3%A3o%20Paulo%2C%20Brasil","https://www.google.com/maps/search/?api=1&query=quadra%20v%C3%B4lei%20de%20praia%20em%20Pen%C3%A1polis%2C%20S%C3%A3o%20Paulo%2C%20Brasil","https://www.google.com/maps/search/?api=1&query=arena%20esportes%20de%20areia%20em%20Pen%C3%A1polis%2C%20S%C3%A3o%20Paulo%2C%20Brasil","https://www.google.com/maps/search/?api=1&query=beach%20sports%20em%20Pen%C3%A1polis%2C%20S%C3%A3o%20Paulo%2C%20Brasil","","",""
"3537404","Pereira Barreto","Araçatuba","a pesquisar","https://www.google.com/maps/search/?api=1&query=arena%20beach%20tennis%20em%20Pereira%20Barreto%2C%20S%C3%A3o%20Paulo%2C%20Brasil","https://www.google.com/maps/search/?api=1&query=arena%20futev%C3%B4lei%20em%20Pereira%20Barreto%2C%20S%C3%A3o%20Paulo%2C%20Brasil","https://www.google.com/maps/search/?api=1&query=quadra%20v%C3%B4lei%20de%20praia%20em%20Pereira%20Barreto%2C%20S%C3%A3o%20Paulo%2C%20Brasil","https://www.google.com/maps/search/?api=1&query=arena%20esportes%20de%20areia%20em%20Pereira%20Barreto%2C%20S%C3%A3o%20Paulo%2C%20Brasil","https://www.google.com/maps/search/?api=1&query=beach%20sports%20em%20Pereira%20Barreto%2C%20S%C3%A3o%20Paulo%2C%20Brasil","","",""
"3537503","Pereiras","Sorocaba","a pesquisar","https://www.google.com/maps/search/?api=1&query=arena%20beach%20tennis%20em%20Pereiras%2C%20S%C3%A3o%20Paulo%2C%20Brasil","https://www.google.com/maps/search/?api=1&query=arena%20futev%C3%B4lei%20em%20Pereiras%2C%20S%C3%A3o%20Paulo%2C%20Brasil","https://www.google.com/maps/search/?api=1&query=quadra%20v%C3%B4lei%20de%20praia%20em%20Pereiras%2C%20S%C3%A3o%20Paulo%2C%20Brasil","https://www.google.com/maps/search/?api=1&query=arena%20esportes%20de%20areia%20em%20Pereiras%2C%20S%C3%A3o%20Paulo%2C%20Brasil","https://www.google.com/maps/search/?api=1&query=beach%20sports%20em%20Pereiras%2C%20S%C3%A3o%20Paulo%2C%20Brasil","","",""
"3537602","Peruíbe","São Paulo","pesquisa pública parcial","https://www.google.com/maps/search/?api=1&query=arena%20beach%20tennis%20em%20Peru%C3%ADbe%2C%20S%C3%A3o%20Paulo%2C%20Brasil","https://www.google.com/maps/search/?api=1&query=arena%20futev%C3%B4lei%20em%20Peru%C3%ADbe%2C%20S%C3%A3o%20Paulo%2C%20Brasil","https://www.google.com/maps/search/?api=1&query=quadra%20v%C3%B4lei%20de%20praia%20em%20Peru%C3%ADbe%2C%20S%C3%A3o%20Paulo%2C%20Brasil","https://www.google.com/maps/search/?api=1&query=arena%20esportes%20de%20areia%20em%20Peru%C3%ADbe%2C%20S%C3%A3o%20Paulo%2C%20Brasil","https://www.google.com/maps/search/?api=1&query=beach%20sports%20em%20Peru%C3%ADbe%2C%20S%C3%A3o%20Paulo%2C%20Brasil","2026-09-13","2","Unidades validadas neste lote: 2. Consultas Maps da fila não executadas; cobertura municipal incompleta."
"3537701","Piacatu","Araçatuba","a pesquisar","https://www.google.com/maps/search/?api=1&query=arena%20beach%20tennis%20em%20Piacatu%2C%20S%C3%A3o%20Paulo%2C%20Brasil","https://www.google.com/maps/search/?api=1&query=arena%20futev%C3%B4lei%20em%20Piacatu%2C%20S%C3%A3o%20Paulo%2C%20Brasil","https://www.google.com/maps/search/?api=1&query=quadra%20v%C3%B4lei%20de%20praia%20em%20Piacatu%2C%20S%C3%A3o%20Paulo%2C%20Brasil","https://www.google.com/maps/search/?api=1&query=arena%20esportes%20de%20areia%20em%20Piacatu%2C%20S%C3%A3o%20Paulo%2C%20Brasil","https://www.google.com/maps/search/?api=1&query=beach%20sports%20em%20Piacatu%2C%20S%C3%A3o%20Paulo%2C%20Brasil","","",""
"3537800","Piedade","Sorocaba","a pesquisar","https://www.google.com/maps/search/?api=1&query=arena%20beach%20tennis%20em%20Piedade%2C%20S%C3%A3o%20Paulo%2C%20Brasil","https://www.google.com/maps/search/?api=1&query=arena%20futev%C3%B4lei%20em%20Piedade%2C%20S%C3%A3o%20Paulo%2C%20Brasil","https://www.google.com/maps/search/?api=1&query=quadra%20v%C3%B4lei%20de%20praia%20em%20Piedade%2C%20S%C3%A3o%20Paulo%2C%20Brasil","https://www.google.com/maps/search/?api=1&query=arena%20esportes%20de%20areia%20em%20Piedade%2C%20S%C3%A3o%20Paulo%2C%20Brasil","https://www.google.com/maps/search/?api=1&query=beach%20sports%20em%20Piedade%2C%20S%C3%A3o%20Paulo%2C%20Brasil","","",""
"3537909","Pilar do Sul","Sorocaba","a pesquisar","https://www.google.com/maps/search/?api=1&query=arena%20beach%20tennis%20em%20Pilar%20do%20Sul%2C%20S%C3%A3o%20Paulo%2C%20Brasil","https://www.google.com/maps/search/?api=1&query=arena%20futev%C3%B4lei%20em%20Pilar%20do%20Sul%2C%20S%C3%A3o%20Paulo%2C%20Brasil","https://www.google.com/maps/search/?api=1&query=quadra%20v%C3%B4lei%20de%20praia%20em%20Pilar%20do%20Sul%2C%20S%C3%A3o%20Paulo%2C%20Brasil","https://www.google.com/maps/search/?api=1&query=arena%20esportes%20de%20areia%20em%20Pilar%20do%20Sul%2C%20S%C3%A3o%20Paulo%2C%20Brasil","https://www.google.com/maps/search/?api=1&query=beach%20sports%20em%20Pilar%20do%20Sul%2C%20S%C3%A3o%20Paulo%2C%20Brasil","","",""
"3538006","Pindamonhangaba","São José dos Campos","a pesquisar","https://www.google.com/maps/search/?api=1&query=arena%20beach%20tennis%20em%20Pindamonhangaba%2C%20S%C3%A3o%20Paulo%2C%20Brasil","https://www.google.com/maps/search/?api=1&query=arena%20futev%C3%B4lei%20em%20Pindamonhangaba%2C%20S%C3%A3o%20Paulo%2C%20Brasil","https://www.google.com/maps/search/?api=1&query=quadra%20v%C3%B4lei%20de%20praia%20em%20Pindamonhangaba%2C%20S%C3%A3o%20Paulo%2C%20Brasil","https://www.google.com/maps/search/?api=1&query=arena%20esportes%20de%20areia%20em%20Pindamonhangaba%2C%20S%C3%A3o%20Paulo%2C%20Brasil","https://www.google.com/maps/search/?api=1&query=beach%20sports%20em%20Pindamonhangaba%2C%20S%C3%A3o%20Paulo%2C%20Brasil","","",""
"3538105","Pindorama","São José do Rio Preto","a pesquisar","https://www.google.com/maps/search/?api=1&query=arena%20beach%20tennis%20em%20Pindorama%2C%20S%C3%A3o%20Paulo%2C%20Brasil","https://www.google.com/maps/search/?api=1&query=arena%20futev%C3%B4lei%20em%20Pindorama%2C%20S%C3%A3o%20Paulo%2C%20Brasil","https://www.google.com/maps/search/?api=1&query=quadra%20v%C3%B4lei%20de%20praia%20em%20Pindorama%2C%20S%C3%A3o%20Paulo%2C%20Brasil","https://www.google.com/maps/search/?api=1&query=arena%20esportes%20de%20areia%20em%20Pindorama%2C%20S%C3%A3o%20Paulo%2C%20Brasil","https://www.google.com/maps/search/?api=1&query=beach%20sports%20em%20Pindorama%2C%20S%C3%A3o%20Paulo%2C%20Brasil","","",""
"3538204","Pinhalzinho","Campinas","a pesquisar","https://www.google.com/maps/search/?api=1&query=arena%20beach%20tennis%20em%20Pinhalzinho%2C%20S%C3%A3o%20Paulo%2C%20Brasil","https://www.google.com/maps/search/?api=1&query=arena%20futev%C3%B4lei%20em%20Pinhalzinho%2C%20S%C3%A3o%20Paulo%2C%20Brasil","https://www.google.com/maps/search/?api=1&query=quadra%20v%C3%B4lei%20de%20praia%20em%20Pinhalzinho%2C%20S%C3%A3o%20Paulo%2C%20Brasil","https://www.google.com/maps/search/?api=1&query=arena%20esportes%20de%20areia%20em%20Pinhalzinho%2C%20S%C3%A3o%20Paulo%2C%20Brasil","https://www.google.com/maps/search/?api=1&query=beach%20sports%20em%20Pinhalzinho%2C%20S%C3%A3o%20Paulo%2C%20Brasil","","",""
"3538303","Piquerobi","Presidente Prudente","a pesquisar","https://www.google.com/maps/search/?api=1&query=arena%20beach%20tennis%20em%20Piquerobi%2C%20S%C3%A3o%20Paulo%2C%20Brasil","https://www.google.com/maps/search/?api=1&query=arena%20futev%C3%B4lei%20em%20Piquerobi%2C%20S%C3%A3o%20Paulo%2C%20Brasil","https://www.google.com/maps/search/?api=1&query=quadra%20v%C3%B4lei%20de%20praia%20em%20Piquerobi%2C%20S%C3%A3o%20Paulo%2C%20Brasil","https://www.google.com/maps/search/?api=1&query=arena%20esportes%20de%20areia%20em%20Piquerobi%2C%20S%C3%A3o%20Paulo%2C%20Brasil","https://www.google.com/maps/search/?api=1&query=beach%20sports%20em%20Piquerobi%2C%20S%C3%A3o%20Paulo%2C%20Brasil","","",""
"3538501","Piquete","São José dos Campos","a pesquisar","https://www.google.com/maps/search/?api=1&query=arena%20beach%20tennis%20em%20Piquete%2C%20S%C3%A3o%20Paulo%2C%20Brasil","https://www.google.com/maps/search/?api=1&query=arena%20futev%C3%B4lei%20em%20Piquete%2C%20S%C3%A3o%20Paulo%2C%20Brasil","https://www.google.com/maps/search/?api=1&query=quadra%20v%C3%B4lei%20de%20praia%20em%20Piquete%2C%20S%C3%A3o%20Paulo%2C%20Brasil","https://www.google.com/maps/search/?api=1&query=arena%20esportes%20de%20areia%20em%20Piquete%2C%20S%C3%A3o%20Paulo%2C%20Brasil","https://www.google.com/maps/search/?api=1&query=beach%20sports%20em%20Piquete%2C%20S%C3%A3o%20Paulo%2C%20Brasil","","",""
"3538600","Piracaia","Campinas","a pesquisar","https://www.google.com/maps/search/?api=1&query=arena%20beach%20tennis%20em%20Piracaia%2C%20S%C3%A3o%20Paulo%2C%20Brasil","https://www.google.com/maps/search/?api=1&query=arena%20futev%C3%B4lei%20em%20Piracaia%2C%20S%C3%A3o%20Paulo%2C%20Brasil","https://www.google.com/maps/search/?api=1&query=quadra%20v%C3%B4lei%20de%20praia%20em%20Piracaia%2C%20S%C3%A3o%20Paulo%2C%20Brasil","https://www.google.com/maps/search/?api=1&query=arena%20esportes%20de%20areia%20em%20Piracaia%2C%20S%C3%A3o%20Paulo%2C%20Brasil","https://www.google.com/maps/search/?api=1&query=beach%20sports%20em%20Piracaia%2C%20S%C3%A3o%20Paulo%2C%20Brasil","","",""
"3538709","Piracicaba","Campinas","pesquisa pública parcial","https://www.google.com/maps/search/?api=1&query=arena%20beach%20tennis%20em%20Piracicaba%2C%20S%C3%A3o%20Paulo%2C%20Brasil","https://www.google.com/maps/search/?api=1&query=arena%20futev%C3%B4lei%20em%20Piracicaba%2C%20S%C3%A3o%20Paulo%2C%20Brasil","https://www.google.com/maps/search/?api=1&query=quadra%20v%C3%B4lei%20de%20praia%20em%20Piracicaba%2C%20S%C3%A3o%20Paulo%2C%20Brasil","https://www.google.com/maps/search/?api=1&query=arena%20esportes%20de%20areia%20em%20Piracicaba%2C%20S%C3%A3o%20Paulo%2C%20Brasil","https://www.google.com/maps/search/?api=1&query=beach%20sports%20em%20Piracicaba%2C%20S%C3%A3o%20Paulo%2C%20Brasil","2026-09-13","1","Unidades validadas neste lote: 1. Consultas Maps da fila não executadas; cobertura municipal incompleta."
"3538808","Piraju","Marília","a pesquisar","https://www.google.com/maps/search/?api=1&query=arena%20beach%20tennis%20em%20Piraju%2C%20S%C3%A3o%20Paulo%2C%20Brasil","https://www.google.com/maps/search/?api=1&query=arena%20futev%C3%B4lei%20em%20Piraju%2C%20S%C3%A3o%20Paulo%2C%20Brasil","https://www.google.com/maps/search/?api=1&query=quadra%20v%C3%B4lei%20de%20praia%20em%20Piraju%2C%20S%C3%A3o%20Paulo%2C%20Brasil","https://www.google.com/maps/search/?api=1&query=arena%20esportes%20de%20areia%20em%20Piraju%2C%20S%C3%A3o%20Paulo%2C%20Brasil","https://www.google.com/maps/search/?api=1&query=beach%20sports%20em%20Piraju%2C%20S%C3%A3o%20Paulo%2C%20Brasil","","",""
"3538907","Pirajuí","Bauru","a pesquisar","https://www.google.com/maps/search/?api=1&query=arena%20beach%20tennis%20em%20Piraju%C3%AD%2C%20S%C3%A3o%20Paulo%2C%20Brasil","https://www.google.com/maps/search/?api=1&query=arena%20futev%C3%B4lei%20em%20Piraju%C3%AD%2C%20S%C3%A3o%20Paulo%2C%20Brasil","https://www.google.com/maps/search/?api=1&query=quadra%20v%C3%B4lei%20de%20praia%20em%20Piraju%C3%AD%2C%20S%C3%A3o%20Paulo%2C%20Brasil","https://www.google.com/maps/search/?api=1&query=arena%20esportes%20de%20areia%20em%20Piraju%C3%AD%2C%20S%C3%A3o%20Paulo%2C%20Brasil","https://www.google.com/maps/search/?api=1&query=beach%20sports%20em%20Piraju%C3%AD%2C%20S%C3%A3o%20Paulo%2C%20Brasil","","",""
"3539004","Pirangi","São José do Rio Preto","a pesquisar","https://www.google.com/maps/search/?api=1&query=arena%20beach%20tennis%20em%20Pirangi%2C%20S%C3%A3o%20Paulo%2C%20Brasil","https://www.google.com/maps/search/?api=1&query=arena%20futev%C3%B4lei%20em%20Pirangi%2C%20S%C3%A3o%20Paulo%2C%20Brasil","https://www.google.com/maps/search/?api=1&query=quadra%20v%C3%B4lei%20de%20praia%20em%20Pirangi%2C%20S%C3%A3o%20Paulo%2C%20Brasil","https://www.google.com/maps/search/?api=1&query=arena%20esportes%20de%20areia%20em%20Pirangi%2C%20S%C3%A3o%20Paulo%2C%20Brasil","https://www.google.com/maps/search/?api=1&query=beach%20sports%20em%20Pirangi%2C%20S%C3%A3o%20Paulo%2C%20Brasil","","",""
"3539103","Pirapora do Bom Jesus","São Paulo","a pesquisar","https://www.google.com/maps/search/?api=1&query=arena%20beach%20tennis%20em%20Pirapora%20do%20Bom%20Jesus%2C%20S%C3%A3o%20Paulo%2C%20Brasil","https://www.google.com/maps/search/?api=1&query=arena%20futev%C3%B4lei%20em%20Pirapora%20do%20Bom%20Jesus%2C%20S%C3%A3o%20Paulo%2C%20Brasil","https://www.google.com/maps/search/?api=1&query=quadra%20v%C3%B4lei%20de%20praia%20em%20Pirapora%20do%20Bom%20Jesus%2C%20S%C3%A3o%20Paulo%2C%20Brasil","https://www.google.com/maps/search/?api=1&query=arena%20esportes%20de%20areia%20em%20Pirapora%20do%20Bom%20Jesus%2C%20S%C3%A3o%20Paulo%2C%20Brasil","https://www.google.com/maps/search/?api=1&query=beach%20sports%20em%20Pirapora%20do%20Bom%20Jesus%2C%20S%C3%A3o%20Paulo%2C%20Brasil","","",""
"3539202","Pirapozinho","Presidente Prudente","a pesquisar","https://www.google.com/maps/search/?api=1&query=arena%20beach%20tennis%20em%20Pirapozinho%2C%20S%C3%A3o%20Paulo%2C%20Brasil","https://www.google.com/maps/search/?api=1&query=arena%20futev%C3%B4lei%20em%20Pirapozinho%2C%20S%C3%A3o%20Paulo%2C%20Brasil","https://www.google.com/maps/search/?api=1&query=quadra%20v%C3%B4lei%20de%20praia%20em%20Pirapozinho%2C%20S%C3%A3o%20Paulo%2C%20Brasil","https://www.google.com/maps/search/?api=1&query=arena%20esportes%20de%20areia%20em%20Pirapozinho%2C%20S%C3%A3o%20Paulo%2C%20Brasil","https://www.google.com/maps/search/?api=1&query=beach%20sports%20em%20Pirapozinho%2C%20S%C3%A3o%20Paulo%2C%20Brasil","","",""
"3539301","Pirassununga","Araraquara","a pesquisar","https://www.google.com/maps/search/?api=1&query=arena%20beach%20tennis%20em%20Pirassununga%2C%20S%C3%A3o%20Paulo%2C%20Brasil","https://www.google.com/maps/search/?api=1&query=arena%20futev%C3%B4lei%20em%20Pirassununga%2C%20S%C3%A3o%20Paulo%2C%20Brasil","https://www.google.com/maps/search/?api=1&query=quadra%20v%C3%B4lei%20de%20praia%20em%20Pirassununga%2C%20S%C3%A3o%20Paulo%2C%20Brasil","https://www.google.com/maps/search/?api=1&query=arena%20esportes%20de%20areia%20em%20Pirassununga%2C%20S%C3%A3o%20Paulo%2C%20Brasil","https://www.google.com/maps/search/?api=1&query=beach%20sports%20em%20Pirassununga%2C%20S%C3%A3o%20Paulo%2C%20Brasil","","",""
"3539400","Piratininga","Bauru","a pesquisar","https://www.google.com/maps/search/?api=1&query=arena%20beach%20tennis%20em%20Piratininga%2C%20S%C3%A3o%20Paulo%2C%20Brasil","https://www.google.com/maps/search/?api=1&query=arena%20futev%C3%B4lei%20em%20Piratininga%2C%20S%C3%A3o%20Paulo%2C%20Brasil","https://www.google.com/maps/search/?api=1&query=quadra%20v%C3%B4lei%20de%20praia%20em%20Piratininga%2C%20S%C3%A3o%20Paulo%2C%20Brasil","https://www.google.com/maps/search/?api=1&query=arena%20esportes%20de%20areia%20em%20Piratininga%2C%20S%C3%A3o%20Paulo%2C%20Brasil","https://www.google.com/maps/search/?api=1&query=beach%20sports%20em%20Piratininga%2C%20S%C3%A3o%20Paulo%2C%20Brasil","","",""
"3539509","Pitangueiras","Ribeirão Preto","a pesquisar","https://www.google.com/maps/search/?api=1&query=arena%20beach%20tennis%20em%20Pitangueiras%2C%20S%C3%A3o%20Paulo%2C%20Brasil","https://www.google.com/maps/search/?api=1&query=arena%20futev%C3%B4lei%20em%20Pitangueiras%2C%20S%C3%A3o%20Paulo%2C%20Brasil","https://www.google.com/maps/search/?api=1&query=quadra%20v%C3%B4lei%20de%20praia%20em%20Pitangueiras%2C%20S%C3%A3o%20Paulo%2C%20Brasil","https://www.google.com/maps/search/?api=1&query=arena%20esportes%20de%20areia%20em%20Pitangueiras%2C%20S%C3%A3o%20Paulo%2C%20Brasil","https://www.google.com/maps/search/?api=1&query=beach%20sports%20em%20Pitangueiras%2C%20S%C3%A3o%20Paulo%2C%20Brasil","","",""
"3539608","Planalto","São José do Rio Preto","a pesquisar","https://www.google.com/maps/search/?api=1&query=arena%20beach%20tennis%20em%20Planalto%2C%20S%C3%A3o%20Paulo%2C%20Brasil","https://www.google.com/maps/search/?api=1&query=arena%20futev%C3%B4lei%20em%20Planalto%2C%20S%C3%A3o%20Paulo%2C%20Brasil","https://www.google.com/maps/search/?api=1&query=quadra%20v%C3%B4lei%20de%20praia%20em%20Planalto%2C%20S%C3%A3o%20Paulo%2C%20Brasil","https://www.google.com/maps/search/?api=1&query=arena%20esportes%20de%20areia%20em%20Planalto%2C%20S%C3%A3o%20Paulo%2C%20Brasil","https://www.google.com/maps/search/?api=1&query=beach%20sports%20em%20Planalto%2C%20S%C3%A3o%20Paulo%2C%20Brasil","","",""
"3539707","Platina","Marília","a pesquisar","https://www.google.com/maps/search/?api=1&query=arena%20beach%20tennis%20em%20Platina%2C%20S%C3%A3o%20Paulo%2C%20Brasil","https://www.google.com/maps/search/?api=1&query=arena%20futev%C3%B4lei%20em%20Platina%2C%20S%C3%A3o%20Paulo%2C%20Brasil","https://www.google.com/maps/search/?api=1&query=quadra%20v%C3%B4lei%20de%20praia%20em%20Platina%2C%20S%C3%A3o%20Paulo%2C%20Brasil","https://www.google.com/maps/search/?api=1&query=arena%20esportes%20de%20areia%20em%20Platina%2C%20S%C3%A3o%20Paulo%2C%20Brasil","https://www.google.com/maps/search/?api=1&query=beach%20sports%20em%20Platina%2C%20S%C3%A3o%20Paulo%2C%20Brasil","","",""
"3539806","Poá","São Paulo","a pesquisar","https://www.google.com/maps/search/?api=1&query=arena%20beach%20tennis%20em%20Po%C3%A1%2C%20S%C3%A3o%20Paulo%2C%20Brasil","https://www.google.com/maps/search/?api=1&query=arena%20futev%C3%B4lei%20em%20Po%C3%A1%2C%20S%C3%A3o%20Paulo%2C%20Brasil","https://www.google.com/maps/search/?api=1&query=quadra%20v%C3%B4lei%20de%20praia%20em%20Po%C3%A1%2C%20S%C3%A3o%20Paulo%2C%20Brasil","https://www.google.com/maps/search/?api=1&query=arena%20esportes%20de%20areia%20em%20Po%C3%A1%2C%20S%C3%A3o%20Paulo%2C%20Brasil","https://www.google.com/maps/search/?api=1&query=beach%20sports%20em%20Po%C3%A1%2C%20S%C3%A3o%20Paulo%2C%20Brasil","","",""
"3539905","Poloni","São José do Rio Preto","a pesquisar","https://www.google.com/maps/search/?api=1&query=arena%20beach%20tennis%20em%20Poloni%2C%20S%C3%A3o%20Paulo%2C%20Brasil","https://www.google.com/maps/search/?api=1&query=arena%20futev%C3%B4lei%20em%20Poloni%2C%20S%C3%A3o%20Paulo%2C%20Brasil","https://www.google.com/maps/search/?api=1&query=quadra%20v%C3%B4lei%20de%20praia%20em%20Poloni%2C%20S%C3%A3o%20Paulo%2C%20Brasil","https://www.google.com/maps/search/?api=1&query=arena%20esportes%20de%20areia%20em%20Poloni%2C%20S%C3%A3o%20Paulo%2C%20Brasil","https://www.google.com/maps/search/?api=1&query=beach%20sports%20em%20Poloni%2C%20S%C3%A3o%20Paulo%2C%20Brasil","","",""
"3540002","Pompéia","Marília","a pesquisar","https://www.google.com/maps/search/?api=1&query=arena%20beach%20tennis%20em%20Pomp%C3%A9ia%2C%20S%C3%A3o%20Paulo%2C%20Brasil","https://www.google.com/maps/search/?api=1&query=arena%20futev%C3%B4lei%20em%20Pomp%C3%A9ia%2C%20S%C3%A3o%20Paulo%2C%20Brasil","https://www.google.com/maps/search/?api=1&query=quadra%20v%C3%B4lei%20de%20praia%20em%20Pomp%C3%A9ia%2C%20S%C3%A3o%20Paulo%2C%20Brasil","https://www.google.com/maps/search/?api=1&query=arena%20esportes%20de%20areia%20em%20Pomp%C3%A9ia%2C%20S%C3%A3o%20Paulo%2C%20Brasil","https://www.google.com/maps/search/?api=1&query=beach%20sports%20em%20Pomp%C3%A9ia%2C%20S%C3%A3o%20Paulo%2C%20Brasil","","",""
"3540101","Pongaí","Bauru","a pesquisar","https://www.google.com/maps/search/?api=1&query=arena%20beach%20tennis%20em%20Ponga%C3%AD%2C%20S%C3%A3o%20Paulo%2C%20Brasil","https://www.google.com/maps/search/?api=1&query=arena%20futev%C3%B4lei%20em%20Ponga%C3%AD%2C%20S%C3%A3o%20Paulo%2C%20Brasil","https://www.google.com/maps/search/?api=1&query=quadra%20v%C3%B4lei%20de%20praia%20em%20Ponga%C3%AD%2C%20S%C3%A3o%20Paulo%2C%20Brasil","https://www.google.com/maps/search/?api=1&query=arena%20esportes%20de%20areia%20em%20Ponga%C3%AD%2C%20S%C3%A3o%20Paulo%2C%20Brasil","https://www.google.com/maps/search/?api=1&query=beach%20sports%20em%20Ponga%C3%AD%2C%20S%C3%A3o%20Paulo%2C%20Brasil","","",""
"3540200","Pontal","Ribeirão Preto","a pesquisar","https://www.google.com/maps/search/?api=1&query=arena%20beach%20tennis%20em%20Pontal%2C%20S%C3%A3o%20Paulo%2C%20Brasil","https://www.google.com/maps/search/?api=1&query=arena%20futev%C3%B4lei%20em%20Pontal%2C%20S%C3%A3o%20Paulo%2C%20Brasil","https://www.google.com/maps/search/?api=1&query=quadra%20v%C3%B4lei%20de%20praia%20em%20Pontal%2C%20S%C3%A3o%20Paulo%2C%20Brasil","https://www.google.com/maps/search/?api=1&query=arena%20esportes%20de%20areia%20em%20Pontal%2C%20S%C3%A3o%20Paulo%2C%20Brasil","https://www.google.com/maps/search/?api=1&query=beach%20sports%20em%20Pontal%2C%20S%C3%A3o%20Paulo%2C%20Brasil","","",""
"3540259","Pontalinda","São José do Rio Preto","a pesquisar","https://www.google.com/maps/search/?api=1&query=arena%20beach%20tennis%20em%20Pontalinda%2C%20S%C3%A3o%20Paulo%2C%20Brasil","https://www.google.com/maps/search/?api=1&query=arena%20futev%C3%B4lei%20em%20Pontalinda%2C%20S%C3%A3o%20Paulo%2C%20Brasil","https://www.google.com/maps/search/?api=1&query=quadra%20v%C3%B4lei%20de%20praia%20em%20Pontalinda%2C%20S%C3%A3o%20Paulo%2C%20Brasil","https://www.google.com/maps/search/?api=1&query=arena%20esportes%20de%20areia%20em%20Pontalinda%2C%20S%C3%A3o%20Paulo%2C%20Brasil","https://www.google.com/maps/search/?api=1&query=beach%20sports%20em%20Pontalinda%2C%20S%C3%A3o%20Paulo%2C%20Brasil","","",""
"3540309","Pontes Gestal","São José do Rio Preto","a pesquisar","https://www.google.com/maps/search/?api=1&query=arena%20beach%20tennis%20em%20Pontes%20Gestal%2C%20S%C3%A3o%20Paulo%2C%20Brasil","https://www.google.com/maps/search/?api=1&query=arena%20futev%C3%B4lei%20em%20Pontes%20Gestal%2C%20S%C3%A3o%20Paulo%2C%20Brasil","https://www.google.com/maps/search/?api=1&query=quadra%20v%C3%B4lei%20de%20praia%20em%20Pontes%20Gestal%2C%20S%C3%A3o%20Paulo%2C%20Brasil","https://www.google.com/maps/search/?api=1&query=arena%20esportes%20de%20areia%20em%20Pontes%20Gestal%2C%20S%C3%A3o%20Paulo%2C%20Brasil","https://www.google.com/maps/search/?api=1&query=beach%20sports%20em%20Pontes%20Gestal%2C%20S%C3%A3o%20Paulo%2C%20Brasil","","",""
"3540408","Populina","São José do Rio Preto","a pesquisar","https://www.google.com/maps/search/?api=1&query=arena%20beach%20tennis%20em%20Populina%2C%20S%C3%A3o%20Paulo%2C%20Brasil","https://www.google.com/maps/search/?api=1&query=arena%20futev%C3%B4lei%20em%20Populina%2C%20S%C3%A3o%20Paulo%2C%20Brasil","https://www.google.com/maps/search/?api=1&query=quadra%20v%C3%B4lei%20de%20praia%20em%20Populina%2C%20S%C3%A3o%20Paulo%2C%20Brasil","https://www.google.com/maps/search/?api=1&query=arena%20esportes%20de%20areia%20em%20Populina%2C%20S%C3%A3o%20Paulo%2C%20Brasil","https://www.google.com/maps/search/?api=1&query=beach%20sports%20em%20Populina%2C%20S%C3%A3o%20Paulo%2C%20Brasil","","",""
"3540507","Porangaba","Sorocaba","a pesquisar","https://www.google.com/maps/search/?api=1&query=arena%20beach%20tennis%20em%20Porangaba%2C%20S%C3%A3o%20Paulo%2C%20Brasil","https://www.google.com/maps/search/?api=1&query=arena%20futev%C3%B4lei%20em%20Porangaba%2C%20S%C3%A3o%20Paulo%2C%20Brasil","https://www.google.com/maps/search/?api=1&query=quadra%20v%C3%B4lei%20de%20praia%20em%20Porangaba%2C%20S%C3%A3o%20Paulo%2C%20Brasil","https://www.google.com/maps/search/?api=1&query=arena%20esportes%20de%20areia%20em%20Porangaba%2C%20S%C3%A3o%20Paulo%2C%20Brasil","https://www.google.com/maps/search/?api=1&query=beach%20sports%20em%20Porangaba%2C%20S%C3%A3o%20Paulo%2C%20Brasil","","",""
"3540606","Porto Feliz","Sorocaba","a pesquisar","https://www.google.com/maps/search/?api=1&query=arena%20beach%20tennis%20em%20Porto%20Feliz%2C%20S%C3%A3o%20Paulo%2C%20Brasil","https://www.google.com/maps/search/?api=1&query=arena%20futev%C3%B4lei%20em%20Porto%20Feliz%2C%20S%C3%A3o%20Paulo%2C%20Brasil","https://www.google.com/maps/search/?api=1&query=quadra%20v%C3%B4lei%20de%20praia%20em%20Porto%20Feliz%2C%20S%C3%A3o%20Paulo%2C%20Brasil","https://www.google.com/maps/search/?api=1&query=arena%20esportes%20de%20areia%20em%20Porto%20Feliz%2C%20S%C3%A3o%20Paulo%2C%20Brasil","https://www.google.com/maps/search/?api=1&query=beach%20sports%20em%20Porto%20Feliz%2C%20S%C3%A3o%20Paulo%2C%20Brasil","","",""
"3540705","Porto Ferreira","Araraquara","a pesquisar","https://www.google.com/maps/search/?api=1&query=arena%20beach%20tennis%20em%20Porto%20Ferreira%2C%20S%C3%A3o%20Paulo%2C%20Brasil","https://www.google.com/maps/search/?api=1&query=arena%20futev%C3%B4lei%20em%20Porto%20Ferreira%2C%20S%C3%A3o%20Paulo%2C%20Brasil","https://www.google.com/maps/search/?api=1&query=quadra%20v%C3%B4lei%20de%20praia%20em%20Porto%20Ferreira%2C%20S%C3%A3o%20Paulo%2C%20Brasil","https://www.google.com/maps/search/?api=1&query=arena%20esportes%20de%20areia%20em%20Porto%20Ferreira%2C%20S%C3%A3o%20Paulo%2C%20Brasil","https://www.google.com/maps/search/?api=1&query=beach%20sports%20em%20Porto%20Ferreira%2C%20S%C3%A3o%20Paulo%2C%20Brasil","","",""
"3540754","Potim","São José dos Campos","a pesquisar","https://www.google.com/maps/search/?api=1&query=arena%20beach%20tennis%20em%20Potim%2C%20S%C3%A3o%20Paulo%2C%20Brasil","https://www.google.com/maps/search/?api=1&query=arena%20futev%C3%B4lei%20em%20Potim%2C%20S%C3%A3o%20Paulo%2C%20Brasil","https://www.google.com/maps/search/?api=1&query=quadra%20v%C3%B4lei%20de%20praia%20em%20Potim%2C%20S%C3%A3o%20Paulo%2C%20Brasil","https://www.google.com/maps/search/?api=1&query=arena%20esportes%20de%20areia%20em%20Potim%2C%20S%C3%A3o%20Paulo%2C%20Brasil","https://www.google.com/maps/search/?api=1&query=beach%20sports%20em%20Potim%2C%20S%C3%A3o%20Paulo%2C%20Brasil","","",""
"3540804","Potirendaba","São José do Rio Preto","a pesquisar","https://www.google.com/maps/search/?api=1&query=arena%20beach%20tennis%20em%20Potirendaba%2C%20S%C3%A3o%20Paulo%2C%20Brasil","https://www.google.com/maps/search/?api=1&query=arena%20futev%C3%B4lei%20em%20Potirendaba%2C%20S%C3%A3o%20Paulo%2C%20Brasil","https://www.google.com/maps/search/?api=1&query=quadra%20v%C3%B4lei%20de%20praia%20em%20Potirendaba%2C%20S%C3%A3o%20Paulo%2C%20Brasil","https://www.google.com/maps/search/?api=1&query=arena%20esportes%20de%20areia%20em%20Potirendaba%2C%20S%C3%A3o%20Paulo%2C%20Brasil","https://www.google.com/maps/search/?api=1&query=beach%20sports%20em%20Potirendaba%2C%20S%C3%A3o%20Paulo%2C%20Brasil","","",""
"3540853","Pracinha","Presidente Prudente","a pesquisar","https://www.google.com/maps/search/?api=1&query=arena%20beach%20tennis%20em%20Pracinha%2C%20S%C3%A3o%20Paulo%2C%20Brasil","https://www.google.com/maps/search/?api=1&query=arena%20futev%C3%B4lei%20em%20Pracinha%2C%20S%C3%A3o%20Paulo%2C%20Brasil","https://www.google.com/maps/search/?api=1&query=quadra%20v%C3%B4lei%20de%20praia%20em%20Pracinha%2C%20S%C3%A3o%20Paulo%2C%20Brasil","https://www.google.com/maps/search/?api=1&query=arena%20esportes%20de%20areia%20em%20Pracinha%2C%20S%C3%A3o%20Paulo%2C%20Brasil","https://www.google.com/maps/search/?api=1&query=beach%20sports%20em%20Pracinha%2C%20S%C3%A3o%20Paulo%2C%20Brasil","","",""
"3540903","Pradópolis","Ribeirão Preto","a pesquisar","https://www.google.com/maps/search/?api=1&query=arena%20beach%20tennis%20em%20Prad%C3%B3polis%2C%20S%C3%A3o%20Paulo%2C%20Brasil","https://www.google.com/maps/search/?api=1&query=arena%20futev%C3%B4lei%20em%20Prad%C3%B3polis%2C%20S%C3%A3o%20Paulo%2C%20Brasil","https://www.google.com/maps/search/?api=1&query=quadra%20v%C3%B4lei%20de%20praia%20em%20Prad%C3%B3polis%2C%20S%C3%A3o%20Paulo%2C%20Brasil","https://www.google.com/maps/search/?api=1&query=arena%20esportes%20de%20areia%20em%20Prad%C3%B3polis%2C%20S%C3%A3o%20Paulo%2C%20Brasil","https://www.google.com/maps/search/?api=1&query=beach%20sports%20em%20Prad%C3%B3polis%2C%20S%C3%A3o%20Paulo%2C%20Brasil","","",""
"3541000","Praia Grande","São Paulo","pesquisa pública parcial","https://www.google.com/maps/search/?api=1&query=arena%20beach%20tennis%20em%20Praia%20Grande%2C%20S%C3%A3o%20Paulo%2C%20Brasil","https://www.google.com/maps/search/?api=1&query=arena%20futev%C3%B4lei%20em%20Praia%20Grande%2C%20S%C3%A3o%20Paulo%2C%20Brasil","https://www.google.com/maps/search/?api=1&query=quadra%20v%C3%B4lei%20de%20praia%20em%20Praia%20Grande%2C%20S%C3%A3o%20Paulo%2C%20Brasil","https://www.google.com/maps/search/?api=1&query=arena%20esportes%20de%20areia%20em%20Praia%20Grande%2C%20S%C3%A3o%20Paulo%2C%20Brasil","https://www.google.com/maps/search/?api=1&query=beach%20sports%20em%20Praia%20Grande%2C%20S%C3%A3o%20Paulo%2C%20Brasil","2026-09-13","1","Unidades validadas neste lote: 1. Consultas Maps da fila não executadas; cobertura municipal incompleta."
"3541059","Pratânia","Bauru","a pesquisar","https://www.google.com/maps/search/?api=1&query=arena%20beach%20tennis%20em%20Prat%C3%A2nia%2C%20S%C3%A3o%20Paulo%2C%20Brasil","https://www.google.com/maps/search/?api=1&query=arena%20futev%C3%B4lei%20em%20Prat%C3%A2nia%2C%20S%C3%A3o%20Paulo%2C%20Brasil","https://www.google.com/maps/search/?api=1&query=quadra%20v%C3%B4lei%20de%20praia%20em%20Prat%C3%A2nia%2C%20S%C3%A3o%20Paulo%2C%20Brasil","https://www.google.com/maps/search/?api=1&query=arena%20esportes%20de%20areia%20em%20Prat%C3%A2nia%2C%20S%C3%A3o%20Paulo%2C%20Brasil","https://www.google.com/maps/search/?api=1&query=beach%20sports%20em%20Prat%C3%A2nia%2C%20S%C3%A3o%20Paulo%2C%20Brasil","","",""
"3541109","Presidente Alves","Bauru","a pesquisar","https://www.google.com/maps/search/?api=1&query=arena%20beach%20tennis%20em%20Presidente%20Alves%2C%20S%C3%A3o%20Paulo%2C%20Brasil","https://www.google.com/maps/search/?api=1&query=arena%20futev%C3%B4lei%20em%20Presidente%20Alves%2C%20S%C3%A3o%20Paulo%2C%20Brasil","https://www.google.com/maps/search/?api=1&query=quadra%20v%C3%B4lei%20de%20praia%20em%20Presidente%20Alves%2C%20S%C3%A3o%20Paulo%2C%20Brasil","https://www.google.com/maps/search/?api=1&query=arena%20esportes%20de%20areia%20em%20Presidente%20Alves%2C%20S%C3%A3o%20Paulo%2C%20Brasil","https://www.google.com/maps/search/?api=1&query=beach%20sports%20em%20Presidente%20Alves%2C%20S%C3%A3o%20Paulo%2C%20Brasil","","",""
"3541208","Presidente Bernardes","Presidente Prudente","a pesquisar","https://www.google.com/maps/search/?api=1&query=arena%20beach%20tennis%20em%20Presidente%20Bernardes%2C%20S%C3%A3o%20Paulo%2C%20Brasil","https://www.google.com/maps/search/?api=1&query=arena%20futev%C3%B4lei%20em%20Presidente%20Bernardes%2C%20S%C3%A3o%20Paulo%2C%20Brasil","https://www.google.com/maps/search/?api=1&query=quadra%20v%C3%B4lei%20de%20praia%20em%20Presidente%20Bernardes%2C%20S%C3%A3o%20Paulo%2C%20Brasil","https://www.google.com/maps/search/?api=1&query=arena%20esportes%20de%20areia%20em%20Presidente%20Bernardes%2C%20S%C3%A3o%20Paulo%2C%20Brasil","https://www.google.com/maps/search/?api=1&query=beach%20sports%20em%20Presidente%20Bernardes%2C%20S%C3%A3o%20Paulo%2C%20Brasil","","",""
"3541307","Presidente Epitácio","Presidente Prudente","a pesquisar","https://www.google.com/maps/search/?api=1&query=arena%20beach%20tennis%20em%20Presidente%20Epit%C3%A1cio%2C%20S%C3%A3o%20Paulo%2C%20Brasil","https://www.google.com/maps/search/?api=1&query=arena%20futev%C3%B4lei%20em%20Presidente%20Epit%C3%A1cio%2C%20S%C3%A3o%20Paulo%2C%20Brasil","https://www.google.com/maps/search/?api=1&query=quadra%20v%C3%B4lei%20de%20praia%20em%20Presidente%20Epit%C3%A1cio%2C%20S%C3%A3o%20Paulo%2C%20Brasil","https://www.google.com/maps/search/?api=1&query=arena%20esportes%20de%20areia%20em%20Presidente%20Epit%C3%A1cio%2C%20S%C3%A3o%20Paulo%2C%20Brasil","https://www.google.com/maps/search/?api=1&query=beach%20sports%20em%20Presidente%20Epit%C3%A1cio%2C%20S%C3%A3o%20Paulo%2C%20Brasil","","",""
"3541406","Presidente Prudente","Presidente Prudente","pesquisa pública parcial","https://www.google.com/maps/search/?api=1&query=arena%20beach%20tennis%20em%20Presidente%20Prudente%2C%20S%C3%A3o%20Paulo%2C%20Brasil","https://www.google.com/maps/search/?api=1&query=arena%20futev%C3%B4lei%20em%20Presidente%20Prudente%2C%20S%C3%A3o%20Paulo%2C%20Brasil","https://www.google.com/maps/search/?api=1&query=quadra%20v%C3%B4lei%20de%20praia%20em%20Presidente%20Prudente%2C%20S%C3%A3o%20Paulo%2C%20Brasil","https://www.google.com/maps/search/?api=1&query=arena%20esportes%20de%20areia%20em%20Presidente%20Prudente%2C%20S%C3%A3o%20Paulo%2C%20Brasil","https://www.google.com/maps/search/?api=1&query=beach%20sports%20em%20Presidente%20Prudente%2C%20S%C3%A3o%20Paulo%2C%20Brasil","2026-09-13","0","Unidades validadas neste lote: 0. Consultas Maps da fila não executadas; cobertura municipal incompleta."
"3541505","Presidente Venceslau","Presidente Prudente","a pesquisar","https://www.google.com/maps/search/?api=1&query=arena%20beach%20tennis%20em%20Presidente%20Venceslau%2C%20S%C3%A3o%20Paulo%2C%20Brasil","https://www.google.com/maps/search/?api=1&query=arena%20futev%C3%B4lei%20em%20Presidente%20Venceslau%2C%20S%C3%A3o%20Paulo%2C%20Brasil","https://www.google.com/maps/search/?api=1&query=quadra%20v%C3%B4lei%20de%20praia%20em%20Presidente%20Venceslau%2C%20S%C3%A3o%20Paulo%2C%20Brasil","https://www.google.com/maps/search/?api=1&query=arena%20esportes%20de%20areia%20em%20Presidente%20Venceslau%2C%20S%C3%A3o%20Paulo%2C%20Brasil","https://www.google.com/maps/search/?api=1&query=beach%20sports%20em%20Presidente%20Venceslau%2C%20S%C3%A3o%20Paulo%2C%20Brasil","","",""
"3541604","Promissão","Bauru","a pesquisar","https://www.google.com/maps/search/?api=1&query=arena%20beach%20tennis%20em%20Promiss%C3%A3o%2C%20S%C3%A3o%20Paulo%2C%20Brasil","https://www.google.com/maps/search/?api=1&query=arena%20futev%C3%B4lei%20em%20Promiss%C3%A3o%2C%20S%C3%A3o%20Paulo%2C%20Brasil","https://www.google.com/maps/search/?api=1&query=quadra%20v%C3%B4lei%20de%20praia%20em%20Promiss%C3%A3o%2C%20S%C3%A3o%20Paulo%2C%20Brasil","https://www.google.com/maps/search/?api=1&query=arena%20esportes%20de%20areia%20em%20Promiss%C3%A3o%2C%20S%C3%A3o%20Paulo%2C%20Brasil","https://www.google.com/maps/search/?api=1&query=beach%20sports%20em%20Promiss%C3%A3o%2C%20S%C3%A3o%20Paulo%2C%20Brasil","","",""
"3541653","Quadra","Sorocaba","a pesquisar","https://www.google.com/maps/search/?api=1&query=arena%20beach%20tennis%20em%20Quadra%2C%20S%C3%A3o%20Paulo%2C%20Brasil","https://www.google.com/maps/search/?api=1&query=arena%20futev%C3%B4lei%20em%20Quadra%2C%20S%C3%A3o%20Paulo%2C%20Brasil","https://www.google.com/maps/search/?api=1&query=quadra%20v%C3%B4lei%20de%20praia%20em%20Quadra%2C%20S%C3%A3o%20Paulo%2C%20Brasil","https://www.google.com/maps/search/?api=1&query=arena%20esportes%20de%20areia%20em%20Quadra%2C%20S%C3%A3o%20Paulo%2C%20Brasil","https://www.google.com/maps/search/?api=1&query=beach%20sports%20em%20Quadra%2C%20S%C3%A3o%20Paulo%2C%20Brasil","","",""
"3541703","Quatá","Presidente Prudente","a pesquisar","https://www.google.com/maps/search/?api=1&query=arena%20beach%20tennis%20em%20Quat%C3%A1%2C%20S%C3%A3o%20Paulo%2C%20Brasil","https://www.google.com/maps/search/?api=1&query=arena%20futev%C3%B4lei%20em%20Quat%C3%A1%2C%20S%C3%A3o%20Paulo%2C%20Brasil","https://www.google.com/maps/search/?api=1&query=quadra%20v%C3%B4lei%20de%20praia%20em%20Quat%C3%A1%2C%20S%C3%A3o%20Paulo%2C%20Brasil","https://www.google.com/maps/search/?api=1&query=arena%20esportes%20de%20areia%20em%20Quat%C3%A1%2C%20S%C3%A3o%20Paulo%2C%20Brasil","https://www.google.com/maps/search/?api=1&query=beach%20sports%20em%20Quat%C3%A1%2C%20S%C3%A3o%20Paulo%2C%20Brasil","","",""
"3541802","Queiroz","Marília","a pesquisar","https://www.google.com/maps/search/?api=1&query=arena%20beach%20tennis%20em%20Queiroz%2C%20S%C3%A3o%20Paulo%2C%20Brasil","https://www.google.com/maps/search/?api=1&query=arena%20futev%C3%B4lei%20em%20Queiroz%2C%20S%C3%A3o%20Paulo%2C%20Brasil","https://www.google.com/maps/search/?api=1&query=quadra%20v%C3%B4lei%20de%20praia%20em%20Queiroz%2C%20S%C3%A3o%20Paulo%2C%20Brasil","https://www.google.com/maps/search/?api=1&query=arena%20esportes%20de%20areia%20em%20Queiroz%2C%20S%C3%A3o%20Paulo%2C%20Brasil","https://www.google.com/maps/search/?api=1&query=beach%20sports%20em%20Queiroz%2C%20S%C3%A3o%20Paulo%2C%20Brasil","","",""
"3541901","Queluz","São José dos Campos","a pesquisar","https://www.google.com/maps/search/?api=1&query=arena%20beach%20tennis%20em%20Queluz%2C%20S%C3%A3o%20Paulo%2C%20Brasil","https://www.google.com/maps/search/?api=1&query=arena%20futev%C3%B4lei%20em%20Queluz%2C%20S%C3%A3o%20Paulo%2C%20Brasil","https://www.google.com/maps/search/?api=1&query=quadra%20v%C3%B4lei%20de%20praia%20em%20Queluz%2C%20S%C3%A3o%20Paulo%2C%20Brasil","https://www.google.com/maps/search/?api=1&query=arena%20esportes%20de%20areia%20em%20Queluz%2C%20S%C3%A3o%20Paulo%2C%20Brasil","https://www.google.com/maps/search/?api=1&query=beach%20sports%20em%20Queluz%2C%20S%C3%A3o%20Paulo%2C%20Brasil","","",""
"3542008","Quintana","Marília","a pesquisar","https://www.google.com/maps/search/?api=1&query=arena%20beach%20tennis%20em%20Quintana%2C%20S%C3%A3o%20Paulo%2C%20Brasil","https://www.google.com/maps/search/?api=1&query=arena%20futev%C3%B4lei%20em%20Quintana%2C%20S%C3%A3o%20Paulo%2C%20Brasil","https://www.google.com/maps/search/?api=1&query=quadra%20v%C3%B4lei%20de%20praia%20em%20Quintana%2C%20S%C3%A3o%20Paulo%2C%20Brasil","https://www.google.com/maps/search/?api=1&query=arena%20esportes%20de%20areia%20em%20Quintana%2C%20S%C3%A3o%20Paulo%2C%20Brasil","https://www.google.com/maps/search/?api=1&query=beach%20sports%20em%20Quintana%2C%20S%C3%A3o%20Paulo%2C%20Brasil","","",""
"3542107","Rafard","Campinas","a pesquisar","https://www.google.com/maps/search/?api=1&query=arena%20beach%20tennis%20em%20Rafard%2C%20S%C3%A3o%20Paulo%2C%20Brasil","https://www.google.com/maps/search/?api=1&query=arena%20futev%C3%B4lei%20em%20Rafard%2C%20S%C3%A3o%20Paulo%2C%20Brasil","https://www.google.com/maps/search/?api=1&query=quadra%20v%C3%B4lei%20de%20praia%20em%20Rafard%2C%20S%C3%A3o%20Paulo%2C%20Brasil","https://www.google.com/maps/search/?api=1&query=arena%20esportes%20de%20areia%20em%20Rafard%2C%20S%C3%A3o%20Paulo%2C%20Brasil","https://www.google.com/maps/search/?api=1&query=beach%20sports%20em%20Rafard%2C%20S%C3%A3o%20Paulo%2C%20Brasil","","",""
"3542206","Rancharia","Presidente Prudente","a pesquisar","https://www.google.com/maps/search/?api=1&query=arena%20beach%20tennis%20em%20Rancharia%2C%20S%C3%A3o%20Paulo%2C%20Brasil","https://www.google.com/maps/search/?api=1&query=arena%20futev%C3%B4lei%20em%20Rancharia%2C%20S%C3%A3o%20Paulo%2C%20Brasil","https://www.google.com/maps/search/?api=1&query=quadra%20v%C3%B4lei%20de%20praia%20em%20Rancharia%2C%20S%C3%A3o%20Paulo%2C%20Brasil","https://www.google.com/maps/search/?api=1&query=arena%20esportes%20de%20areia%20em%20Rancharia%2C%20S%C3%A3o%20Paulo%2C%20Brasil","https://www.google.com/maps/search/?api=1&query=beach%20sports%20em%20Rancharia%2C%20S%C3%A3o%20Paulo%2C%20Brasil","","",""
"3542305","Redenção da Serra","São José dos Campos","a pesquisar","https://www.google.com/maps/search/?api=1&query=arena%20beach%20tennis%20em%20Reden%C3%A7%C3%A3o%20da%20Serra%2C%20S%C3%A3o%20Paulo%2C%20Brasil","https://www.google.com/maps/search/?api=1&query=arena%20futev%C3%B4lei%20em%20Reden%C3%A7%C3%A3o%20da%20Serra%2C%20S%C3%A3o%20Paulo%2C%20Brasil","https://www.google.com/maps/search/?api=1&query=quadra%20v%C3%B4lei%20de%20praia%20em%20Reden%C3%A7%C3%A3o%20da%20Serra%2C%20S%C3%A3o%20Paulo%2C%20Brasil","https://www.google.com/maps/search/?api=1&query=arena%20esportes%20de%20areia%20em%20Reden%C3%A7%C3%A3o%20da%20Serra%2C%20S%C3%A3o%20Paulo%2C%20Brasil","https://www.google.com/maps/search/?api=1&query=beach%20sports%20em%20Reden%C3%A7%C3%A3o%20da%20Serra%2C%20S%C3%A3o%20Paulo%2C%20Brasil","","",""
"3542404","Regente Feijó","Presidente Prudente","a pesquisar","https://www.google.com/maps/search/?api=1&query=arena%20beach%20tennis%20em%20Regente%20Feij%C3%B3%2C%20S%C3%A3o%20Paulo%2C%20Brasil","https://www.google.com/maps/search/?api=1&query=arena%20futev%C3%B4lei%20em%20Regente%20Feij%C3%B3%2C%20S%C3%A3o%20Paulo%2C%20Brasil","https://www.google.com/maps/search/?api=1&query=quadra%20v%C3%B4lei%20de%20praia%20em%20Regente%20Feij%C3%B3%2C%20S%C3%A3o%20Paulo%2C%20Brasil","https://www.google.com/maps/search/?api=1&query=arena%20esportes%20de%20areia%20em%20Regente%20Feij%C3%B3%2C%20S%C3%A3o%20Paulo%2C%20Brasil","https://www.google.com/maps/search/?api=1&query=beach%20sports%20em%20Regente%20Feij%C3%B3%2C%20S%C3%A3o%20Paulo%2C%20Brasil","","",""
"3542503","Reginópolis","Bauru","a pesquisar","https://www.google.com/maps/search/?api=1&query=arena%20beach%20tennis%20em%20Regin%C3%B3polis%2C%20S%C3%A3o%20Paulo%2C%20Brasil","https://www.google.com/maps/search/?api=1&query=arena%20futev%C3%B4lei%20em%20Regin%C3%B3polis%2C%20S%C3%A3o%20Paulo%2C%20Brasil","https://www.google.com/maps/search/?api=1&query=quadra%20v%C3%B4lei%20de%20praia%20em%20Regin%C3%B3polis%2C%20S%C3%A3o%20Paulo%2C%20Brasil","https://www.google.com/maps/search/?api=1&query=arena%20esportes%20de%20areia%20em%20Regin%C3%B3polis%2C%20S%C3%A3o%20Paulo%2C%20Brasil","https://www.google.com/maps/search/?api=1&query=beach%20sports%20em%20Regin%C3%B3polis%2C%20S%C3%A3o%20Paulo%2C%20Brasil","","",""
"3542602","Registro","Sorocaba","pesquisa pública parcial","https://www.google.com/maps/search/?api=1&query=arena%20beach%20tennis%20em%20Registro%2C%20S%C3%A3o%20Paulo%2C%20Brasil","https://www.google.com/maps/search/?api=1&query=arena%20futev%C3%B4lei%20em%20Registro%2C%20S%C3%A3o%20Paulo%2C%20Brasil","https://www.google.com/maps/search/?api=1&query=quadra%20v%C3%B4lei%20de%20praia%20em%20Registro%2C%20S%C3%A3o%20Paulo%2C%20Brasil","https://www.google.com/maps/search/?api=1&query=arena%20esportes%20de%20areia%20em%20Registro%2C%20S%C3%A3o%20Paulo%2C%20Brasil","https://www.google.com/maps/search/?api=1&query=beach%20sports%20em%20Registro%2C%20S%C3%A3o%20Paulo%2C%20Brasil","2026-09-13","0","Unidades validadas neste lote: 0. Consultas Maps da fila não executadas; cobertura municipal incompleta."
"3542701","Restinga","Ribeirão Preto","a pesquisar","https://www.google.com/maps/search/?api=1&query=arena%20beach%20tennis%20em%20Restinga%2C%20S%C3%A3o%20Paulo%2C%20Brasil","https://www.google.com/maps/search/?api=1&query=arena%20futev%C3%B4lei%20em%20Restinga%2C%20S%C3%A3o%20Paulo%2C%20Brasil","https://www.google.com/maps/search/?api=1&query=quadra%20v%C3%B4lei%20de%20praia%20em%20Restinga%2C%20S%C3%A3o%20Paulo%2C%20Brasil","https://www.google.com/maps/search/?api=1&query=arena%20esportes%20de%20areia%20em%20Restinga%2C%20S%C3%A3o%20Paulo%2C%20Brasil","https://www.google.com/maps/search/?api=1&query=beach%20sports%20em%20Restinga%2C%20S%C3%A3o%20Paulo%2C%20Brasil","","",""
"3542800","Ribeira","Sorocaba","a pesquisar","https://www.google.com/maps/search/?api=1&query=arena%20beach%20tennis%20em%20Ribeira%2C%20S%C3%A3o%20Paulo%2C%20Brasil","https://www.google.com/maps/search/?api=1&query=arena%20futev%C3%B4lei%20em%20Ribeira%2C%20S%C3%A3o%20Paulo%2C%20Brasil","https://www.google.com/maps/search/?api=1&query=quadra%20v%C3%B4lei%20de%20praia%20em%20Ribeira%2C%20S%C3%A3o%20Paulo%2C%20Brasil","https://www.google.com/maps/search/?api=1&query=arena%20esportes%20de%20areia%20em%20Ribeira%2C%20S%C3%A3o%20Paulo%2C%20Brasil","https://www.google.com/maps/search/?api=1&query=beach%20sports%20em%20Ribeira%2C%20S%C3%A3o%20Paulo%2C%20Brasil","","",""
"3542909","Ribeirão Bonito","Araraquara","a pesquisar","https://www.google.com/maps/search/?api=1&query=arena%20beach%20tennis%20em%20Ribeir%C3%A3o%20Bonito%2C%20S%C3%A3o%20Paulo%2C%20Brasil","https://www.google.com/maps/search/?api=1&query=arena%20futev%C3%B4lei%20em%20Ribeir%C3%A3o%20Bonito%2C%20S%C3%A3o%20Paulo%2C%20Brasil","https://www.google.com/maps/search/?api=1&query=quadra%20v%C3%B4lei%20de%20praia%20em%20Ribeir%C3%A3o%20Bonito%2C%20S%C3%A3o%20Paulo%2C%20Brasil","https://www.google.com/maps/search/?api=1&query=arena%20esportes%20de%20areia%20em%20Ribeir%C3%A3o%20Bonito%2C%20S%C3%A3o%20Paulo%2C%20Brasil","https://www.google.com/maps/search/?api=1&query=beach%20sports%20em%20Ribeir%C3%A3o%20Bonito%2C%20S%C3%A3o%20Paulo%2C%20Brasil","","",""
"3543006","Ribeirão Branco","Sorocaba","a pesquisar","https://www.google.com/maps/search/?api=1&query=arena%20beach%20tennis%20em%20Ribeir%C3%A3o%20Branco%2C%20S%C3%A3o%20Paulo%2C%20Brasil","https://www.google.com/maps/search/?api=1&query=arena%20futev%C3%B4lei%20em%20Ribeir%C3%A3o%20Branco%2C%20S%C3%A3o%20Paulo%2C%20Brasil","https://www.google.com/maps/search/?api=1&query=quadra%20v%C3%B4lei%20de%20praia%20em%20Ribeir%C3%A3o%20Branco%2C%20S%C3%A3o%20Paulo%2C%20Brasil","https://www.google.com/maps/search/?api=1&query=arena%20esportes%20de%20areia%20em%20Ribeir%C3%A3o%20Branco%2C%20S%C3%A3o%20Paulo%2C%20Brasil","https://www.google.com/maps/search/?api=1&query=beach%20sports%20em%20Ribeir%C3%A3o%20Branco%2C%20S%C3%A3o%20Paulo%2C%20Brasil","","",""
"3543105","Ribeirão Corrente","Ribeirão Preto","a pesquisar","https://www.google.com/maps/search/?api=1&query=arena%20beach%20tennis%20em%20Ribeir%C3%A3o%20Corrente%2C%20S%C3%A3o%20Paulo%2C%20Brasil","https://www.google.com/maps/search/?api=1&query=arena%20futev%C3%B4lei%20em%20Ribeir%C3%A3o%20Corrente%2C%20S%C3%A3o%20Paulo%2C%20Brasil","https://www.google.com/maps/search/?api=1&query=quadra%20v%C3%B4lei%20de%20praia%20em%20Ribeir%C3%A3o%20Corrente%2C%20S%C3%A3o%20Paulo%2C%20Brasil","https://www.google.com/maps/search/?api=1&query=arena%20esportes%20de%20areia%20em%20Ribeir%C3%A3o%20Corrente%2C%20S%C3%A3o%20Paulo%2C%20Brasil","https://www.google.com/maps/search/?api=1&query=beach%20sports%20em%20Ribeir%C3%A3o%20Corrente%2C%20S%C3%A3o%20Paulo%2C%20Brasil","","",""
"3543204","Ribeirão do Sul","Marília","a pesquisar","https://www.google.com/maps/search/?api=1&query=arena%20beach%20tennis%20em%20Ribeir%C3%A3o%20do%20Sul%2C%20S%C3%A3o%20Paulo%2C%20Brasil","https://www.google.com/maps/search/?api=1&query=arena%20futev%C3%B4lei%20em%20Ribeir%C3%A3o%20do%20Sul%2C%20S%C3%A3o%20Paulo%2C%20Brasil","https://www.google.com/maps/search/?api=1&query=quadra%20v%C3%B4lei%20de%20praia%20em%20Ribeir%C3%A3o%20do%20Sul%2C%20S%C3%A3o%20Paulo%2C%20Brasil","https://www.google.com/maps/search/?api=1&query=arena%20esportes%20de%20areia%20em%20Ribeir%C3%A3o%20do%20Sul%2C%20S%C3%A3o%20Paulo%2C%20Brasil","https://www.google.com/maps/search/?api=1&query=beach%20sports%20em%20Ribeir%C3%A3o%20do%20Sul%2C%20S%C3%A3o%20Paulo%2C%20Brasil","","",""
"3543238","Ribeirão dos Índios","Presidente Prudente","a pesquisar","https://www.google.com/maps/search/?api=1&query=arena%20beach%20tennis%20em%20Ribeir%C3%A3o%20dos%20%C3%8Dndios%2C%20S%C3%A3o%20Paulo%2C%20Brasil","https://www.google.com/maps/search/?api=1&query=arena%20futev%C3%B4lei%20em%20Ribeir%C3%A3o%20dos%20%C3%8Dndios%2C%20S%C3%A3o%20Paulo%2C%20Brasil","https://www.google.com/maps/search/?api=1&query=quadra%20v%C3%B4lei%20de%20praia%20em%20Ribeir%C3%A3o%20dos%20%C3%8Dndios%2C%20S%C3%A3o%20Paulo%2C%20Brasil","https://www.google.com/maps/search/?api=1&query=arena%20esportes%20de%20areia%20em%20Ribeir%C3%A3o%20dos%20%C3%8Dndios%2C%20S%C3%A3o%20Paulo%2C%20Brasil","https://www.google.com/maps/search/?api=1&query=beach%20sports%20em%20Ribeir%C3%A3o%20dos%20%C3%8Dndios%2C%20S%C3%A3o%20Paulo%2C%20Brasil","","",""
"3543253","Ribeirão Grande","Sorocaba","a pesquisar","https://www.google.com/maps/search/?api=1&query=arena%20beach%20tennis%20em%20Ribeir%C3%A3o%20Grande%2C%20S%C3%A3o%20Paulo%2C%20Brasil","https://www.google.com/maps/search/?api=1&query=arena%20futev%C3%B4lei%20em%20Ribeir%C3%A3o%20Grande%2C%20S%C3%A3o%20Paulo%2C%20Brasil","https://www.google.com/maps/search/?api=1&query=quadra%20v%C3%B4lei%20de%20praia%20em%20Ribeir%C3%A3o%20Grande%2C%20S%C3%A3o%20Paulo%2C%20Brasil","https://www.google.com/maps/search/?api=1&query=arena%20esportes%20de%20areia%20em%20Ribeir%C3%A3o%20Grande%2C%20S%C3%A3o%20Paulo%2C%20Brasil","https://www.google.com/maps/search/?api=1&query=beach%20sports%20em%20Ribeir%C3%A3o%20Grande%2C%20S%C3%A3o%20Paulo%2C%20Brasil","","",""
"3543303","Ribeirão Pires","São Paulo","a pesquisar","https://www.google.com/maps/search/?api=1&query=arena%20beach%20tennis%20em%20Ribeir%C3%A3o%20Pires%2C%20S%C3%A3o%20Paulo%2C%20Brasil","https://www.google.com/maps/search/?api=1&query=arena%20futev%C3%B4lei%20em%20Ribeir%C3%A3o%20Pires%2C%20S%C3%A3o%20Paulo%2C%20Brasil","https://www.google.com/maps/search/?api=1&query=quadra%20v%C3%B4lei%20de%20praia%20em%20Ribeir%C3%A3o%20Pires%2C%20S%C3%A3o%20Paulo%2C%20Brasil","https://www.google.com/maps/search/?api=1&query=arena%20esportes%20de%20areia%20em%20Ribeir%C3%A3o%20Pires%2C%20S%C3%A3o%20Paulo%2C%20Brasil","https://www.google.com/maps/search/?api=1&query=beach%20sports%20em%20Ribeir%C3%A3o%20Pires%2C%20S%C3%A3o%20Paulo%2C%20Brasil","","",""
"3543402","Ribeirão Preto","Ribeirão Preto","pesquisa pública parcial","https://www.google.com/maps/search/?api=1&query=arena%20beach%20tennis%20em%20Ribeir%C3%A3o%20Preto%2C%20S%C3%A3o%20Paulo%2C%20Brasil","https://www.google.com/maps/search/?api=1&query=arena%20futev%C3%B4lei%20em%20Ribeir%C3%A3o%20Preto%2C%20S%C3%A3o%20Paulo%2C%20Brasil","https://www.google.com/maps/search/?api=1&query=quadra%20v%C3%B4lei%20de%20praia%20em%20Ribeir%C3%A3o%20Preto%2C%20S%C3%A3o%20Paulo%2C%20Brasil","https://www.google.com/maps/search/?api=1&query=arena%20esportes%20de%20areia%20em%20Ribeir%C3%A3o%20Preto%2C%20S%C3%A3o%20Paulo%2C%20Brasil","https://www.google.com/maps/search/?api=1&query=beach%20sports%20em%20Ribeir%C3%A3o%20Preto%2C%20S%C3%A3o%20Paulo%2C%20Brasil","2026-09-13","1","Unidades validadas neste lote: 1. Consultas Maps da fila não executadas; cobertura municipal incompleta."
"3543600","Rifaina","Ribeirão Preto","a pesquisar","https://www.google.com/maps/search/?api=1&query=arena%20beach%20tennis%20em%20Rifaina%2C%20S%C3%A3o%20Paulo%2C%20Brasil","https://www.google.com/maps/search/?api=1&query=arena%20futev%C3%B4lei%20em%20Rifaina%2C%20S%C3%A3o%20Paulo%2C%20Brasil","https://www.google.com/maps/search/?api=1&query=quadra%20v%C3%B4lei%20de%20praia%20em%20Rifaina%2C%20S%C3%A3o%20Paulo%2C%20Brasil","https://www.google.com/maps/search/?api=1&query=arena%20esportes%20de%20areia%20em%20Rifaina%2C%20S%C3%A3o%20Paulo%2C%20Brasil","https://www.google.com/maps/search/?api=1&query=beach%20sports%20em%20Rifaina%2C%20S%C3%A3o%20Paulo%2C%20Brasil","","",""
"3543709","Rincão","Araraquara","a pesquisar","https://www.google.com/maps/search/?api=1&query=arena%20beach%20tennis%20em%20Rinc%C3%A3o%2C%20S%C3%A3o%20Paulo%2C%20Brasil","https://www.google.com/maps/search/?api=1&query=arena%20futev%C3%B4lei%20em%20Rinc%C3%A3o%2C%20S%C3%A3o%20Paulo%2C%20Brasil","https://www.google.com/maps/search/?api=1&query=quadra%20v%C3%B4lei%20de%20praia%20em%20Rinc%C3%A3o%2C%20S%C3%A3o%20Paulo%2C%20Brasil","https://www.google.com/maps/search/?api=1&query=arena%20esportes%20de%20areia%20em%20Rinc%C3%A3o%2C%20S%C3%A3o%20Paulo%2C%20Brasil","https://www.google.com/maps/search/?api=1&query=beach%20sports%20em%20Rinc%C3%A3o%2C%20S%C3%A3o%20Paulo%2C%20Brasil","","",""
"3543808","Rinópolis","Marília","a pesquisar","https://www.google.com/maps/search/?api=1&query=arena%20beach%20tennis%20em%20Rin%C3%B3polis%2C%20S%C3%A3o%20Paulo%2C%20Brasil","https://www.google.com/maps/search/?api=1&query=arena%20futev%C3%B4lei%20em%20Rin%C3%B3polis%2C%20S%C3%A3o%20Paulo%2C%20Brasil","https://www.google.com/maps/search/?api=1&query=quadra%20v%C3%B4lei%20de%20praia%20em%20Rin%C3%B3polis%2C%20S%C3%A3o%20Paulo%2C%20Brasil","https://www.google.com/maps/search/?api=1&query=arena%20esportes%20de%20areia%20em%20Rin%C3%B3polis%2C%20S%C3%A3o%20Paulo%2C%20Brasil","https://www.google.com/maps/search/?api=1&query=beach%20sports%20em%20Rin%C3%B3polis%2C%20S%C3%A3o%20Paulo%2C%20Brasil","","",""
"3543907","Rio Claro","Campinas","a pesquisar","https://www.google.com/maps/search/?api=1&query=arena%20beach%20tennis%20em%20Rio%20Claro%2C%20S%C3%A3o%20Paulo%2C%20Brasil","https://www.google.com/maps/search/?api=1&query=arena%20futev%C3%B4lei%20em%20Rio%20Claro%2C%20S%C3%A3o%20Paulo%2C%20Brasil","https://www.google.com/maps/search/?api=1&query=quadra%20v%C3%B4lei%20de%20praia%20em%20Rio%20Claro%2C%20S%C3%A3o%20Paulo%2C%20Brasil","https://www.google.com/maps/search/?api=1&query=arena%20esportes%20de%20areia%20em%20Rio%20Claro%2C%20S%C3%A3o%20Paulo%2C%20Brasil","https://www.google.com/maps/search/?api=1&query=beach%20sports%20em%20Rio%20Claro%2C%20S%C3%A3o%20Paulo%2C%20Brasil","","",""
"3544004","Rio das Pedras","Campinas","a pesquisar","https://www.google.com/maps/search/?api=1&query=arena%20beach%20tennis%20em%20Rio%20das%20Pedras%2C%20S%C3%A3o%20Paulo%2C%20Brasil","https://www.google.com/maps/search/?api=1&query=arena%20futev%C3%B4lei%20em%20Rio%20das%20Pedras%2C%20S%C3%A3o%20Paulo%2C%20Brasil","https://www.google.com/maps/search/?api=1&query=quadra%20v%C3%B4lei%20de%20praia%20em%20Rio%20das%20Pedras%2C%20S%C3%A3o%20Paulo%2C%20Brasil","https://www.google.com/maps/search/?api=1&query=arena%20esportes%20de%20areia%20em%20Rio%20das%20Pedras%2C%20S%C3%A3o%20Paulo%2C%20Brasil","https://www.google.com/maps/search/?api=1&query=beach%20sports%20em%20Rio%20das%20Pedras%2C%20S%C3%A3o%20Paulo%2C%20Brasil","","",""
"3544103","Rio Grande da Serra","São Paulo","a pesquisar","https://www.google.com/maps/search/?api=1&query=arena%20beach%20tennis%20em%20Rio%20Grande%20da%20Serra%2C%20S%C3%A3o%20Paulo%2C%20Brasil","https://www.google.com/maps/search/?api=1&query=arena%20futev%C3%B4lei%20em%20Rio%20Grande%20da%20Serra%2C%20S%C3%A3o%20Paulo%2C%20Brasil","https://www.google.com/maps/search/?api=1&query=quadra%20v%C3%B4lei%20de%20praia%20em%20Rio%20Grande%20da%20Serra%2C%20S%C3%A3o%20Paulo%2C%20Brasil","https://www.google.com/maps/search/?api=1&query=arena%20esportes%20de%20areia%20em%20Rio%20Grande%20da%20Serra%2C%20S%C3%A3o%20Paulo%2C%20Brasil","https://www.google.com/maps/search/?api=1&query=beach%20sports%20em%20Rio%20Grande%20da%20Serra%2C%20S%C3%A3o%20Paulo%2C%20Brasil","","",""
"3544202","Riolândia","São José do Rio Preto","a pesquisar","https://www.google.com/maps/search/?api=1&query=arena%20beach%20tennis%20em%20Riol%C3%A2ndia%2C%20S%C3%A3o%20Paulo%2C%20Brasil","https://www.google.com/maps/search/?api=1&query=arena%20futev%C3%B4lei%20em%20Riol%C3%A2ndia%2C%20S%C3%A3o%20Paulo%2C%20Brasil","https://www.google.com/maps/search/?api=1&query=quadra%20v%C3%B4lei%20de%20praia%20em%20Riol%C3%A2ndia%2C%20S%C3%A3o%20Paulo%2C%20Brasil","https://www.google.com/maps/search/?api=1&query=arena%20esportes%20de%20areia%20em%20Riol%C3%A2ndia%2C%20S%C3%A3o%20Paulo%2C%20Brasil","https://www.google.com/maps/search/?api=1&query=beach%20sports%20em%20Riol%C3%A2ndia%2C%20S%C3%A3o%20Paulo%2C%20Brasil","","",""
"3543501","Riversul","Sorocaba","a pesquisar","https://www.google.com/maps/search/?api=1&query=arena%20beach%20tennis%20em%20Riversul%2C%20S%C3%A3o%20Paulo%2C%20Brasil","https://www.google.com/maps/search/?api=1&query=arena%20futev%C3%B4lei%20em%20Riversul%2C%20S%C3%A3o%20Paulo%2C%20Brasil","https://www.google.com/maps/search/?api=1&query=quadra%20v%C3%B4lei%20de%20praia%20em%20Riversul%2C%20S%C3%A3o%20Paulo%2C%20Brasil","https://www.google.com/maps/search/?api=1&query=arena%20esportes%20de%20areia%20em%20Riversul%2C%20S%C3%A3o%20Paulo%2C%20Brasil","https://www.google.com/maps/search/?api=1&query=beach%20sports%20em%20Riversul%2C%20S%C3%A3o%20Paulo%2C%20Brasil","","",""
"3544251","Rosana","Presidente Prudente","a pesquisar","https://www.google.com/maps/search/?api=1&query=arena%20beach%20tennis%20em%20Rosana%2C%20S%C3%A3o%20Paulo%2C%20Brasil","https://www.google.com/maps/search/?api=1&query=arena%20futev%C3%B4lei%20em%20Rosana%2C%20S%C3%A3o%20Paulo%2C%20Brasil","https://www.google.com/maps/search/?api=1&query=quadra%20v%C3%B4lei%20de%20praia%20em%20Rosana%2C%20S%C3%A3o%20Paulo%2C%20Brasil","https://www.google.com/maps/search/?api=1&query=arena%20esportes%20de%20areia%20em%20Rosana%2C%20S%C3%A3o%20Paulo%2C%20Brasil","https://www.google.com/maps/search/?api=1&query=beach%20sports%20em%20Rosana%2C%20S%C3%A3o%20Paulo%2C%20Brasil","","",""
"3544301","Roseira","São José dos Campos","a pesquisar","https://www.google.com/maps/search/?api=1&query=arena%20beach%20tennis%20em%20Roseira%2C%20S%C3%A3o%20Paulo%2C%20Brasil","https://www.google.com/maps/search/?api=1&query=arena%20futev%C3%B4lei%20em%20Roseira%2C%20S%C3%A3o%20Paulo%2C%20Brasil","https://www.google.com/maps/search/?api=1&query=quadra%20v%C3%B4lei%20de%20praia%20em%20Roseira%2C%20S%C3%A3o%20Paulo%2C%20Brasil","https://www.google.com/maps/search/?api=1&query=arena%20esportes%20de%20areia%20em%20Roseira%2C%20S%C3%A3o%20Paulo%2C%20Brasil","https://www.google.com/maps/search/?api=1&query=beach%20sports%20em%20Roseira%2C%20S%C3%A3o%20Paulo%2C%20Brasil","","",""
"3544400","Rubiácea","Araçatuba","a pesquisar","https://www.google.com/maps/search/?api=1&query=arena%20beach%20tennis%20em%20Rubi%C3%A1cea%2C%20S%C3%A3o%20Paulo%2C%20Brasil","https://www.google.com/maps/search/?api=1&query=arena%20futev%C3%B4lei%20em%20Rubi%C3%A1cea%2C%20S%C3%A3o%20Paulo%2C%20Brasil","https://www.google.com/maps/search/?api=1&query=quadra%20v%C3%B4lei%20de%20praia%20em%20Rubi%C3%A1cea%2C%20S%C3%A3o%20Paulo%2C%20Brasil","https://www.google.com/maps/search/?api=1&query=arena%20esportes%20de%20areia%20em%20Rubi%C3%A1cea%2C%20S%C3%A3o%20Paulo%2C%20Brasil","https://www.google.com/maps/search/?api=1&query=beach%20sports%20em%20Rubi%C3%A1cea%2C%20S%C3%A3o%20Paulo%2C%20Brasil","","",""
"3544509","Rubinéia","São José do Rio Preto","a pesquisar","https://www.google.com/maps/search/?api=1&query=arena%20beach%20tennis%20em%20Rubin%C3%A9ia%2C%20S%C3%A3o%20Paulo%2C%20Brasil","https://www.google.com/maps/search/?api=1&query=arena%20futev%C3%B4lei%20em%20Rubin%C3%A9ia%2C%20S%C3%A3o%20Paulo%2C%20Brasil","https://www.google.com/maps/search/?api=1&query=quadra%20v%C3%B4lei%20de%20praia%20em%20Rubin%C3%A9ia%2C%20S%C3%A3o%20Paulo%2C%20Brasil","https://www.google.com/maps/search/?api=1&query=arena%20esportes%20de%20areia%20em%20Rubin%C3%A9ia%2C%20S%C3%A3o%20Paulo%2C%20Brasil","https://www.google.com/maps/search/?api=1&query=beach%20sports%20em%20Rubin%C3%A9ia%2C%20S%C3%A3o%20Paulo%2C%20Brasil","","",""
"3544608","Sabino","Bauru","a pesquisar","https://www.google.com/maps/search/?api=1&query=arena%20beach%20tennis%20em%20Sabino%2C%20S%C3%A3o%20Paulo%2C%20Brasil","https://www.google.com/maps/search/?api=1&query=arena%20futev%C3%B4lei%20em%20Sabino%2C%20S%C3%A3o%20Paulo%2C%20Brasil","https://www.google.com/maps/search/?api=1&query=quadra%20v%C3%B4lei%20de%20praia%20em%20Sabino%2C%20S%C3%A3o%20Paulo%2C%20Brasil","https://www.google.com/maps/search/?api=1&query=arena%20esportes%20de%20areia%20em%20Sabino%2C%20S%C3%A3o%20Paulo%2C%20Brasil","https://www.google.com/maps/search/?api=1&query=beach%20sports%20em%20Sabino%2C%20S%C3%A3o%20Paulo%2C%20Brasil","","",""
"3544707","Sagres","Presidente Prudente","a pesquisar","https://www.google.com/maps/search/?api=1&query=arena%20beach%20tennis%20em%20Sagres%2C%20S%C3%A3o%20Paulo%2C%20Brasil","https://www.google.com/maps/search/?api=1&query=arena%20futev%C3%B4lei%20em%20Sagres%2C%20S%C3%A3o%20Paulo%2C%20Brasil","https://www.google.com/maps/search/?api=1&query=quadra%20v%C3%B4lei%20de%20praia%20em%20Sagres%2C%20S%C3%A3o%20Paulo%2C%20Brasil","https://www.google.com/maps/search/?api=1&query=arena%20esportes%20de%20areia%20em%20Sagres%2C%20S%C3%A3o%20Paulo%2C%20Brasil","https://www.google.com/maps/search/?api=1&query=beach%20sports%20em%20Sagres%2C%20S%C3%A3o%20Paulo%2C%20Brasil","","",""
"3544806","Sales","São José do Rio Preto","a pesquisar","https://www.google.com/maps/search/?api=1&query=arena%20beach%20tennis%20em%20Sales%2C%20S%C3%A3o%20Paulo%2C%20Brasil","https://www.google.com/maps/search/?api=1&query=arena%20futev%C3%B4lei%20em%20Sales%2C%20S%C3%A3o%20Paulo%2C%20Brasil","https://www.google.com/maps/search/?api=1&query=quadra%20v%C3%B4lei%20de%20praia%20em%20Sales%2C%20S%C3%A3o%20Paulo%2C%20Brasil","https://www.google.com/maps/search/?api=1&query=arena%20esportes%20de%20areia%20em%20Sales%2C%20S%C3%A3o%20Paulo%2C%20Brasil","https://www.google.com/maps/search/?api=1&query=beach%20sports%20em%20Sales%2C%20S%C3%A3o%20Paulo%2C%20Brasil","","",""
"3544905","Sales Oliveira","Ribeirão Preto","a pesquisar","https://www.google.com/maps/search/?api=1&query=arena%20beach%20tennis%20em%20Sales%20Oliveira%2C%20S%C3%A3o%20Paulo%2C%20Brasil","https://www.google.com/maps/search/?api=1&query=arena%20futev%C3%B4lei%20em%20Sales%20Oliveira%2C%20S%C3%A3o%20Paulo%2C%20Brasil","https://www.google.com/maps/search/?api=1&query=quadra%20v%C3%B4lei%20de%20praia%20em%20Sales%20Oliveira%2C%20S%C3%A3o%20Paulo%2C%20Brasil","https://www.google.com/maps/search/?api=1&query=arena%20esportes%20de%20areia%20em%20Sales%20Oliveira%2C%20S%C3%A3o%20Paulo%2C%20Brasil","https://www.google.com/maps/search/?api=1&query=beach%20sports%20em%20Sales%20Oliveira%2C%20S%C3%A3o%20Paulo%2C%20Brasil","","",""
"3545001","Salesópolis","São Paulo","a pesquisar","https://www.google.com/maps/search/?api=1&query=arena%20beach%20tennis%20em%20Sales%C3%B3polis%2C%20S%C3%A3o%20Paulo%2C%20Brasil","https://www.google.com/maps/search/?api=1&query=arena%20futev%C3%B4lei%20em%20Sales%C3%B3polis%2C%20S%C3%A3o%20Paulo%2C%20Brasil","https://www.google.com/maps/search/?api=1&query=quadra%20v%C3%B4lei%20de%20praia%20em%20Sales%C3%B3polis%2C%20S%C3%A3o%20Paulo%2C%20Brasil","https://www.google.com/maps/search/?api=1&query=arena%20esportes%20de%20areia%20em%20Sales%C3%B3polis%2C%20S%C3%A3o%20Paulo%2C%20Brasil","https://www.google.com/maps/search/?api=1&query=beach%20sports%20em%20Sales%C3%B3polis%2C%20S%C3%A3o%20Paulo%2C%20Brasil","","",""
"3545100","Salmourão","Presidente Prudente","a pesquisar","https://www.google.com/maps/search/?api=1&query=arena%20beach%20tennis%20em%20Salmour%C3%A3o%2C%20S%C3%A3o%20Paulo%2C%20Brasil","https://www.google.com/maps/search/?api=1&query=arena%20futev%C3%B4lei%20em%20Salmour%C3%A3o%2C%20S%C3%A3o%20Paulo%2C%20Brasil","https://www.google.com/maps/search/?api=1&query=quadra%20v%C3%B4lei%20de%20praia%20em%20Salmour%C3%A3o%2C%20S%C3%A3o%20Paulo%2C%20Brasil","https://www.google.com/maps/search/?api=1&query=arena%20esportes%20de%20areia%20em%20Salmour%C3%A3o%2C%20S%C3%A3o%20Paulo%2C%20Brasil","https://www.google.com/maps/search/?api=1&query=beach%20sports%20em%20Salmour%C3%A3o%2C%20S%C3%A3o%20Paulo%2C%20Brasil","","",""
"3545159","Saltinho","Campinas","a pesquisar","https://www.google.com/maps/search/?api=1&query=arena%20beach%20tennis%20em%20Saltinho%2C%20S%C3%A3o%20Paulo%2C%20Brasil","https://www.google.com/maps/search/?api=1&query=arena%20futev%C3%B4lei%20em%20Saltinho%2C%20S%C3%A3o%20Paulo%2C%20Brasil","https://www.google.com/maps/search/?api=1&query=quadra%20v%C3%B4lei%20de%20praia%20em%20Saltinho%2C%20S%C3%A3o%20Paulo%2C%20Brasil","https://www.google.com/maps/search/?api=1&query=arena%20esportes%20de%20areia%20em%20Saltinho%2C%20S%C3%A3o%20Paulo%2C%20Brasil","https://www.google.com/maps/search/?api=1&query=beach%20sports%20em%20Saltinho%2C%20S%C3%A3o%20Paulo%2C%20Brasil","","",""
"3545209","Salto","Sorocaba","a pesquisar","https://www.google.com/maps/search/?api=1&query=arena%20beach%20tennis%20em%20Salto%2C%20S%C3%A3o%20Paulo%2C%20Brasil","https://www.google.com/maps/search/?api=1&query=arena%20futev%C3%B4lei%20em%20Salto%2C%20S%C3%A3o%20Paulo%2C%20Brasil","https://www.google.com/maps/search/?api=1&query=quadra%20v%C3%B4lei%20de%20praia%20em%20Salto%2C%20S%C3%A3o%20Paulo%2C%20Brasil","https://www.google.com/maps/search/?api=1&query=arena%20esportes%20de%20areia%20em%20Salto%2C%20S%C3%A3o%20Paulo%2C%20Brasil","https://www.google.com/maps/search/?api=1&query=beach%20sports%20em%20Salto%2C%20S%C3%A3o%20Paulo%2C%20Brasil","","",""
"3545308","Salto de Pirapora","Sorocaba","a pesquisar","https://www.google.com/maps/search/?api=1&query=arena%20beach%20tennis%20em%20Salto%20de%20Pirapora%2C%20S%C3%A3o%20Paulo%2C%20Brasil","https://www.google.com/maps/search/?api=1&query=arena%20futev%C3%B4lei%20em%20Salto%20de%20Pirapora%2C%20S%C3%A3o%20Paulo%2C%20Brasil","https://www.google.com/maps/search/?api=1&query=quadra%20v%C3%B4lei%20de%20praia%20em%20Salto%20de%20Pirapora%2C%20S%C3%A3o%20Paulo%2C%20Brasil","https://www.google.com/maps/search/?api=1&query=arena%20esportes%20de%20areia%20em%20Salto%20de%20Pirapora%2C%20S%C3%A3o%20Paulo%2C%20Brasil","https://www.google.com/maps/search/?api=1&query=beach%20sports%20em%20Salto%20de%20Pirapora%2C%20S%C3%A3o%20Paulo%2C%20Brasil","","",""
"3545407","Salto Grande","Marília","a pesquisar","https://www.google.com/maps/search/?api=1&query=arena%20beach%20tennis%20em%20Salto%20Grande%2C%20S%C3%A3o%20Paulo%2C%20Brasil","https://www.google.com/maps/search/?api=1&query=arena%20futev%C3%B4lei%20em%20Salto%20Grande%2C%20S%C3%A3o%20Paulo%2C%20Brasil","https://www.google.com/maps/search/?api=1&query=quadra%20v%C3%B4lei%20de%20praia%20em%20Salto%20Grande%2C%20S%C3%A3o%20Paulo%2C%20Brasil","https://www.google.com/maps/search/?api=1&query=arena%20esportes%20de%20areia%20em%20Salto%20Grande%2C%20S%C3%A3o%20Paulo%2C%20Brasil","https://www.google.com/maps/search/?api=1&query=beach%20sports%20em%20Salto%20Grande%2C%20S%C3%A3o%20Paulo%2C%20Brasil","","",""
"3545506","Sandovalina","Presidente Prudente","a pesquisar","https://www.google.com/maps/search/?api=1&query=arena%20beach%20tennis%20em%20Sandovalina%2C%20S%C3%A3o%20Paulo%2C%20Brasil","https://www.google.com/maps/search/?api=1&query=arena%20futev%C3%B4lei%20em%20Sandovalina%2C%20S%C3%A3o%20Paulo%2C%20Brasil","https://www.google.com/maps/search/?api=1&query=quadra%20v%C3%B4lei%20de%20praia%20em%20Sandovalina%2C%20S%C3%A3o%20Paulo%2C%20Brasil","https://www.google.com/maps/search/?api=1&query=arena%20esportes%20de%20areia%20em%20Sandovalina%2C%20S%C3%A3o%20Paulo%2C%20Brasil","https://www.google.com/maps/search/?api=1&query=beach%20sports%20em%20Sandovalina%2C%20S%C3%A3o%20Paulo%2C%20Brasil","","",""
"3545605","Santa Adélia","São José do Rio Preto","a pesquisar","https://www.google.com/maps/search/?api=1&query=arena%20beach%20tennis%20em%20Santa%20Ad%C3%A9lia%2C%20S%C3%A3o%20Paulo%2C%20Brasil","https://www.google.com/maps/search/?api=1&query=arena%20futev%C3%B4lei%20em%20Santa%20Ad%C3%A9lia%2C%20S%C3%A3o%20Paulo%2C%20Brasil","https://www.google.com/maps/search/?api=1&query=quadra%20v%C3%B4lei%20de%20praia%20em%20Santa%20Ad%C3%A9lia%2C%20S%C3%A3o%20Paulo%2C%20Brasil","https://www.google.com/maps/search/?api=1&query=arena%20esportes%20de%20areia%20em%20Santa%20Ad%C3%A9lia%2C%20S%C3%A3o%20Paulo%2C%20Brasil","https://www.google.com/maps/search/?api=1&query=beach%20sports%20em%20Santa%20Ad%C3%A9lia%2C%20S%C3%A3o%20Paulo%2C%20Brasil","","",""
"3545704","Santa Albertina","São José do Rio Preto","a pesquisar","https://www.google.com/maps/search/?api=1&query=arena%20beach%20tennis%20em%20Santa%20Albertina%2C%20S%C3%A3o%20Paulo%2C%20Brasil","https://www.google.com/maps/search/?api=1&query=arena%20futev%C3%B4lei%20em%20Santa%20Albertina%2C%20S%C3%A3o%20Paulo%2C%20Brasil","https://www.google.com/maps/search/?api=1&query=quadra%20v%C3%B4lei%20de%20praia%20em%20Santa%20Albertina%2C%20S%C3%A3o%20Paulo%2C%20Brasil","https://www.google.com/maps/search/?api=1&query=arena%20esportes%20de%20areia%20em%20Santa%20Albertina%2C%20S%C3%A3o%20Paulo%2C%20Brasil","https://www.google.com/maps/search/?api=1&query=beach%20sports%20em%20Santa%20Albertina%2C%20S%C3%A3o%20Paulo%2C%20Brasil","","",""
"3545803","Santa Bárbara d'Oeste","Campinas","a pesquisar","https://www.google.com/maps/search/?api=1&query=arena%20beach%20tennis%20em%20Santa%20B%C3%A1rbara%20d'Oeste%2C%20S%C3%A3o%20Paulo%2C%20Brasil","https://www.google.com/maps/search/?api=1&query=arena%20futev%C3%B4lei%20em%20Santa%20B%C3%A1rbara%20d'Oeste%2C%20S%C3%A3o%20Paulo%2C%20Brasil","https://www.google.com/maps/search/?api=1&query=quadra%20v%C3%B4lei%20de%20praia%20em%20Santa%20B%C3%A1rbara%20d'Oeste%2C%20S%C3%A3o%20Paulo%2C%20Brasil","https://www.google.com/maps/search/?api=1&query=arena%20esportes%20de%20areia%20em%20Santa%20B%C3%A1rbara%20d'Oeste%2C%20S%C3%A3o%20Paulo%2C%20Brasil","https://www.google.com/maps/search/?api=1&query=beach%20sports%20em%20Santa%20B%C3%A1rbara%20d'Oeste%2C%20S%C3%A3o%20Paulo%2C%20Brasil","","",""
"3546009","Santa Branca","São José dos Campos","a pesquisar","https://www.google.com/maps/search/?api=1&query=arena%20beach%20tennis%20em%20Santa%20Branca%2C%20S%C3%A3o%20Paulo%2C%20Brasil","https://www.google.com/maps/search/?api=1&query=arena%20futev%C3%B4lei%20em%20Santa%20Branca%2C%20S%C3%A3o%20Paulo%2C%20Brasil","https://www.google.com/maps/search/?api=1&query=quadra%20v%C3%B4lei%20de%20praia%20em%20Santa%20Branca%2C%20S%C3%A3o%20Paulo%2C%20Brasil","https://www.google.com/maps/search/?api=1&query=arena%20esportes%20de%20areia%20em%20Santa%20Branca%2C%20S%C3%A3o%20Paulo%2C%20Brasil","https://www.google.com/maps/search/?api=1&query=beach%20sports%20em%20Santa%20Branca%2C%20S%C3%A3o%20Paulo%2C%20Brasil","","",""
"3546108","Santa Clara d'Oeste","São José do Rio Preto","a pesquisar","https://www.google.com/maps/search/?api=1&query=arena%20beach%20tennis%20em%20Santa%20Clara%20d'Oeste%2C%20S%C3%A3o%20Paulo%2C%20Brasil","https://www.google.com/maps/search/?api=1&query=arena%20futev%C3%B4lei%20em%20Santa%20Clara%20d'Oeste%2C%20S%C3%A3o%20Paulo%2C%20Brasil","https://www.google.com/maps/search/?api=1&query=quadra%20v%C3%B4lei%20de%20praia%20em%20Santa%20Clara%20d'Oeste%2C%20S%C3%A3o%20Paulo%2C%20Brasil","https://www.google.com/maps/search/?api=1&query=arena%20esportes%20de%20areia%20em%20Santa%20Clara%20d'Oeste%2C%20S%C3%A3o%20Paulo%2C%20Brasil","https://www.google.com/maps/search/?api=1&query=beach%20sports%20em%20Santa%20Clara%20d'Oeste%2C%20S%C3%A3o%20Paulo%2C%20Brasil","","",""
"3546207","Santa Cruz da Conceição","Campinas","a pesquisar","https://www.google.com/maps/search/?api=1&query=arena%20beach%20tennis%20em%20Santa%20Cruz%20da%20Concei%C3%A7%C3%A3o%2C%20S%C3%A3o%20Paulo%2C%20Brasil","https://www.google.com/maps/search/?api=1&query=arena%20futev%C3%B4lei%20em%20Santa%20Cruz%20da%20Concei%C3%A7%C3%A3o%2C%20S%C3%A3o%20Paulo%2C%20Brasil","https://www.google.com/maps/search/?api=1&query=quadra%20v%C3%B4lei%20de%20praia%20em%20Santa%20Cruz%20da%20Concei%C3%A7%C3%A3o%2C%20S%C3%A3o%20Paulo%2C%20Brasil","https://www.google.com/maps/search/?api=1&query=arena%20esportes%20de%20areia%20em%20Santa%20Cruz%20da%20Concei%C3%A7%C3%A3o%2C%20S%C3%A3o%20Paulo%2C%20Brasil","https://www.google.com/maps/search/?api=1&query=beach%20sports%20em%20Santa%20Cruz%20da%20Concei%C3%A7%C3%A3o%2C%20S%C3%A3o%20Paulo%2C%20Brasil","","",""
"3546256","Santa Cruz da Esperança","Ribeirão Preto","a pesquisar","https://www.google.com/maps/search/?api=1&query=arena%20beach%20tennis%20em%20Santa%20Cruz%20da%20Esperan%C3%A7a%2C%20S%C3%A3o%20Paulo%2C%20Brasil","https://www.google.com/maps/search/?api=1&query=arena%20futev%C3%B4lei%20em%20Santa%20Cruz%20da%20Esperan%C3%A7a%2C%20S%C3%A3o%20Paulo%2C%20Brasil","https://www.google.com/maps/search/?api=1&query=quadra%20v%C3%B4lei%20de%20praia%20em%20Santa%20Cruz%20da%20Esperan%C3%A7a%2C%20S%C3%A3o%20Paulo%2C%20Brasil","https://www.google.com/maps/search/?api=1&query=arena%20esportes%20de%20areia%20em%20Santa%20Cruz%20da%20Esperan%C3%A7a%2C%20S%C3%A3o%20Paulo%2C%20Brasil","https://www.google.com/maps/search/?api=1&query=beach%20sports%20em%20Santa%20Cruz%20da%20Esperan%C3%A7a%2C%20S%C3%A3o%20Paulo%2C%20Brasil","","",""
"3546306","Santa Cruz das Palmeiras","Campinas","a pesquisar","https://www.google.com/maps/search/?api=1&query=arena%20beach%20tennis%20em%20Santa%20Cruz%20das%20Palmeiras%2C%20S%C3%A3o%20Paulo%2C%20Brasil","https://www.google.com/maps/search/?api=1&query=arena%20futev%C3%B4lei%20em%20Santa%20Cruz%20das%20Palmeiras%2C%20S%C3%A3o%20Paulo%2C%20Brasil","https://www.google.com/maps/search/?api=1&query=quadra%20v%C3%B4lei%20de%20praia%20em%20Santa%20Cruz%20das%20Palmeiras%2C%20S%C3%A3o%20Paulo%2C%20Brasil","https://www.google.com/maps/search/?api=1&query=arena%20esportes%20de%20areia%20em%20Santa%20Cruz%20das%20Palmeiras%2C%20S%C3%A3o%20Paulo%2C%20Brasil","https://www.google.com/maps/search/?api=1&query=beach%20sports%20em%20Santa%20Cruz%20das%20Palmeiras%2C%20S%C3%A3o%20Paulo%2C%20Brasil","","",""
"3546405","Santa Cruz do Rio Pardo","Marília","a pesquisar","https://www.google.com/maps/search/?api=1&query=arena%20beach%20tennis%20em%20Santa%20Cruz%20do%20Rio%20Pardo%2C%20S%C3%A3o%20Paulo%2C%20Brasil","https://www.google.com/maps/search/?api=1&query=arena%20futev%C3%B4lei%20em%20Santa%20Cruz%20do%20Rio%20Pardo%2C%20S%C3%A3o%20Paulo%2C%20Brasil","https://www.google.com/maps/search/?api=1&query=quadra%20v%C3%B4lei%20de%20praia%20em%20Santa%20Cruz%20do%20Rio%20Pardo%2C%20S%C3%A3o%20Paulo%2C%20Brasil","https://www.google.com/maps/search/?api=1&query=arena%20esportes%20de%20areia%20em%20Santa%20Cruz%20do%20Rio%20Pardo%2C%20S%C3%A3o%20Paulo%2C%20Brasil","https://www.google.com/maps/search/?api=1&query=beach%20sports%20em%20Santa%20Cruz%20do%20Rio%20Pardo%2C%20S%C3%A3o%20Paulo%2C%20Brasil","","",""
"3546504","Santa Ernestina","Ribeirão Preto","a pesquisar","https://www.google.com/maps/search/?api=1&query=arena%20beach%20tennis%20em%20Santa%20Ernestina%2C%20S%C3%A3o%20Paulo%2C%20Brasil","https://www.google.com/maps/search/?api=1&query=arena%20futev%C3%B4lei%20em%20Santa%20Ernestina%2C%20S%C3%A3o%20Paulo%2C%20Brasil","https://www.google.com/maps/search/?api=1&query=quadra%20v%C3%B4lei%20de%20praia%20em%20Santa%20Ernestina%2C%20S%C3%A3o%20Paulo%2C%20Brasil","https://www.google.com/maps/search/?api=1&query=arena%20esportes%20de%20areia%20em%20Santa%20Ernestina%2C%20S%C3%A3o%20Paulo%2C%20Brasil","https://www.google.com/maps/search/?api=1&query=beach%20sports%20em%20Santa%20Ernestina%2C%20S%C3%A3o%20Paulo%2C%20Brasil","","",""
"3546603","Santa Fé do Sul","São José do Rio Preto","a pesquisar","https://www.google.com/maps/search/?api=1&query=arena%20beach%20tennis%20em%20Santa%20F%C3%A9%20do%20Sul%2C%20S%C3%A3o%20Paulo%2C%20Brasil","https://www.google.com/maps/search/?api=1&query=arena%20futev%C3%B4lei%20em%20Santa%20F%C3%A9%20do%20Sul%2C%20S%C3%A3o%20Paulo%2C%20Brasil","https://www.google.com/maps/search/?api=1&query=quadra%20v%C3%B4lei%20de%20praia%20em%20Santa%20F%C3%A9%20do%20Sul%2C%20S%C3%A3o%20Paulo%2C%20Brasil","https://www.google.com/maps/search/?api=1&query=arena%20esportes%20de%20areia%20em%20Santa%20F%C3%A9%20do%20Sul%2C%20S%C3%A3o%20Paulo%2C%20Brasil","https://www.google.com/maps/search/?api=1&query=beach%20sports%20em%20Santa%20F%C3%A9%20do%20Sul%2C%20S%C3%A3o%20Paulo%2C%20Brasil","","",""
"3546702","Santa Gertrudes","Campinas","a pesquisar","https://www.google.com/maps/search/?api=1&query=arena%20beach%20tennis%20em%20Santa%20Gertrudes%2C%20S%C3%A3o%20Paulo%2C%20Brasil","https://www.google.com/maps/search/?api=1&query=arena%20futev%C3%B4lei%20em%20Santa%20Gertrudes%2C%20S%C3%A3o%20Paulo%2C%20Brasil","https://www.google.com/maps/search/?api=1&query=quadra%20v%C3%B4lei%20de%20praia%20em%20Santa%20Gertrudes%2C%20S%C3%A3o%20Paulo%2C%20Brasil","https://www.google.com/maps/search/?api=1&query=arena%20esportes%20de%20areia%20em%20Santa%20Gertrudes%2C%20S%C3%A3o%20Paulo%2C%20Brasil","https://www.google.com/maps/search/?api=1&query=beach%20sports%20em%20Santa%20Gertrudes%2C%20S%C3%A3o%20Paulo%2C%20Brasil","","",""
"3546801","Santa Isabel","São Paulo","a pesquisar","https://www.google.com/maps/search/?api=1&query=arena%20beach%20tennis%20em%20Santa%20Isabel%2C%20S%C3%A3o%20Paulo%2C%20Brasil","https://www.google.com/maps/search/?api=1&query=arena%20futev%C3%B4lei%20em%20Santa%20Isabel%2C%20S%C3%A3o%20Paulo%2C%20Brasil","https://www.google.com/maps/search/?api=1&query=quadra%20v%C3%B4lei%20de%20praia%20em%20Santa%20Isabel%2C%20S%C3%A3o%20Paulo%2C%20Brasil","https://www.google.com/maps/search/?api=1&query=arena%20esportes%20de%20areia%20em%20Santa%20Isabel%2C%20S%C3%A3o%20Paulo%2C%20Brasil","https://www.google.com/maps/search/?api=1&query=beach%20sports%20em%20Santa%20Isabel%2C%20S%C3%A3o%20Paulo%2C%20Brasil","","",""
"3546900","Santa Lúcia","Araraquara","a pesquisar","https://www.google.com/maps/search/?api=1&query=arena%20beach%20tennis%20em%20Santa%20L%C3%BAcia%2C%20S%C3%A3o%20Paulo%2C%20Brasil","https://www.google.com/maps/search/?api=1&query=arena%20futev%C3%B4lei%20em%20Santa%20L%C3%BAcia%2C%20S%C3%A3o%20Paulo%2C%20Brasil","https://www.google.com/maps/search/?api=1&query=quadra%20v%C3%B4lei%20de%20praia%20em%20Santa%20L%C3%BAcia%2C%20S%C3%A3o%20Paulo%2C%20Brasil","https://www.google.com/maps/search/?api=1&query=arena%20esportes%20de%20areia%20em%20Santa%20L%C3%BAcia%2C%20S%C3%A3o%20Paulo%2C%20Brasil","https://www.google.com/maps/search/?api=1&query=beach%20sports%20em%20Santa%20L%C3%BAcia%2C%20S%C3%A3o%20Paulo%2C%20Brasil","","",""
"3547007","Santa Maria da Serra","Campinas","a pesquisar","https://www.google.com/maps/search/?api=1&query=arena%20beach%20tennis%20em%20Santa%20Maria%20da%20Serra%2C%20S%C3%A3o%20Paulo%2C%20Brasil","https://www.google.com/maps/search/?api=1&query=arena%20futev%C3%B4lei%20em%20Santa%20Maria%20da%20Serra%2C%20S%C3%A3o%20Paulo%2C%20Brasil","https://www.google.com/maps/search/?api=1&query=quadra%20v%C3%B4lei%20de%20praia%20em%20Santa%20Maria%20da%20Serra%2C%20S%C3%A3o%20Paulo%2C%20Brasil","https://www.google.com/maps/search/?api=1&query=arena%20esportes%20de%20areia%20em%20Santa%20Maria%20da%20Serra%2C%20S%C3%A3o%20Paulo%2C%20Brasil","https://www.google.com/maps/search/?api=1&query=beach%20sports%20em%20Santa%20Maria%20da%20Serra%2C%20S%C3%A3o%20Paulo%2C%20Brasil","","",""
"3547106","Santa Mercedes","Presidente Prudente","a pesquisar","https://www.google.com/maps/search/?api=1&query=arena%20beach%20tennis%20em%20Santa%20Mercedes%2C%20S%C3%A3o%20Paulo%2C%20Brasil","https://www.google.com/maps/search/?api=1&query=arena%20futev%C3%B4lei%20em%20Santa%20Mercedes%2C%20S%C3%A3o%20Paulo%2C%20Brasil","https://www.google.com/maps/search/?api=1&query=quadra%20v%C3%B4lei%20de%20praia%20em%20Santa%20Mercedes%2C%20S%C3%A3o%20Paulo%2C%20Brasil","https://www.google.com/maps/search/?api=1&query=arena%20esportes%20de%20areia%20em%20Santa%20Mercedes%2C%20S%C3%A3o%20Paulo%2C%20Brasil","https://www.google.com/maps/search/?api=1&query=beach%20sports%20em%20Santa%20Mercedes%2C%20S%C3%A3o%20Paulo%2C%20Brasil","","",""
"3547502","Santa Rita do Passa Quatro","Araraquara","a pesquisar","https://www.google.com/maps/search/?api=1&query=arena%20beach%20tennis%20em%20Santa%20Rita%20do%20Passa%20Quatro%2C%20S%C3%A3o%20Paulo%2C%20Brasil","https://www.google.com/maps/search/?api=1&query=arena%20futev%C3%B4lei%20em%20Santa%20Rita%20do%20Passa%20Quatro%2C%20S%C3%A3o%20Paulo%2C%20Brasil","https://www.google.com/maps/search/?api=1&query=quadra%20v%C3%B4lei%20de%20praia%20em%20Santa%20Rita%20do%20Passa%20Quatro%2C%20S%C3%A3o%20Paulo%2C%20Brasil","https://www.google.com/maps/search/?api=1&query=arena%20esportes%20de%20areia%20em%20Santa%20Rita%20do%20Passa%20Quatro%2C%20S%C3%A3o%20Paulo%2C%20Brasil","https://www.google.com/maps/search/?api=1&query=beach%20sports%20em%20Santa%20Rita%20do%20Passa%20Quatro%2C%20S%C3%A3o%20Paulo%2C%20Brasil","","",""
"3547403","Santa Rita d'Oeste","São José do Rio Preto","a pesquisar","https://www.google.com/maps/search/?api=1&query=arena%20beach%20tennis%20em%20Santa%20Rita%20d'Oeste%2C%20S%C3%A3o%20Paulo%2C%20Brasil","https://www.google.com/maps/search/?api=1&query=arena%20futev%C3%B4lei%20em%20Santa%20Rita%20d'Oeste%2C%20S%C3%A3o%20Paulo%2C%20Brasil","https://www.google.com/maps/search/?api=1&query=quadra%20v%C3%B4lei%20de%20praia%20em%20Santa%20Rita%20d'Oeste%2C%20S%C3%A3o%20Paulo%2C%20Brasil","https://www.google.com/maps/search/?api=1&query=arena%20esportes%20de%20areia%20em%20Santa%20Rita%20d'Oeste%2C%20S%C3%A3o%20Paulo%2C%20Brasil","https://www.google.com/maps/search/?api=1&query=beach%20sports%20em%20Santa%20Rita%20d'Oeste%2C%20S%C3%A3o%20Paulo%2C%20Brasil","","",""
"3547601","Santa Rosa de Viterbo","Ribeirão Preto","a pesquisar","https://www.google.com/maps/search/?api=1&query=arena%20beach%20tennis%20em%20Santa%20Rosa%20de%20Viterbo%2C%20S%C3%A3o%20Paulo%2C%20Brasil","https://www.google.com/maps/search/?api=1&query=arena%20futev%C3%B4lei%20em%20Santa%20Rosa%20de%20Viterbo%2C%20S%C3%A3o%20Paulo%2C%20Brasil","https://www.google.com/maps/search/?api=1&query=quadra%20v%C3%B4lei%20de%20praia%20em%20Santa%20Rosa%20de%20Viterbo%2C%20S%C3%A3o%20Paulo%2C%20Brasil","https://www.google.com/maps/search/?api=1&query=arena%20esportes%20de%20areia%20em%20Santa%20Rosa%20de%20Viterbo%2C%20S%C3%A3o%20Paulo%2C%20Brasil","https://www.google.com/maps/search/?api=1&query=beach%20sports%20em%20Santa%20Rosa%20de%20Viterbo%2C%20S%C3%A3o%20Paulo%2C%20Brasil","","",""
"3547650","Santa Salete","São José do Rio Preto","a pesquisar","https://www.google.com/maps/search/?api=1&query=arena%20beach%20tennis%20em%20Santa%20Salete%2C%20S%C3%A3o%20Paulo%2C%20Brasil","https://www.google.com/maps/search/?api=1&query=arena%20futev%C3%B4lei%20em%20Santa%20Salete%2C%20S%C3%A3o%20Paulo%2C%20Brasil","https://www.google.com/maps/search/?api=1&query=quadra%20v%C3%B4lei%20de%20praia%20em%20Santa%20Salete%2C%20S%C3%A3o%20Paulo%2C%20Brasil","https://www.google.com/maps/search/?api=1&query=arena%20esportes%20de%20areia%20em%20Santa%20Salete%2C%20S%C3%A3o%20Paulo%2C%20Brasil","https://www.google.com/maps/search/?api=1&query=beach%20sports%20em%20Santa%20Salete%2C%20S%C3%A3o%20Paulo%2C%20Brasil","","",""
"3547205","Santana da Ponte Pensa","São José do Rio Preto","a pesquisar","https://www.google.com/maps/search/?api=1&query=arena%20beach%20tennis%20em%20Santana%20da%20Ponte%20Pensa%2C%20S%C3%A3o%20Paulo%2C%20Brasil","https://www.google.com/maps/search/?api=1&query=arena%20futev%C3%B4lei%20em%20Santana%20da%20Ponte%20Pensa%2C%20S%C3%A3o%20Paulo%2C%20Brasil","https://www.google.com/maps/search/?api=1&query=quadra%20v%C3%B4lei%20de%20praia%20em%20Santana%20da%20Ponte%20Pensa%2C%20S%C3%A3o%20Paulo%2C%20Brasil","https://www.google.com/maps/search/?api=1&query=arena%20esportes%20de%20areia%20em%20Santana%20da%20Ponte%20Pensa%2C%20S%C3%A3o%20Paulo%2C%20Brasil","https://www.google.com/maps/search/?api=1&query=beach%20sports%20em%20Santana%20da%20Ponte%20Pensa%2C%20S%C3%A3o%20Paulo%2C%20Brasil","","",""
"3547304","Santana de Parnaíba","São Paulo","a pesquisar","https://www.google.com/maps/search/?api=1&query=arena%20beach%20tennis%20em%20Santana%20de%20Parna%C3%ADba%2C%20S%C3%A3o%20Paulo%2C%20Brasil","https://www.google.com/maps/search/?api=1&query=arena%20futev%C3%B4lei%20em%20Santana%20de%20Parna%C3%ADba%2C%20S%C3%A3o%20Paulo%2C%20Brasil","https://www.google.com/maps/search/?api=1&query=quadra%20v%C3%B4lei%20de%20praia%20em%20Santana%20de%20Parna%C3%ADba%2C%20S%C3%A3o%20Paulo%2C%20Brasil","https://www.google.com/maps/search/?api=1&query=arena%20esportes%20de%20areia%20em%20Santana%20de%20Parna%C3%ADba%2C%20S%C3%A3o%20Paulo%2C%20Brasil","https://www.google.com/maps/search/?api=1&query=beach%20sports%20em%20Santana%20de%20Parna%C3%ADba%2C%20S%C3%A3o%20Paulo%2C%20Brasil","","",""
"3547700","Santo Anastácio","Presidente Prudente","a pesquisar","https://www.google.com/maps/search/?api=1&query=arena%20beach%20tennis%20em%20Santo%20Anast%C3%A1cio%2C%20S%C3%A3o%20Paulo%2C%20Brasil","https://www.google.com/maps/search/?api=1&query=arena%20futev%C3%B4lei%20em%20Santo%20Anast%C3%A1cio%2C%20S%C3%A3o%20Paulo%2C%20Brasil","https://www.google.com/maps/search/?api=1&query=quadra%20v%C3%B4lei%20de%20praia%20em%20Santo%20Anast%C3%A1cio%2C%20S%C3%A3o%20Paulo%2C%20Brasil","https://www.google.com/maps/search/?api=1&query=arena%20esportes%20de%20areia%20em%20Santo%20Anast%C3%A1cio%2C%20S%C3%A3o%20Paulo%2C%20Brasil","https://www.google.com/maps/search/?api=1&query=beach%20sports%20em%20Santo%20Anast%C3%A1cio%2C%20S%C3%A3o%20Paulo%2C%20Brasil","","",""
"3547809","Santo André","São Paulo","pesquisa pública parcial","https://www.google.com/maps/search/?api=1&query=arena%20beach%20tennis%20em%20Santo%20Andr%C3%A9%2C%20S%C3%A3o%20Paulo%2C%20Brasil","https://www.google.com/maps/search/?api=1&query=arena%20futev%C3%B4lei%20em%20Santo%20Andr%C3%A9%2C%20S%C3%A3o%20Paulo%2C%20Brasil","https://www.google.com/maps/search/?api=1&query=quadra%20v%C3%B4lei%20de%20praia%20em%20Santo%20Andr%C3%A9%2C%20S%C3%A3o%20Paulo%2C%20Brasil","https://www.google.com/maps/search/?api=1&query=arena%20esportes%20de%20areia%20em%20Santo%20Andr%C3%A9%2C%20S%C3%A3o%20Paulo%2C%20Brasil","https://www.google.com/maps/search/?api=1&query=beach%20sports%20em%20Santo%20Andr%C3%A9%2C%20S%C3%A3o%20Paulo%2C%20Brasil","2026-09-13","1","Unidades validadas neste lote: 1. Consultas Maps da fila não executadas; cobertura municipal incompleta."
"3547908","Santo Antônio da Alegria","Ribeirão Preto","a pesquisar","https://www.google.com/maps/search/?api=1&query=arena%20beach%20tennis%20em%20Santo%20Ant%C3%B4nio%20da%20Alegria%2C%20S%C3%A3o%20Paulo%2C%20Brasil","https://www.google.com/maps/search/?api=1&query=arena%20futev%C3%B4lei%20em%20Santo%20Ant%C3%B4nio%20da%20Alegria%2C%20S%C3%A3o%20Paulo%2C%20Brasil","https://www.google.com/maps/search/?api=1&query=quadra%20v%C3%B4lei%20de%20praia%20em%20Santo%20Ant%C3%B4nio%20da%20Alegria%2C%20S%C3%A3o%20Paulo%2C%20Brasil","https://www.google.com/maps/search/?api=1&query=arena%20esportes%20de%20areia%20em%20Santo%20Ant%C3%B4nio%20da%20Alegria%2C%20S%C3%A3o%20Paulo%2C%20Brasil","https://www.google.com/maps/search/?api=1&query=beach%20sports%20em%20Santo%20Ant%C3%B4nio%20da%20Alegria%2C%20S%C3%A3o%20Paulo%2C%20Brasil","","",""
"3548005","Santo Antônio de Posse","Campinas","a pesquisar","https://www.google.com/maps/search/?api=1&query=arena%20beach%20tennis%20em%20Santo%20Ant%C3%B4nio%20de%20Posse%2C%20S%C3%A3o%20Paulo%2C%20Brasil","https://www.google.com/maps/search/?api=1&query=arena%20futev%C3%B4lei%20em%20Santo%20Ant%C3%B4nio%20de%20Posse%2C%20S%C3%A3o%20Paulo%2C%20Brasil","https://www.google.com/maps/search/?api=1&query=quadra%20v%C3%B4lei%20de%20praia%20em%20Santo%20Ant%C3%B4nio%20de%20Posse%2C%20S%C3%A3o%20Paulo%2C%20Brasil","https://www.google.com/maps/search/?api=1&query=arena%20esportes%20de%20areia%20em%20Santo%20Ant%C3%B4nio%20de%20Posse%2C%20S%C3%A3o%20Paulo%2C%20Brasil","https://www.google.com/maps/search/?api=1&query=beach%20sports%20em%20Santo%20Ant%C3%B4nio%20de%20Posse%2C%20S%C3%A3o%20Paulo%2C%20Brasil","","",""
"3548054","Santo Antônio do Aracanguá","Araçatuba","a pesquisar","https://www.google.com/maps/search/?api=1&query=arena%20beach%20tennis%20em%20Santo%20Ant%C3%B4nio%20do%20Aracangu%C3%A1%2C%20S%C3%A3o%20Paulo%2C%20Brasil","https://www.google.com/maps/search/?api=1&query=arena%20futev%C3%B4lei%20em%20Santo%20Ant%C3%B4nio%20do%20Aracangu%C3%A1%2C%20S%C3%A3o%20Paulo%2C%20Brasil","https://www.google.com/maps/search/?api=1&query=quadra%20v%C3%B4lei%20de%20praia%20em%20Santo%20Ant%C3%B4nio%20do%20Aracangu%C3%A1%2C%20S%C3%A3o%20Paulo%2C%20Brasil","https://www.google.com/maps/search/?api=1&query=arena%20esportes%20de%20areia%20em%20Santo%20Ant%C3%B4nio%20do%20Aracangu%C3%A1%2C%20S%C3%A3o%20Paulo%2C%20Brasil","https://www.google.com/maps/search/?api=1&query=beach%20sports%20em%20Santo%20Ant%C3%B4nio%20do%20Aracangu%C3%A1%2C%20S%C3%A3o%20Paulo%2C%20Brasil","","",""
"3548104","Santo Antônio do Jardim","Campinas","a pesquisar","https://www.google.com/maps/search/?api=1&query=arena%20beach%20tennis%20em%20Santo%20Ant%C3%B4nio%20do%20Jardim%2C%20S%C3%A3o%20Paulo%2C%20Brasil","https://www.google.com/maps/search/?api=1&query=arena%20futev%C3%B4lei%20em%20Santo%20Ant%C3%B4nio%20do%20Jardim%2C%20S%C3%A3o%20Paulo%2C%20Brasil","https://www.google.com/maps/search/?api=1&query=quadra%20v%C3%B4lei%20de%20praia%20em%20Santo%20Ant%C3%B4nio%20do%20Jardim%2C%20S%C3%A3o%20Paulo%2C%20Brasil","https://www.google.com/maps/search/?api=1&query=arena%20esportes%20de%20areia%20em%20Santo%20Ant%C3%B4nio%20do%20Jardim%2C%20S%C3%A3o%20Paulo%2C%20Brasil","https://www.google.com/maps/search/?api=1&query=beach%20sports%20em%20Santo%20Ant%C3%B4nio%20do%20Jardim%2C%20S%C3%A3o%20Paulo%2C%20Brasil","","",""
"3548203","Santo Antônio do Pinhal","São José dos Campos","a pesquisar","https://www.google.com/maps/search/?api=1&query=arena%20beach%20tennis%20em%20Santo%20Ant%C3%B4nio%20do%20Pinhal%2C%20S%C3%A3o%20Paulo%2C%20Brasil","https://www.google.com/maps/search/?api=1&query=arena%20futev%C3%B4lei%20em%20Santo%20Ant%C3%B4nio%20do%20Pinhal%2C%20S%C3%A3o%20Paulo%2C%20Brasil","https://www.google.com/maps/search/?api=1&query=quadra%20v%C3%B4lei%20de%20praia%20em%20Santo%20Ant%C3%B4nio%20do%20Pinhal%2C%20S%C3%A3o%20Paulo%2C%20Brasil","https://www.google.com/maps/search/?api=1&query=arena%20esportes%20de%20areia%20em%20Santo%20Ant%C3%B4nio%20do%20Pinhal%2C%20S%C3%A3o%20Paulo%2C%20Brasil","https://www.google.com/maps/search/?api=1&query=beach%20sports%20em%20Santo%20Ant%C3%B4nio%20do%20Pinhal%2C%20S%C3%A3o%20Paulo%2C%20Brasil","","",""
"3548302","Santo Expedito","Presidente Prudente","a pesquisar","https://www.google.com/maps/search/?api=1&query=arena%20beach%20tennis%20em%20Santo%20Expedito%2C%20S%C3%A3o%20Paulo%2C%20Brasil","https://www.google.com/maps/search/?api=1&query=arena%20futev%C3%B4lei%20em%20Santo%20Expedito%2C%20S%C3%A3o%20Paulo%2C%20Brasil","https://www.google.com/maps/search/?api=1&query=quadra%20v%C3%B4lei%20de%20praia%20em%20Santo%20Expedito%2C%20S%C3%A3o%20Paulo%2C%20Brasil","https://www.google.com/maps/search/?api=1&query=arena%20esportes%20de%20areia%20em%20Santo%20Expedito%2C%20S%C3%A3o%20Paulo%2C%20Brasil","https://www.google.com/maps/search/?api=1&query=beach%20sports%20em%20Santo%20Expedito%2C%20S%C3%A3o%20Paulo%2C%20Brasil","","",""
"3548401","Santópolis do Aguapeí","Araçatuba","a pesquisar","https://www.google.com/maps/search/?api=1&query=arena%20beach%20tennis%20em%20Sant%C3%B3polis%20do%20Aguape%C3%AD%2C%20S%C3%A3o%20Paulo%2C%20Brasil","https://www.google.com/maps/search/?api=1&query=arena%20futev%C3%B4lei%20em%20Sant%C3%B3polis%20do%20Aguape%C3%AD%2C%20S%C3%A3o%20Paulo%2C%20Brasil","https://www.google.com/maps/search/?api=1&query=quadra%20v%C3%B4lei%20de%20praia%20em%20Sant%C3%B3polis%20do%20Aguape%C3%AD%2C%20S%C3%A3o%20Paulo%2C%20Brasil","https://www.google.com/maps/search/?api=1&query=arena%20esportes%20de%20areia%20em%20Sant%C3%B3polis%20do%20Aguape%C3%AD%2C%20S%C3%A3o%20Paulo%2C%20Brasil","https://www.google.com/maps/search/?api=1&query=beach%20sports%20em%20Sant%C3%B3polis%20do%20Aguape%C3%AD%2C%20S%C3%A3o%20Paulo%2C%20Brasil","","",""
"3548500","Santos","São Paulo","pesquisa pública parcial","https://www.google.com/maps/search/?api=1&query=arena%20beach%20tennis%20em%20Santos%2C%20S%C3%A3o%20Paulo%2C%20Brasil","https://www.google.com/maps/search/?api=1&query=arena%20futev%C3%B4lei%20em%20Santos%2C%20S%C3%A3o%20Paulo%2C%20Brasil","https://www.google.com/maps/search/?api=1&query=quadra%20v%C3%B4lei%20de%20praia%20em%20Santos%2C%20S%C3%A3o%20Paulo%2C%20Brasil","https://www.google.com/maps/search/?api=1&query=arena%20esportes%20de%20areia%20em%20Santos%2C%20S%C3%A3o%20Paulo%2C%20Brasil","https://www.google.com/maps/search/?api=1&query=beach%20sports%20em%20Santos%2C%20S%C3%A3o%20Paulo%2C%20Brasil","2026-09-13","2","Unidades validadas neste lote: 2. Consultas Maps da fila não executadas; cobertura municipal incompleta."
"3548609","São Bento do Sapucaí","São José dos Campos","a pesquisar","https://www.google.com/maps/search/?api=1&query=arena%20beach%20tennis%20em%20S%C3%A3o%20Bento%20do%20Sapuca%C3%AD%2C%20S%C3%A3o%20Paulo%2C%20Brasil","https://www.google.com/maps/search/?api=1&query=arena%20futev%C3%B4lei%20em%20S%C3%A3o%20Bento%20do%20Sapuca%C3%AD%2C%20S%C3%A3o%20Paulo%2C%20Brasil","https://www.google.com/maps/search/?api=1&query=quadra%20v%C3%B4lei%20de%20praia%20em%20S%C3%A3o%20Bento%20do%20Sapuca%C3%AD%2C%20S%C3%A3o%20Paulo%2C%20Brasil","https://www.google.com/maps/search/?api=1&query=arena%20esportes%20de%20areia%20em%20S%C3%A3o%20Bento%20do%20Sapuca%C3%AD%2C%20S%C3%A3o%20Paulo%2C%20Brasil","https://www.google.com/maps/search/?api=1&query=beach%20sports%20em%20S%C3%A3o%20Bento%20do%20Sapuca%C3%AD%2C%20S%C3%A3o%20Paulo%2C%20Brasil","","",""
"3548708","São Bernardo do Campo","São Paulo","pesquisa pública parcial","https://www.google.com/maps/search/?api=1&query=arena%20beach%20tennis%20em%20S%C3%A3o%20Bernardo%20do%20Campo%2C%20S%C3%A3o%20Paulo%2C%20Brasil","https://www.google.com/maps/search/?api=1&query=arena%20futev%C3%B4lei%20em%20S%C3%A3o%20Bernardo%20do%20Campo%2C%20S%C3%A3o%20Paulo%2C%20Brasil","https://www.google.com/maps/search/?api=1&query=quadra%20v%C3%B4lei%20de%20praia%20em%20S%C3%A3o%20Bernardo%20do%20Campo%2C%20S%C3%A3o%20Paulo%2C%20Brasil","https://www.google.com/maps/search/?api=1&query=arena%20esportes%20de%20areia%20em%20S%C3%A3o%20Bernardo%20do%20Campo%2C%20S%C3%A3o%20Paulo%2C%20Brasil","https://www.google.com/maps/search/?api=1&query=beach%20sports%20em%20S%C3%A3o%20Bernardo%20do%20Campo%2C%20S%C3%A3o%20Paulo%2C%20Brasil","2026-09-13","7","Unidades validadas neste lote: 7. Consultas Maps da fila não executadas; cobertura municipal incompleta."
"3548807","São Caetano do Sul","São Paulo","pesquisa pública parcial","https://www.google.com/maps/search/?api=1&query=arena%20beach%20tennis%20em%20S%C3%A3o%20Caetano%20do%20Sul%2C%20S%C3%A3o%20Paulo%2C%20Brasil","https://www.google.com/maps/search/?api=1&query=arena%20futev%C3%B4lei%20em%20S%C3%A3o%20Caetano%20do%20Sul%2C%20S%C3%A3o%20Paulo%2C%20Brasil","https://www.google.com/maps/search/?api=1&query=quadra%20v%C3%B4lei%20de%20praia%20em%20S%C3%A3o%20Caetano%20do%20Sul%2C%20S%C3%A3o%20Paulo%2C%20Brasil","https://www.google.com/maps/search/?api=1&query=arena%20esportes%20de%20areia%20em%20S%C3%A3o%20Caetano%20do%20Sul%2C%20S%C3%A3o%20Paulo%2C%20Brasil","https://www.google.com/maps/search/?api=1&query=beach%20sports%20em%20S%C3%A3o%20Caetano%20do%20Sul%2C%20S%C3%A3o%20Paulo%2C%20Brasil","2026-09-13","1","Unidades validadas neste lote: 1. Consultas Maps da fila não executadas; cobertura municipal incompleta."
"3548906","São Carlos","Araraquara","pesquisa pública parcial","https://www.google.com/maps/search/?api=1&query=arena%20beach%20tennis%20em%20S%C3%A3o%20Carlos%2C%20S%C3%A3o%20Paulo%2C%20Brasil","https://www.google.com/maps/search/?api=1&query=arena%20futev%C3%B4lei%20em%20S%C3%A3o%20Carlos%2C%20S%C3%A3o%20Paulo%2C%20Brasil","https://www.google.com/maps/search/?api=1&query=quadra%20v%C3%B4lei%20de%20praia%20em%20S%C3%A3o%20Carlos%2C%20S%C3%A3o%20Paulo%2C%20Brasil","https://www.google.com/maps/search/?api=1&query=arena%20esportes%20de%20areia%20em%20S%C3%A3o%20Carlos%2C%20S%C3%A3o%20Paulo%2C%20Brasil","https://www.google.com/maps/search/?api=1&query=beach%20sports%20em%20S%C3%A3o%20Carlos%2C%20S%C3%A3o%20Paulo%2C%20Brasil","2026-09-13","0","Unidades validadas neste lote: 0. Consultas Maps da fila não executadas; cobertura municipal incompleta."
"3549003","São Francisco","São José do Rio Preto","a pesquisar","https://www.google.com/maps/search/?api=1&query=arena%20beach%20tennis%20em%20S%C3%A3o%20Francisco%2C%20S%C3%A3o%20Paulo%2C%20Brasil","https://www.google.com/maps/search/?api=1&query=arena%20futev%C3%B4lei%20em%20S%C3%A3o%20Francisco%2C%20S%C3%A3o%20Paulo%2C%20Brasil","https://www.google.com/maps/search/?api=1&query=quadra%20v%C3%B4lei%20de%20praia%20em%20S%C3%A3o%20Francisco%2C%20S%C3%A3o%20Paulo%2C%20Brasil","https://www.google.com/maps/search/?api=1&query=arena%20esportes%20de%20areia%20em%20S%C3%A3o%20Francisco%2C%20S%C3%A3o%20Paulo%2C%20Brasil","https://www.google.com/maps/search/?api=1&query=beach%20sports%20em%20S%C3%A3o%20Francisco%2C%20S%C3%A3o%20Paulo%2C%20Brasil","","",""
"3549102","São João da Boa Vista","Campinas","a pesquisar","https://www.google.com/maps/search/?api=1&query=arena%20beach%20tennis%20em%20S%C3%A3o%20Jo%C3%A3o%20da%20Boa%20Vista%2C%20S%C3%A3o%20Paulo%2C%20Brasil","https://www.google.com/maps/search/?api=1&query=arena%20futev%C3%B4lei%20em%20S%C3%A3o%20Jo%C3%A3o%20da%20Boa%20Vista%2C%20S%C3%A3o%20Paulo%2C%20Brasil","https://www.google.com/maps/search/?api=1&query=quadra%20v%C3%B4lei%20de%20praia%20em%20S%C3%A3o%20Jo%C3%A3o%20da%20Boa%20Vista%2C%20S%C3%A3o%20Paulo%2C%20Brasil","https://www.google.com/maps/search/?api=1&query=arena%20esportes%20de%20areia%20em%20S%C3%A3o%20Jo%C3%A3o%20da%20Boa%20Vista%2C%20S%C3%A3o%20Paulo%2C%20Brasil","https://www.google.com/maps/search/?api=1&query=beach%20sports%20em%20S%C3%A3o%20Jo%C3%A3o%20da%20Boa%20Vista%2C%20S%C3%A3o%20Paulo%2C%20Brasil","","",""
"3549201","São João das Duas Pontes","São José do Rio Preto","a pesquisar","https://www.google.com/maps/search/?api=1&query=arena%20beach%20tennis%20em%20S%C3%A3o%20Jo%C3%A3o%20das%20Duas%20Pontes%2C%20S%C3%A3o%20Paulo%2C%20Brasil","https://www.google.com/maps/search/?api=1&query=arena%20futev%C3%B4lei%20em%20S%C3%A3o%20Jo%C3%A3o%20das%20Duas%20Pontes%2C%20S%C3%A3o%20Paulo%2C%20Brasil","https://www.google.com/maps/search/?api=1&query=quadra%20v%C3%B4lei%20de%20praia%20em%20S%C3%A3o%20Jo%C3%A3o%20das%20Duas%20Pontes%2C%20S%C3%A3o%20Paulo%2C%20Brasil","https://www.google.com/maps/search/?api=1&query=arena%20esportes%20de%20areia%20em%20S%C3%A3o%20Jo%C3%A3o%20das%20Duas%20Pontes%2C%20S%C3%A3o%20Paulo%2C%20Brasil","https://www.google.com/maps/search/?api=1&query=beach%20sports%20em%20S%C3%A3o%20Jo%C3%A3o%20das%20Duas%20Pontes%2C%20S%C3%A3o%20Paulo%2C%20Brasil","","",""
"3549250","São João de Iracema","São José do Rio Preto","a pesquisar","https://www.google.com/maps/search/?api=1&query=arena%20beach%20tennis%20em%20S%C3%A3o%20Jo%C3%A3o%20de%20Iracema%2C%20S%C3%A3o%20Paulo%2C%20Brasil","https://www.google.com/maps/search/?api=1&query=arena%20futev%C3%B4lei%20em%20S%C3%A3o%20Jo%C3%A3o%20de%20Iracema%2C%20S%C3%A3o%20Paulo%2C%20Brasil","https://www.google.com/maps/search/?api=1&query=quadra%20v%C3%B4lei%20de%20praia%20em%20S%C3%A3o%20Jo%C3%A3o%20de%20Iracema%2C%20S%C3%A3o%20Paulo%2C%20Brasil","https://www.google.com/maps/search/?api=1&query=arena%20esportes%20de%20areia%20em%20S%C3%A3o%20Jo%C3%A3o%20de%20Iracema%2C%20S%C3%A3o%20Paulo%2C%20Brasil","https://www.google.com/maps/search/?api=1&query=beach%20sports%20em%20S%C3%A3o%20Jo%C3%A3o%20de%20Iracema%2C%20S%C3%A3o%20Paulo%2C%20Brasil","","",""
"3549300","São João do Pau d'Alho","Presidente Prudente","a pesquisar","https://www.google.com/maps/search/?api=1&query=arena%20beach%20tennis%20em%20S%C3%A3o%20Jo%C3%A3o%20do%20Pau%20d'Alho%2C%20S%C3%A3o%20Paulo%2C%20Brasil","https://www.google.com/maps/search/?api=1&query=arena%20futev%C3%B4lei%20em%20S%C3%A3o%20Jo%C3%A3o%20do%20Pau%20d'Alho%2C%20S%C3%A3o%20Paulo%2C%20Brasil","https://www.google.com/maps/search/?api=1&query=quadra%20v%C3%B4lei%20de%20praia%20em%20S%C3%A3o%20Jo%C3%A3o%20do%20Pau%20d'Alho%2C%20S%C3%A3o%20Paulo%2C%20Brasil","https://www.google.com/maps/search/?api=1&query=arena%20esportes%20de%20areia%20em%20S%C3%A3o%20Jo%C3%A3o%20do%20Pau%20d'Alho%2C%20S%C3%A3o%20Paulo%2C%20Brasil","https://www.google.com/maps/search/?api=1&query=beach%20sports%20em%20S%C3%A3o%20Jo%C3%A3o%20do%20Pau%20d'Alho%2C%20S%C3%A3o%20Paulo%2C%20Brasil","","",""
"3549409","São Joaquim da Barra","Ribeirão Preto","a pesquisar","https://www.google.com/maps/search/?api=1&query=arena%20beach%20tennis%20em%20S%C3%A3o%20Joaquim%20da%20Barra%2C%20S%C3%A3o%20Paulo%2C%20Brasil","https://www.google.com/maps/search/?api=1&query=arena%20futev%C3%B4lei%20em%20S%C3%A3o%20Joaquim%20da%20Barra%2C%20S%C3%A3o%20Paulo%2C%20Brasil","https://www.google.com/maps/search/?api=1&query=quadra%20v%C3%B4lei%20de%20praia%20em%20S%C3%A3o%20Joaquim%20da%20Barra%2C%20S%C3%A3o%20Paulo%2C%20Brasil","https://www.google.com/maps/search/?api=1&query=arena%20esportes%20de%20areia%20em%20S%C3%A3o%20Joaquim%20da%20Barra%2C%20S%C3%A3o%20Paulo%2C%20Brasil","https://www.google.com/maps/search/?api=1&query=beach%20sports%20em%20S%C3%A3o%20Joaquim%20da%20Barra%2C%20S%C3%A3o%20Paulo%2C%20Brasil","","",""
"3549508","São José da Bela Vista","Ribeirão Preto","a pesquisar","https://www.google.com/maps/search/?api=1&query=arena%20beach%20tennis%20em%20S%C3%A3o%20Jos%C3%A9%20da%20Bela%20Vista%2C%20S%C3%A3o%20Paulo%2C%20Brasil","https://www.google.com/maps/search/?api=1&query=arena%20futev%C3%B4lei%20em%20S%C3%A3o%20Jos%C3%A9%20da%20Bela%20Vista%2C%20S%C3%A3o%20Paulo%2C%20Brasil","https://www.google.com/maps/search/?api=1&query=quadra%20v%C3%B4lei%20de%20praia%20em%20S%C3%A3o%20Jos%C3%A9%20da%20Bela%20Vista%2C%20S%C3%A3o%20Paulo%2C%20Brasil","https://www.google.com/maps/search/?api=1&query=arena%20esportes%20de%20areia%20em%20S%C3%A3o%20Jos%C3%A9%20da%20Bela%20Vista%2C%20S%C3%A3o%20Paulo%2C%20Brasil","https://www.google.com/maps/search/?api=1&query=beach%20sports%20em%20S%C3%A3o%20Jos%C3%A9%20da%20Bela%20Vista%2C%20S%C3%A3o%20Paulo%2C%20Brasil","","",""
"3549607","São José do Barreiro","São José dos Campos","a pesquisar","https://www.google.com/maps/search/?api=1&query=arena%20beach%20tennis%20em%20S%C3%A3o%20Jos%C3%A9%20do%20Barreiro%2C%20S%C3%A3o%20Paulo%2C%20Brasil","https://www.google.com/maps/search/?api=1&query=arena%20futev%C3%B4lei%20em%20S%C3%A3o%20Jos%C3%A9%20do%20Barreiro%2C%20S%C3%A3o%20Paulo%2C%20Brasil","https://www.google.com/maps/search/?api=1&query=quadra%20v%C3%B4lei%20de%20praia%20em%20S%C3%A3o%20Jos%C3%A9%20do%20Barreiro%2C%20S%C3%A3o%20Paulo%2C%20Brasil","https://www.google.com/maps/search/?api=1&query=arena%20esportes%20de%20areia%20em%20S%C3%A3o%20Jos%C3%A9%20do%20Barreiro%2C%20S%C3%A3o%20Paulo%2C%20Brasil","https://www.google.com/maps/search/?api=1&query=beach%20sports%20em%20S%C3%A3o%20Jos%C3%A9%20do%20Barreiro%2C%20S%C3%A3o%20Paulo%2C%20Brasil","","",""
"3549706","São José do Rio Pardo","Campinas","a pesquisar","https://www.google.com/maps/search/?api=1&query=arena%20beach%20tennis%20em%20S%C3%A3o%20Jos%C3%A9%20do%20Rio%20Pardo%2C%20S%C3%A3o%20Paulo%2C%20Brasil","https://www.google.com/maps/search/?api=1&query=arena%20futev%C3%B4lei%20em%20S%C3%A3o%20Jos%C3%A9%20do%20Rio%20Pardo%2C%20S%C3%A3o%20Paulo%2C%20Brasil","https://www.google.com/maps/search/?api=1&query=quadra%20v%C3%B4lei%20de%20praia%20em%20S%C3%A3o%20Jos%C3%A9%20do%20Rio%20Pardo%2C%20S%C3%A3o%20Paulo%2C%20Brasil","https://www.google.com/maps/search/?api=1&query=arena%20esportes%20de%20areia%20em%20S%C3%A3o%20Jos%C3%A9%20do%20Rio%20Pardo%2C%20S%C3%A3o%20Paulo%2C%20Brasil","https://www.google.com/maps/search/?api=1&query=beach%20sports%20em%20S%C3%A3o%20Jos%C3%A9%20do%20Rio%20Pardo%2C%20S%C3%A3o%20Paulo%2C%20Brasil","","",""
"3549805","São José do Rio Preto","São José do Rio Preto","pesquisa pública parcial","https://www.google.com/maps/search/?api=1&query=arena%20beach%20tennis%20em%20S%C3%A3o%20Jos%C3%A9%20do%20Rio%20Preto%2C%20S%C3%A3o%20Paulo%2C%20Brasil","https://www.google.com/maps/search/?api=1&query=arena%20futev%C3%B4lei%20em%20S%C3%A3o%20Jos%C3%A9%20do%20Rio%20Preto%2C%20S%C3%A3o%20Paulo%2C%20Brasil","https://www.google.com/maps/search/?api=1&query=quadra%20v%C3%B4lei%20de%20praia%20em%20S%C3%A3o%20Jos%C3%A9%20do%20Rio%20Preto%2C%20S%C3%A3o%20Paulo%2C%20Brasil","https://www.google.com/maps/search/?api=1&query=arena%20esportes%20de%20areia%20em%20S%C3%A3o%20Jos%C3%A9%20do%20Rio%20Preto%2C%20S%C3%A3o%20Paulo%2C%20Brasil","https://www.google.com/maps/search/?api=1&query=beach%20sports%20em%20S%C3%A3o%20Jos%C3%A9%20do%20Rio%20Preto%2C%20S%C3%A3o%20Paulo%2C%20Brasil","2026-09-13","1","Unidades validadas neste lote: 1. Consultas Maps da fila não executadas; cobertura municipal incompleta."
"3549904","São José dos Campos","São José dos Campos","pesquisa pública parcial","https://www.google.com/maps/search/?api=1&query=arena%20beach%20tennis%20em%20S%C3%A3o%20Jos%C3%A9%20dos%20Campos%2C%20S%C3%A3o%20Paulo%2C%20Brasil","https://www.google.com/maps/search/?api=1&query=arena%20futev%C3%B4lei%20em%20S%C3%A3o%20Jos%C3%A9%20dos%20Campos%2C%20S%C3%A3o%20Paulo%2C%20Brasil","https://www.google.com/maps/search/?api=1&query=quadra%20v%C3%B4lei%20de%20praia%20em%20S%C3%A3o%20Jos%C3%A9%20dos%20Campos%2C%20S%C3%A3o%20Paulo%2C%20Brasil","https://www.google.com/maps/search/?api=1&query=arena%20esportes%20de%20areia%20em%20S%C3%A3o%20Jos%C3%A9%20dos%20Campos%2C%20S%C3%A3o%20Paulo%2C%20Brasil","https://www.google.com/maps/search/?api=1&query=beach%20sports%20em%20S%C3%A3o%20Jos%C3%A9%20dos%20Campos%2C%20S%C3%A3o%20Paulo%2C%20Brasil","2026-09-13","0","Unidades validadas neste lote: 0. Consultas Maps da fila não executadas; cobertura municipal incompleta."
"3549953","São Lourenço da Serra","São Paulo","a pesquisar","https://www.google.com/maps/search/?api=1&query=arena%20beach%20tennis%20em%20S%C3%A3o%20Louren%C3%A7o%20da%20Serra%2C%20S%C3%A3o%20Paulo%2C%20Brasil","https://www.google.com/maps/search/?api=1&query=arena%20futev%C3%B4lei%20em%20S%C3%A3o%20Louren%C3%A7o%20da%20Serra%2C%20S%C3%A3o%20Paulo%2C%20Brasil","https://www.google.com/maps/search/?api=1&query=quadra%20v%C3%B4lei%20de%20praia%20em%20S%C3%A3o%20Louren%C3%A7o%20da%20Serra%2C%20S%C3%A3o%20Paulo%2C%20Brasil","https://www.google.com/maps/search/?api=1&query=arena%20esportes%20de%20areia%20em%20S%C3%A3o%20Louren%C3%A7o%20da%20Serra%2C%20S%C3%A3o%20Paulo%2C%20Brasil","https://www.google.com/maps/search/?api=1&query=beach%20sports%20em%20S%C3%A3o%20Louren%C3%A7o%20da%20Serra%2C%20S%C3%A3o%20Paulo%2C%20Brasil","","",""
"3550001","São Luiz do Paraitinga","São José dos Campos","a pesquisar","https://www.google.com/maps/search/?api=1&query=arena%20beach%20tennis%20em%20S%C3%A3o%20Luiz%20do%20Paraitinga%2C%20S%C3%A3o%20Paulo%2C%20Brasil","https://www.google.com/maps/search/?api=1&query=arena%20futev%C3%B4lei%20em%20S%C3%A3o%20Luiz%20do%20Paraitinga%2C%20S%C3%A3o%20Paulo%2C%20Brasil","https://www.google.com/maps/search/?api=1&query=quadra%20v%C3%B4lei%20de%20praia%20em%20S%C3%A3o%20Luiz%20do%20Paraitinga%2C%20S%C3%A3o%20Paulo%2C%20Brasil","https://www.google.com/maps/search/?api=1&query=arena%20esportes%20de%20areia%20em%20S%C3%A3o%20Luiz%20do%20Paraitinga%2C%20S%C3%A3o%20Paulo%2C%20Brasil","https://www.google.com/maps/search/?api=1&query=beach%20sports%20em%20S%C3%A3o%20Luiz%20do%20Paraitinga%2C%20S%C3%A3o%20Paulo%2C%20Brasil","","",""
"3550100","São Manuel","Bauru","a pesquisar","https://www.google.com/maps/search/?api=1&query=arena%20beach%20tennis%20em%20S%C3%A3o%20Manuel%2C%20S%C3%A3o%20Paulo%2C%20Brasil","https://www.google.com/maps/search/?api=1&query=arena%20futev%C3%B4lei%20em%20S%C3%A3o%20Manuel%2C%20S%C3%A3o%20Paulo%2C%20Brasil","https://www.google.com/maps/search/?api=1&query=quadra%20v%C3%B4lei%20de%20praia%20em%20S%C3%A3o%20Manuel%2C%20S%C3%A3o%20Paulo%2C%20Brasil","https://www.google.com/maps/search/?api=1&query=arena%20esportes%20de%20areia%20em%20S%C3%A3o%20Manuel%2C%20S%C3%A3o%20Paulo%2C%20Brasil","https://www.google.com/maps/search/?api=1&query=beach%20sports%20em%20S%C3%A3o%20Manuel%2C%20S%C3%A3o%20Paulo%2C%20Brasil","","",""
"3550209","São Miguel Arcanjo","Sorocaba","a pesquisar","https://www.google.com/maps/search/?api=1&query=arena%20beach%20tennis%20em%20S%C3%A3o%20Miguel%20Arcanjo%2C%20S%C3%A3o%20Paulo%2C%20Brasil","https://www.google.com/maps/search/?api=1&query=arena%20futev%C3%B4lei%20em%20S%C3%A3o%20Miguel%20Arcanjo%2C%20S%C3%A3o%20Paulo%2C%20Brasil","https://www.google.com/maps/search/?api=1&query=quadra%20v%C3%B4lei%20de%20praia%20em%20S%C3%A3o%20Miguel%20Arcanjo%2C%20S%C3%A3o%20Paulo%2C%20Brasil","https://www.google.com/maps/search/?api=1&query=arena%20esportes%20de%20areia%20em%20S%C3%A3o%20Miguel%20Arcanjo%2C%20S%C3%A3o%20Paulo%2C%20Brasil","https://www.google.com/maps/search/?api=1&query=beach%20sports%20em%20S%C3%A3o%20Miguel%20Arcanjo%2C%20S%C3%A3o%20Paulo%2C%20Brasil","","",""
"3550308","São Paulo","São Paulo","pesquisa pública parcial","https://www.google.com/maps/search/?api=1&query=arena%20beach%20tennis%20em%20S%C3%A3o%20Paulo%2C%20S%C3%A3o%20Paulo%2C%20Brasil","https://www.google.com/maps/search/?api=1&query=arena%20futev%C3%B4lei%20em%20S%C3%A3o%20Paulo%2C%20S%C3%A3o%20Paulo%2C%20Brasil","https://www.google.com/maps/search/?api=1&query=quadra%20v%C3%B4lei%20de%20praia%20em%20S%C3%A3o%20Paulo%2C%20S%C3%A3o%20Paulo%2C%20Brasil","https://www.google.com/maps/search/?api=1&query=arena%20esportes%20de%20areia%20em%20S%C3%A3o%20Paulo%2C%20S%C3%A3o%20Paulo%2C%20Brasil","https://www.google.com/maps/search/?api=1&query=beach%20sports%20em%20S%C3%A3o%20Paulo%2C%20S%C3%A3o%20Paulo%2C%20Brasil","2026-09-13","7","Unidades validadas neste lote: 7. Consultas Maps da fila não executadas; cobertura municipal incompleta."
"3550407","São Pedro","Campinas","a pesquisar","https://www.google.com/maps/search/?api=1&query=arena%20beach%20tennis%20em%20S%C3%A3o%20Pedro%2C%20S%C3%A3o%20Paulo%2C%20Brasil","https://www.google.com/maps/search/?api=1&query=arena%20futev%C3%B4lei%20em%20S%C3%A3o%20Pedro%2C%20S%C3%A3o%20Paulo%2C%20Brasil","https://www.google.com/maps/search/?api=1&query=quadra%20v%C3%B4lei%20de%20praia%20em%20S%C3%A3o%20Pedro%2C%20S%C3%A3o%20Paulo%2C%20Brasil","https://www.google.com/maps/search/?api=1&query=arena%20esportes%20de%20areia%20em%20S%C3%A3o%20Pedro%2C%20S%C3%A3o%20Paulo%2C%20Brasil","https://www.google.com/maps/search/?api=1&query=beach%20sports%20em%20S%C3%A3o%20Pedro%2C%20S%C3%A3o%20Paulo%2C%20Brasil","","",""
"3550506","São Pedro do Turvo","Marília","a pesquisar","https://www.google.com/maps/search/?api=1&query=arena%20beach%20tennis%20em%20S%C3%A3o%20Pedro%20do%20Turvo%2C%20S%C3%A3o%20Paulo%2C%20Brasil","https://www.google.com/maps/search/?api=1&query=arena%20futev%C3%B4lei%20em%20S%C3%A3o%20Pedro%20do%20Turvo%2C%20S%C3%A3o%20Paulo%2C%20Brasil","https://www.google.com/maps/search/?api=1&query=quadra%20v%C3%B4lei%20de%20praia%20em%20S%C3%A3o%20Pedro%20do%20Turvo%2C%20S%C3%A3o%20Paulo%2C%20Brasil","https://www.google.com/maps/search/?api=1&query=arena%20esportes%20de%20areia%20em%20S%C3%A3o%20Pedro%20do%20Turvo%2C%20S%C3%A3o%20Paulo%2C%20Brasil","https://www.google.com/maps/search/?api=1&query=beach%20sports%20em%20S%C3%A3o%20Pedro%20do%20Turvo%2C%20S%C3%A3o%20Paulo%2C%20Brasil","","",""
"3550605","São Roque","Sorocaba","a pesquisar","https://www.google.com/maps/search/?api=1&query=arena%20beach%20tennis%20em%20S%C3%A3o%20Roque%2C%20S%C3%A3o%20Paulo%2C%20Brasil","https://www.google.com/maps/search/?api=1&query=arena%20futev%C3%B4lei%20em%20S%C3%A3o%20Roque%2C%20S%C3%A3o%20Paulo%2C%20Brasil","https://www.google.com/maps/search/?api=1&query=quadra%20v%C3%B4lei%20de%20praia%20em%20S%C3%A3o%20Roque%2C%20S%C3%A3o%20Paulo%2C%20Brasil","https://www.google.com/maps/search/?api=1&query=arena%20esportes%20de%20areia%20em%20S%C3%A3o%20Roque%2C%20S%C3%A3o%20Paulo%2C%20Brasil","https://www.google.com/maps/search/?api=1&query=beach%20sports%20em%20S%C3%A3o%20Roque%2C%20S%C3%A3o%20Paulo%2C%20Brasil","","",""
"3550704","São Sebastião","São José dos Campos","pesquisa pública parcial","https://www.google.com/maps/search/?api=1&query=arena%20beach%20tennis%20em%20S%C3%A3o%20Sebasti%C3%A3o%2C%20S%C3%A3o%20Paulo%2C%20Brasil","https://www.google.com/maps/search/?api=1&query=arena%20futev%C3%B4lei%20em%20S%C3%A3o%20Sebasti%C3%A3o%2C%20S%C3%A3o%20Paulo%2C%20Brasil","https://www.google.com/maps/search/?api=1&query=quadra%20v%C3%B4lei%20de%20praia%20em%20S%C3%A3o%20Sebasti%C3%A3o%2C%20S%C3%A3o%20Paulo%2C%20Brasil","https://www.google.com/maps/search/?api=1&query=arena%20esportes%20de%20areia%20em%20S%C3%A3o%20Sebasti%C3%A3o%2C%20S%C3%A3o%20Paulo%2C%20Brasil","https://www.google.com/maps/search/?api=1&query=beach%20sports%20em%20S%C3%A3o%20Sebasti%C3%A3o%2C%20S%C3%A3o%20Paulo%2C%20Brasil","2026-09-13","0","Unidades validadas neste lote: 0. Consultas Maps da fila não executadas; cobertura municipal incompleta."
"3550803","São Sebastião da Grama","Campinas","a pesquisar","https://www.google.com/maps/search/?api=1&query=arena%20beach%20tennis%20em%20S%C3%A3o%20Sebasti%C3%A3o%20da%20Grama%2C%20S%C3%A3o%20Paulo%2C%20Brasil","https://www.google.com/maps/search/?api=1&query=arena%20futev%C3%B4lei%20em%20S%C3%A3o%20Sebasti%C3%A3o%20da%20Grama%2C%20S%C3%A3o%20Paulo%2C%20Brasil","https://www.google.com/maps/search/?api=1&query=quadra%20v%C3%B4lei%20de%20praia%20em%20S%C3%A3o%20Sebasti%C3%A3o%20da%20Grama%2C%20S%C3%A3o%20Paulo%2C%20Brasil","https://www.google.com/maps/search/?api=1&query=arena%20esportes%20de%20areia%20em%20S%C3%A3o%20Sebasti%C3%A3o%20da%20Grama%2C%20S%C3%A3o%20Paulo%2C%20Brasil","https://www.google.com/maps/search/?api=1&query=beach%20sports%20em%20S%C3%A3o%20Sebasti%C3%A3o%20da%20Grama%2C%20S%C3%A3o%20Paulo%2C%20Brasil","","",""
"3550902","São Simão","Ribeirão Preto","a pesquisar","https://www.google.com/maps/search/?api=1&query=arena%20beach%20tennis%20em%20S%C3%A3o%20Sim%C3%A3o%2C%20S%C3%A3o%20Paulo%2C%20Brasil","https://www.google.com/maps/search/?api=1&query=arena%20futev%C3%B4lei%20em%20S%C3%A3o%20Sim%C3%A3o%2C%20S%C3%A3o%20Paulo%2C%20Brasil","https://www.google.com/maps/search/?api=1&query=quadra%20v%C3%B4lei%20de%20praia%20em%20S%C3%A3o%20Sim%C3%A3o%2C%20S%C3%A3o%20Paulo%2C%20Brasil","https://www.google.com/maps/search/?api=1&query=arena%20esportes%20de%20areia%20em%20S%C3%A3o%20Sim%C3%A3o%2C%20S%C3%A3o%20Paulo%2C%20Brasil","https://www.google.com/maps/search/?api=1&query=beach%20sports%20em%20S%C3%A3o%20Sim%C3%A3o%2C%20S%C3%A3o%20Paulo%2C%20Brasil","","",""
"3551009","São Vicente","São Paulo","pesquisa pública parcial","https://www.google.com/maps/search/?api=1&query=arena%20beach%20tennis%20em%20S%C3%A3o%20Vicente%2C%20S%C3%A3o%20Paulo%2C%20Brasil","https://www.google.com/maps/search/?api=1&query=arena%20futev%C3%B4lei%20em%20S%C3%A3o%20Vicente%2C%20S%C3%A3o%20Paulo%2C%20Brasil","https://www.google.com/maps/search/?api=1&query=quadra%20v%C3%B4lei%20de%20praia%20em%20S%C3%A3o%20Vicente%2C%20S%C3%A3o%20Paulo%2C%20Brasil","https://www.google.com/maps/search/?api=1&query=arena%20esportes%20de%20areia%20em%20S%C3%A3o%20Vicente%2C%20S%C3%A3o%20Paulo%2C%20Brasil","https://www.google.com/maps/search/?api=1&query=beach%20sports%20em%20S%C3%A3o%20Vicente%2C%20S%C3%A3o%20Paulo%2C%20Brasil","2026-09-13","1","Unidades validadas neste lote: 1. Consultas Maps da fila não executadas; cobertura municipal incompleta."
"3551108","Sarapuí","Sorocaba","a pesquisar","https://www.google.com/maps/search/?api=1&query=arena%20beach%20tennis%20em%20Sarapu%C3%AD%2C%20S%C3%A3o%20Paulo%2C%20Brasil","https://www.google.com/maps/search/?api=1&query=arena%20futev%C3%B4lei%20em%20Sarapu%C3%AD%2C%20S%C3%A3o%20Paulo%2C%20Brasil","https://www.google.com/maps/search/?api=1&query=quadra%20v%C3%B4lei%20de%20praia%20em%20Sarapu%C3%AD%2C%20S%C3%A3o%20Paulo%2C%20Brasil","https://www.google.com/maps/search/?api=1&query=arena%20esportes%20de%20areia%20em%20Sarapu%C3%AD%2C%20S%C3%A3o%20Paulo%2C%20Brasil","https://www.google.com/maps/search/?api=1&query=beach%20sports%20em%20Sarapu%C3%AD%2C%20S%C3%A3o%20Paulo%2C%20Brasil","","",""
"3551207","Sarutaiá","Marília","a pesquisar","https://www.google.com/maps/search/?api=1&query=arena%20beach%20tennis%20em%20Sarutai%C3%A1%2C%20S%C3%A3o%20Paulo%2C%20Brasil","https://www.google.com/maps/search/?api=1&query=arena%20futev%C3%B4lei%20em%20Sarutai%C3%A1%2C%20S%C3%A3o%20Paulo%2C%20Brasil","https://www.google.com/maps/search/?api=1&query=quadra%20v%C3%B4lei%20de%20praia%20em%20Sarutai%C3%A1%2C%20S%C3%A3o%20Paulo%2C%20Brasil","https://www.google.com/maps/search/?api=1&query=arena%20esportes%20de%20areia%20em%20Sarutai%C3%A1%2C%20S%C3%A3o%20Paulo%2C%20Brasil","https://www.google.com/maps/search/?api=1&query=beach%20sports%20em%20Sarutai%C3%A1%2C%20S%C3%A3o%20Paulo%2C%20Brasil","","",""
"3551306","Sebastianópolis do Sul","São José do Rio Preto","a pesquisar","https://www.google.com/maps/search/?api=1&query=arena%20beach%20tennis%20em%20Sebastian%C3%B3polis%20do%20Sul%2C%20S%C3%A3o%20Paulo%2C%20Brasil","https://www.google.com/maps/search/?api=1&query=arena%20futev%C3%B4lei%20em%20Sebastian%C3%B3polis%20do%20Sul%2C%20S%C3%A3o%20Paulo%2C%20Brasil","https://www.google.com/maps/search/?api=1&query=quadra%20v%C3%B4lei%20de%20praia%20em%20Sebastian%C3%B3polis%20do%20Sul%2C%20S%C3%A3o%20Paulo%2C%20Brasil","https://www.google.com/maps/search/?api=1&query=arena%20esportes%20de%20areia%20em%20Sebastian%C3%B3polis%20do%20Sul%2C%20S%C3%A3o%20Paulo%2C%20Brasil","https://www.google.com/maps/search/?api=1&query=beach%20sports%20em%20Sebastian%C3%B3polis%20do%20Sul%2C%20S%C3%A3o%20Paulo%2C%20Brasil","","",""
"3551405","Serra Azul","Ribeirão Preto","a pesquisar","https://www.google.com/maps/search/?api=1&query=arena%20beach%20tennis%20em%20Serra%20Azul%2C%20S%C3%A3o%20Paulo%2C%20Brasil","https://www.google.com/maps/search/?api=1&query=arena%20futev%C3%B4lei%20em%20Serra%20Azul%2C%20S%C3%A3o%20Paulo%2C%20Brasil","https://www.google.com/maps/search/?api=1&query=quadra%20v%C3%B4lei%20de%20praia%20em%20Serra%20Azul%2C%20S%C3%A3o%20Paulo%2C%20Brasil","https://www.google.com/maps/search/?api=1&query=arena%20esportes%20de%20areia%20em%20Serra%20Azul%2C%20S%C3%A3o%20Paulo%2C%20Brasil","https://www.google.com/maps/search/?api=1&query=beach%20sports%20em%20Serra%20Azul%2C%20S%C3%A3o%20Paulo%2C%20Brasil","","",""
"3551603","Serra Negra","Campinas","a pesquisar","https://www.google.com/maps/search/?api=1&query=arena%20beach%20tennis%20em%20Serra%20Negra%2C%20S%C3%A3o%20Paulo%2C%20Brasil","https://www.google.com/maps/search/?api=1&query=arena%20futev%C3%B4lei%20em%20Serra%20Negra%2C%20S%C3%A3o%20Paulo%2C%20Brasil","https://www.google.com/maps/search/?api=1&query=quadra%20v%C3%B4lei%20de%20praia%20em%20Serra%20Negra%2C%20S%C3%A3o%20Paulo%2C%20Brasil","https://www.google.com/maps/search/?api=1&query=arena%20esportes%20de%20areia%20em%20Serra%20Negra%2C%20S%C3%A3o%20Paulo%2C%20Brasil","https://www.google.com/maps/search/?api=1&query=beach%20sports%20em%20Serra%20Negra%2C%20S%C3%A3o%20Paulo%2C%20Brasil","","",""
"3551504","Serrana","Ribeirão Preto","a pesquisar","https://www.google.com/maps/search/?api=1&query=arena%20beach%20tennis%20em%20Serrana%2C%20S%C3%A3o%20Paulo%2C%20Brasil","https://www.google.com/maps/search/?api=1&query=arena%20futev%C3%B4lei%20em%20Serrana%2C%20S%C3%A3o%20Paulo%2C%20Brasil","https://www.google.com/maps/search/?api=1&query=quadra%20v%C3%B4lei%20de%20praia%20em%20Serrana%2C%20S%C3%A3o%20Paulo%2C%20Brasil","https://www.google.com/maps/search/?api=1&query=arena%20esportes%20de%20areia%20em%20Serrana%2C%20S%C3%A3o%20Paulo%2C%20Brasil","https://www.google.com/maps/search/?api=1&query=beach%20sports%20em%20Serrana%2C%20S%C3%A3o%20Paulo%2C%20Brasil","","",""
"3551702","Sertãozinho","Ribeirão Preto","a pesquisar","https://www.google.com/maps/search/?api=1&query=arena%20beach%20tennis%20em%20Sert%C3%A3ozinho%2C%20S%C3%A3o%20Paulo%2C%20Brasil","https://www.google.com/maps/search/?api=1&query=arena%20futev%C3%B4lei%20em%20Sert%C3%A3ozinho%2C%20S%C3%A3o%20Paulo%2C%20Brasil","https://www.google.com/maps/search/?api=1&query=quadra%20v%C3%B4lei%20de%20praia%20em%20Sert%C3%A3ozinho%2C%20S%C3%A3o%20Paulo%2C%20Brasil","https://www.google.com/maps/search/?api=1&query=arena%20esportes%20de%20areia%20em%20Sert%C3%A3ozinho%2C%20S%C3%A3o%20Paulo%2C%20Brasil","https://www.google.com/maps/search/?api=1&query=beach%20sports%20em%20Sert%C3%A3ozinho%2C%20S%C3%A3o%20Paulo%2C%20Brasil","","",""
"3551801","Sete Barras","Sorocaba","a pesquisar","https://www.google.com/maps/search/?api=1&query=arena%20beach%20tennis%20em%20Sete%20Barras%2C%20S%C3%A3o%20Paulo%2C%20Brasil","https://www.google.com/maps/search/?api=1&query=arena%20futev%C3%B4lei%20em%20Sete%20Barras%2C%20S%C3%A3o%20Paulo%2C%20Brasil","https://www.google.com/maps/search/?api=1&query=quadra%20v%C3%B4lei%20de%20praia%20em%20Sete%20Barras%2C%20S%C3%A3o%20Paulo%2C%20Brasil","https://www.google.com/maps/search/?api=1&query=arena%20esportes%20de%20areia%20em%20Sete%20Barras%2C%20S%C3%A3o%20Paulo%2C%20Brasil","https://www.google.com/maps/search/?api=1&query=beach%20sports%20em%20Sete%20Barras%2C%20S%C3%A3o%20Paulo%2C%20Brasil","","",""
"3551900","Severínia","Ribeirão Preto","a pesquisar","https://www.google.com/maps/search/?api=1&query=arena%20beach%20tennis%20em%20Sever%C3%ADnia%2C%20S%C3%A3o%20Paulo%2C%20Brasil","https://www.google.com/maps/search/?api=1&query=arena%20futev%C3%B4lei%20em%20Sever%C3%ADnia%2C%20S%C3%A3o%20Paulo%2C%20Brasil","https://www.google.com/maps/search/?api=1&query=quadra%20v%C3%B4lei%20de%20praia%20em%20Sever%C3%ADnia%2C%20S%C3%A3o%20Paulo%2C%20Brasil","https://www.google.com/maps/search/?api=1&query=arena%20esportes%20de%20areia%20em%20Sever%C3%ADnia%2C%20S%C3%A3o%20Paulo%2C%20Brasil","https://www.google.com/maps/search/?api=1&query=beach%20sports%20em%20Sever%C3%ADnia%2C%20S%C3%A3o%20Paulo%2C%20Brasil","","",""
"3552007","Silveiras","São José dos Campos","a pesquisar","https://www.google.com/maps/search/?api=1&query=arena%20beach%20tennis%20em%20Silveiras%2C%20S%C3%A3o%20Paulo%2C%20Brasil","https://www.google.com/maps/search/?api=1&query=arena%20futev%C3%B4lei%20em%20Silveiras%2C%20S%C3%A3o%20Paulo%2C%20Brasil","https://www.google.com/maps/search/?api=1&query=quadra%20v%C3%B4lei%20de%20praia%20em%20Silveiras%2C%20S%C3%A3o%20Paulo%2C%20Brasil","https://www.google.com/maps/search/?api=1&query=arena%20esportes%20de%20areia%20em%20Silveiras%2C%20S%C3%A3o%20Paulo%2C%20Brasil","https://www.google.com/maps/search/?api=1&query=beach%20sports%20em%20Silveiras%2C%20S%C3%A3o%20Paulo%2C%20Brasil","","",""
"3552106","Socorro","Campinas","a pesquisar","https://www.google.com/maps/search/?api=1&query=arena%20beach%20tennis%20em%20Socorro%2C%20S%C3%A3o%20Paulo%2C%20Brasil","https://www.google.com/maps/search/?api=1&query=arena%20futev%C3%B4lei%20em%20Socorro%2C%20S%C3%A3o%20Paulo%2C%20Brasil","https://www.google.com/maps/search/?api=1&query=quadra%20v%C3%B4lei%20de%20praia%20em%20Socorro%2C%20S%C3%A3o%20Paulo%2C%20Brasil","https://www.google.com/maps/search/?api=1&query=arena%20esportes%20de%20areia%20em%20Socorro%2C%20S%C3%A3o%20Paulo%2C%20Brasil","https://www.google.com/maps/search/?api=1&query=beach%20sports%20em%20Socorro%2C%20S%C3%A3o%20Paulo%2C%20Brasil","","",""
"3552205","Sorocaba","Sorocaba","pesquisa pública parcial","https://www.google.com/maps/search/?api=1&query=arena%20beach%20tennis%20em%20Sorocaba%2C%20S%C3%A3o%20Paulo%2C%20Brasil","https://www.google.com/maps/search/?api=1&query=arena%20futev%C3%B4lei%20em%20Sorocaba%2C%20S%C3%A3o%20Paulo%2C%20Brasil","https://www.google.com/maps/search/?api=1&query=quadra%20v%C3%B4lei%20de%20praia%20em%20Sorocaba%2C%20S%C3%A3o%20Paulo%2C%20Brasil","https://www.google.com/maps/search/?api=1&query=arena%20esportes%20de%20areia%20em%20Sorocaba%2C%20S%C3%A3o%20Paulo%2C%20Brasil","https://www.google.com/maps/search/?api=1&query=beach%20sports%20em%20Sorocaba%2C%20S%C3%A3o%20Paulo%2C%20Brasil","2026-09-13","0","Unidades validadas neste lote: 0. Consultas Maps da fila não executadas; cobertura municipal incompleta."
"3552304","Sud Mennucci","Araçatuba","a pesquisar","https://www.google.com/maps/search/?api=1&query=arena%20beach%20tennis%20em%20Sud%20Mennucci%2C%20S%C3%A3o%20Paulo%2C%20Brasil","https://www.google.com/maps/search/?api=1&query=arena%20futev%C3%B4lei%20em%20Sud%20Mennucci%2C%20S%C3%A3o%20Paulo%2C%20Brasil","https://www.google.com/maps/search/?api=1&query=quadra%20v%C3%B4lei%20de%20praia%20em%20Sud%20Mennucci%2C%20S%C3%A3o%20Paulo%2C%20Brasil","https://www.google.com/maps/search/?api=1&query=arena%20esportes%20de%20areia%20em%20Sud%20Mennucci%2C%20S%C3%A3o%20Paulo%2C%20Brasil","https://www.google.com/maps/search/?api=1&query=beach%20sports%20em%20Sud%20Mennucci%2C%20S%C3%A3o%20Paulo%2C%20Brasil","","",""
"3552403","Sumaré","Campinas","a pesquisar","https://www.google.com/maps/search/?api=1&query=arena%20beach%20tennis%20em%20Sumar%C3%A9%2C%20S%C3%A3o%20Paulo%2C%20Brasil","https://www.google.com/maps/search/?api=1&query=arena%20futev%C3%B4lei%20em%20Sumar%C3%A9%2C%20S%C3%A3o%20Paulo%2C%20Brasil","https://www.google.com/maps/search/?api=1&query=quadra%20v%C3%B4lei%20de%20praia%20em%20Sumar%C3%A9%2C%20S%C3%A3o%20Paulo%2C%20Brasil","https://www.google.com/maps/search/?api=1&query=arena%20esportes%20de%20areia%20em%20Sumar%C3%A9%2C%20S%C3%A3o%20Paulo%2C%20Brasil","https://www.google.com/maps/search/?api=1&query=beach%20sports%20em%20Sumar%C3%A9%2C%20S%C3%A3o%20Paulo%2C%20Brasil","","",""
"3552551","Suzanápolis","São José do Rio Preto","a pesquisar","https://www.google.com/maps/search/?api=1&query=arena%20beach%20tennis%20em%20Suzan%C3%A1polis%2C%20S%C3%A3o%20Paulo%2C%20Brasil","https://www.google.com/maps/search/?api=1&query=arena%20futev%C3%B4lei%20em%20Suzan%C3%A1polis%2C%20S%C3%A3o%20Paulo%2C%20Brasil","https://www.google.com/maps/search/?api=1&query=quadra%20v%C3%B4lei%20de%20praia%20em%20Suzan%C3%A1polis%2C%20S%C3%A3o%20Paulo%2C%20Brasil","https://www.google.com/maps/search/?api=1&query=arena%20esportes%20de%20areia%20em%20Suzan%C3%A1polis%2C%20S%C3%A3o%20Paulo%2C%20Brasil","https://www.google.com/maps/search/?api=1&query=beach%20sports%20em%20Suzan%C3%A1polis%2C%20S%C3%A3o%20Paulo%2C%20Brasil","","",""
"3552502","Suzano","São Paulo","a pesquisar","https://www.google.com/maps/search/?api=1&query=arena%20beach%20tennis%20em%20Suzano%2C%20S%C3%A3o%20Paulo%2C%20Brasil","https://www.google.com/maps/search/?api=1&query=arena%20futev%C3%B4lei%20em%20Suzano%2C%20S%C3%A3o%20Paulo%2C%20Brasil","https://www.google.com/maps/search/?api=1&query=quadra%20v%C3%B4lei%20de%20praia%20em%20Suzano%2C%20S%C3%A3o%20Paulo%2C%20Brasil","https://www.google.com/maps/search/?api=1&query=arena%20esportes%20de%20areia%20em%20Suzano%2C%20S%C3%A3o%20Paulo%2C%20Brasil","https://www.google.com/maps/search/?api=1&query=beach%20sports%20em%20Suzano%2C%20S%C3%A3o%20Paulo%2C%20Brasil","","",""
"3552601","Tabapuã","São José do Rio Preto","a pesquisar","https://www.google.com/maps/search/?api=1&query=arena%20beach%20tennis%20em%20Tabapu%C3%A3%2C%20S%C3%A3o%20Paulo%2C%20Brasil","https://www.google.com/maps/search/?api=1&query=arena%20futev%C3%B4lei%20em%20Tabapu%C3%A3%2C%20S%C3%A3o%20Paulo%2C%20Brasil","https://www.google.com/maps/search/?api=1&query=quadra%20v%C3%B4lei%20de%20praia%20em%20Tabapu%C3%A3%2C%20S%C3%A3o%20Paulo%2C%20Brasil","https://www.google.com/maps/search/?api=1&query=arena%20esportes%20de%20areia%20em%20Tabapu%C3%A3%2C%20S%C3%A3o%20Paulo%2C%20Brasil","https://www.google.com/maps/search/?api=1&query=beach%20sports%20em%20Tabapu%C3%A3%2C%20S%C3%A3o%20Paulo%2C%20Brasil","","",""
"3552700","Tabatinga","Araraquara","a pesquisar","https://www.google.com/maps/search/?api=1&query=arena%20beach%20tennis%20em%20Tabatinga%2C%20S%C3%A3o%20Paulo%2C%20Brasil","https://www.google.com/maps/search/?api=1&query=arena%20futev%C3%B4lei%20em%20Tabatinga%2C%20S%C3%A3o%20Paulo%2C%20Brasil","https://www.google.com/maps/search/?api=1&query=quadra%20v%C3%B4lei%20de%20praia%20em%20Tabatinga%2C%20S%C3%A3o%20Paulo%2C%20Brasil","https://www.google.com/maps/search/?api=1&query=arena%20esportes%20de%20areia%20em%20Tabatinga%2C%20S%C3%A3o%20Paulo%2C%20Brasil","https://www.google.com/maps/search/?api=1&query=beach%20sports%20em%20Tabatinga%2C%20S%C3%A3o%20Paulo%2C%20Brasil","","",""
"3552809","Taboão da Serra","São Paulo","a pesquisar","https://www.google.com/maps/search/?api=1&query=arena%20beach%20tennis%20em%20Tabo%C3%A3o%20da%20Serra%2C%20S%C3%A3o%20Paulo%2C%20Brasil","https://www.google.com/maps/search/?api=1&query=arena%20futev%C3%B4lei%20em%20Tabo%C3%A3o%20da%20Serra%2C%20S%C3%A3o%20Paulo%2C%20Brasil","https://www.google.com/maps/search/?api=1&query=quadra%20v%C3%B4lei%20de%20praia%20em%20Tabo%C3%A3o%20da%20Serra%2C%20S%C3%A3o%20Paulo%2C%20Brasil","https://www.google.com/maps/search/?api=1&query=arena%20esportes%20de%20areia%20em%20Tabo%C3%A3o%20da%20Serra%2C%20S%C3%A3o%20Paulo%2C%20Brasil","https://www.google.com/maps/search/?api=1&query=beach%20sports%20em%20Tabo%C3%A3o%20da%20Serra%2C%20S%C3%A3o%20Paulo%2C%20Brasil","","",""
"3552908","Taciba","Presidente Prudente","a pesquisar","https://www.google.com/maps/search/?api=1&query=arena%20beach%20tennis%20em%20Taciba%2C%20S%C3%A3o%20Paulo%2C%20Brasil","https://www.google.com/maps/search/?api=1&query=arena%20futev%C3%B4lei%20em%20Taciba%2C%20S%C3%A3o%20Paulo%2C%20Brasil","https://www.google.com/maps/search/?api=1&query=quadra%20v%C3%B4lei%20de%20praia%20em%20Taciba%2C%20S%C3%A3o%20Paulo%2C%20Brasil","https://www.google.com/maps/search/?api=1&query=arena%20esportes%20de%20areia%20em%20Taciba%2C%20S%C3%A3o%20Paulo%2C%20Brasil","https://www.google.com/maps/search/?api=1&query=beach%20sports%20em%20Taciba%2C%20S%C3%A3o%20Paulo%2C%20Brasil","","",""
"3553005","Taguaí","Sorocaba","a pesquisar","https://www.google.com/maps/search/?api=1&query=arena%20beach%20tennis%20em%20Tagua%C3%AD%2C%20S%C3%A3o%20Paulo%2C%20Brasil","https://www.google.com/maps/search/?api=1&query=arena%20futev%C3%B4lei%20em%20Tagua%C3%AD%2C%20S%C3%A3o%20Paulo%2C%20Brasil","https://www.google.com/maps/search/?api=1&query=quadra%20v%C3%B4lei%20de%20praia%20em%20Tagua%C3%AD%2C%20S%C3%A3o%20Paulo%2C%20Brasil","https://www.google.com/maps/search/?api=1&query=arena%20esportes%20de%20areia%20em%20Tagua%C3%AD%2C%20S%C3%A3o%20Paulo%2C%20Brasil","https://www.google.com/maps/search/?api=1&query=beach%20sports%20em%20Tagua%C3%AD%2C%20S%C3%A3o%20Paulo%2C%20Brasil","","",""
"3553104","Taiaçu","Ribeirão Preto","a pesquisar","https://www.google.com/maps/search/?api=1&query=arena%20beach%20tennis%20em%20Taia%C3%A7u%2C%20S%C3%A3o%20Paulo%2C%20Brasil","https://www.google.com/maps/search/?api=1&query=arena%20futev%C3%B4lei%20em%20Taia%C3%A7u%2C%20S%C3%A3o%20Paulo%2C%20Brasil","https://www.google.com/maps/search/?api=1&query=quadra%20v%C3%B4lei%20de%20praia%20em%20Taia%C3%A7u%2C%20S%C3%A3o%20Paulo%2C%20Brasil","https://www.google.com/maps/search/?api=1&query=arena%20esportes%20de%20areia%20em%20Taia%C3%A7u%2C%20S%C3%A3o%20Paulo%2C%20Brasil","https://www.google.com/maps/search/?api=1&query=beach%20sports%20em%20Taia%C3%A7u%2C%20S%C3%A3o%20Paulo%2C%20Brasil","","",""
"3553203","Taiúva","Ribeirão Preto","a pesquisar","https://www.google.com/maps/search/?api=1&query=arena%20beach%20tennis%20em%20Tai%C3%BAva%2C%20S%C3%A3o%20Paulo%2C%20Brasil","https://www.google.com/maps/search/?api=1&query=arena%20futev%C3%B4lei%20em%20Tai%C3%BAva%2C%20S%C3%A3o%20Paulo%2C%20Brasil","https://www.google.com/maps/search/?api=1&query=quadra%20v%C3%B4lei%20de%20praia%20em%20Tai%C3%BAva%2C%20S%C3%A3o%20Paulo%2C%20Brasil","https://www.google.com/maps/search/?api=1&query=arena%20esportes%20de%20areia%20em%20Tai%C3%BAva%2C%20S%C3%A3o%20Paulo%2C%20Brasil","https://www.google.com/maps/search/?api=1&query=beach%20sports%20em%20Tai%C3%BAva%2C%20S%C3%A3o%20Paulo%2C%20Brasil","","",""
"3553302","Tambaú","Campinas","a pesquisar","https://www.google.com/maps/search/?api=1&query=arena%20beach%20tennis%20em%20Tamba%C3%BA%2C%20S%C3%A3o%20Paulo%2C%20Brasil","https://www.google.com/maps/search/?api=1&query=arena%20futev%C3%B4lei%20em%20Tamba%C3%BA%2C%20S%C3%A3o%20Paulo%2C%20Brasil","https://www.google.com/maps/search/?api=1&query=quadra%20v%C3%B4lei%20de%20praia%20em%20Tamba%C3%BA%2C%20S%C3%A3o%20Paulo%2C%20Brasil","https://www.google.com/maps/search/?api=1&query=arena%20esportes%20de%20areia%20em%20Tamba%C3%BA%2C%20S%C3%A3o%20Paulo%2C%20Brasil","https://www.google.com/maps/search/?api=1&query=beach%20sports%20em%20Tamba%C3%BA%2C%20S%C3%A3o%20Paulo%2C%20Brasil","","",""
"3553401","Tanabi","São José do Rio Preto","a pesquisar","https://www.google.com/maps/search/?api=1&query=arena%20beach%20tennis%20em%20Tanabi%2C%20S%C3%A3o%20Paulo%2C%20Brasil","https://www.google.com/maps/search/?api=1&query=arena%20futev%C3%B4lei%20em%20Tanabi%2C%20S%C3%A3o%20Paulo%2C%20Brasil","https://www.google.com/maps/search/?api=1&query=quadra%20v%C3%B4lei%20de%20praia%20em%20Tanabi%2C%20S%C3%A3o%20Paulo%2C%20Brasil","https://www.google.com/maps/search/?api=1&query=arena%20esportes%20de%20areia%20em%20Tanabi%2C%20S%C3%A3o%20Paulo%2C%20Brasil","https://www.google.com/maps/search/?api=1&query=beach%20sports%20em%20Tanabi%2C%20S%C3%A3o%20Paulo%2C%20Brasil","","",""
"3553500","Tapiraí","Sorocaba","a pesquisar","https://www.google.com/maps/search/?api=1&query=arena%20beach%20tennis%20em%20Tapira%C3%AD%2C%20S%C3%A3o%20Paulo%2C%20Brasil","https://www.google.com/maps/search/?api=1&query=arena%20futev%C3%B4lei%20em%20Tapira%C3%AD%2C%20S%C3%A3o%20Paulo%2C%20Brasil","https://www.google.com/maps/search/?api=1&query=quadra%20v%C3%B4lei%20de%20praia%20em%20Tapira%C3%AD%2C%20S%C3%A3o%20Paulo%2C%20Brasil","https://www.google.com/maps/search/?api=1&query=arena%20esportes%20de%20areia%20em%20Tapira%C3%AD%2C%20S%C3%A3o%20Paulo%2C%20Brasil","https://www.google.com/maps/search/?api=1&query=beach%20sports%20em%20Tapira%C3%AD%2C%20S%C3%A3o%20Paulo%2C%20Brasil","","",""
"3553609","Tapiratiba","Campinas","a pesquisar","https://www.google.com/maps/search/?api=1&query=arena%20beach%20tennis%20em%20Tapiratiba%2C%20S%C3%A3o%20Paulo%2C%20Brasil","https://www.google.com/maps/search/?api=1&query=arena%20futev%C3%B4lei%20em%20Tapiratiba%2C%20S%C3%A3o%20Paulo%2C%20Brasil","https://www.google.com/maps/search/?api=1&query=quadra%20v%C3%B4lei%20de%20praia%20em%20Tapiratiba%2C%20S%C3%A3o%20Paulo%2C%20Brasil","https://www.google.com/maps/search/?api=1&query=arena%20esportes%20de%20areia%20em%20Tapiratiba%2C%20S%C3%A3o%20Paulo%2C%20Brasil","https://www.google.com/maps/search/?api=1&query=beach%20sports%20em%20Tapiratiba%2C%20S%C3%A3o%20Paulo%2C%20Brasil","","",""
"3553658","Taquaral","Ribeirão Preto","a pesquisar","https://www.google.com/maps/search/?api=1&query=arena%20beach%20tennis%20em%20Taquaral%2C%20S%C3%A3o%20Paulo%2C%20Brasil","https://www.google.com/maps/search/?api=1&query=arena%20futev%C3%B4lei%20em%20Taquaral%2C%20S%C3%A3o%20Paulo%2C%20Brasil","https://www.google.com/maps/search/?api=1&query=quadra%20v%C3%B4lei%20de%20praia%20em%20Taquaral%2C%20S%C3%A3o%20Paulo%2C%20Brasil","https://www.google.com/maps/search/?api=1&query=arena%20esportes%20de%20areia%20em%20Taquaral%2C%20S%C3%A3o%20Paulo%2C%20Brasil","https://www.google.com/maps/search/?api=1&query=beach%20sports%20em%20Taquaral%2C%20S%C3%A3o%20Paulo%2C%20Brasil","","",""
"3553708","Taquaritinga","Araraquara","a pesquisar","https://www.google.com/maps/search/?api=1&query=arena%20beach%20tennis%20em%20Taquaritinga%2C%20S%C3%A3o%20Paulo%2C%20Brasil","https://www.google.com/maps/search/?api=1&query=arena%20futev%C3%B4lei%20em%20Taquaritinga%2C%20S%C3%A3o%20Paulo%2C%20Brasil","https://www.google.com/maps/search/?api=1&query=quadra%20v%C3%B4lei%20de%20praia%20em%20Taquaritinga%2C%20S%C3%A3o%20Paulo%2C%20Brasil","https://www.google.com/maps/search/?api=1&query=arena%20esportes%20de%20areia%20em%20Taquaritinga%2C%20S%C3%A3o%20Paulo%2C%20Brasil","https://www.google.com/maps/search/?api=1&query=beach%20sports%20em%20Taquaritinga%2C%20S%C3%A3o%20Paulo%2C%20Brasil","","",""
"3553807","Taquarituba","Sorocaba","a pesquisar","https://www.google.com/maps/search/?api=1&query=arena%20beach%20tennis%20em%20Taquarituba%2C%20S%C3%A3o%20Paulo%2C%20Brasil","https://www.google.com/maps/search/?api=1&query=arena%20futev%C3%B4lei%20em%20Taquarituba%2C%20S%C3%A3o%20Paulo%2C%20Brasil","https://www.google.com/maps/search/?api=1&query=quadra%20v%C3%B4lei%20de%20praia%20em%20Taquarituba%2C%20S%C3%A3o%20Paulo%2C%20Brasil","https://www.google.com/maps/search/?api=1&query=arena%20esportes%20de%20areia%20em%20Taquarituba%2C%20S%C3%A3o%20Paulo%2C%20Brasil","https://www.google.com/maps/search/?api=1&query=beach%20sports%20em%20Taquarituba%2C%20S%C3%A3o%20Paulo%2C%20Brasil","","",""
"3553856","Taquarivaí","Sorocaba","a pesquisar","https://www.google.com/maps/search/?api=1&query=arena%20beach%20tennis%20em%20Taquariva%C3%AD%2C%20S%C3%A3o%20Paulo%2C%20Brasil","https://www.google.com/maps/search/?api=1&query=arena%20futev%C3%B4lei%20em%20Taquariva%C3%AD%2C%20S%C3%A3o%20Paulo%2C%20Brasil","https://www.google.com/maps/search/?api=1&query=quadra%20v%C3%B4lei%20de%20praia%20em%20Taquariva%C3%AD%2C%20S%C3%A3o%20Paulo%2C%20Brasil","https://www.google.com/maps/search/?api=1&query=arena%20esportes%20de%20areia%20em%20Taquariva%C3%AD%2C%20S%C3%A3o%20Paulo%2C%20Brasil","https://www.google.com/maps/search/?api=1&query=beach%20sports%20em%20Taquariva%C3%AD%2C%20S%C3%A3o%20Paulo%2C%20Brasil","","",""
"3553906","Tarabai","Presidente Prudente","a pesquisar","https://www.google.com/maps/search/?api=1&query=arena%20beach%20tennis%20em%20Tarabai%2C%20S%C3%A3o%20Paulo%2C%20Brasil","https://www.google.com/maps/search/?api=1&query=arena%20futev%C3%B4lei%20em%20Tarabai%2C%20S%C3%A3o%20Paulo%2C%20Brasil","https://www.google.com/maps/search/?api=1&query=quadra%20v%C3%B4lei%20de%20praia%20em%20Tarabai%2C%20S%C3%A3o%20Paulo%2C%20Brasil","https://www.google.com/maps/search/?api=1&query=arena%20esportes%20de%20areia%20em%20Tarabai%2C%20S%C3%A3o%20Paulo%2C%20Brasil","https://www.google.com/maps/search/?api=1&query=beach%20sports%20em%20Tarabai%2C%20S%C3%A3o%20Paulo%2C%20Brasil","","",""
"3553955","Tarumã","Marília","a pesquisar","https://www.google.com/maps/search/?api=1&query=arena%20beach%20tennis%20em%20Tarum%C3%A3%2C%20S%C3%A3o%20Paulo%2C%20Brasil","https://www.google.com/maps/search/?api=1&query=arena%20futev%C3%B4lei%20em%20Tarum%C3%A3%2C%20S%C3%A3o%20Paulo%2C%20Brasil","https://www.google.com/maps/search/?api=1&query=quadra%20v%C3%B4lei%20de%20praia%20em%20Tarum%C3%A3%2C%20S%C3%A3o%20Paulo%2C%20Brasil","https://www.google.com/maps/search/?api=1&query=arena%20esportes%20de%20areia%20em%20Tarum%C3%A3%2C%20S%C3%A3o%20Paulo%2C%20Brasil","https://www.google.com/maps/search/?api=1&query=beach%20sports%20em%20Tarum%C3%A3%2C%20S%C3%A3o%20Paulo%2C%20Brasil","","",""
"3554003","Tatuí","Sorocaba","a pesquisar","https://www.google.com/maps/search/?api=1&query=arena%20beach%20tennis%20em%20Tatu%C3%AD%2C%20S%C3%A3o%20Paulo%2C%20Brasil","https://www.google.com/maps/search/?api=1&query=arena%20futev%C3%B4lei%20em%20Tatu%C3%AD%2C%20S%C3%A3o%20Paulo%2C%20Brasil","https://www.google.com/maps/search/?api=1&query=quadra%20v%C3%B4lei%20de%20praia%20em%20Tatu%C3%AD%2C%20S%C3%A3o%20Paulo%2C%20Brasil","https://www.google.com/maps/search/?api=1&query=arena%20esportes%20de%20areia%20em%20Tatu%C3%AD%2C%20S%C3%A3o%20Paulo%2C%20Brasil","https://www.google.com/maps/search/?api=1&query=beach%20sports%20em%20Tatu%C3%AD%2C%20S%C3%A3o%20Paulo%2C%20Brasil","","",""
"3554102","Taubaté","São José dos Campos","pesquisa pública parcial","https://www.google.com/maps/search/?api=1&query=arena%20beach%20tennis%20em%20Taubat%C3%A9%2C%20S%C3%A3o%20Paulo%2C%20Brasil","https://www.google.com/maps/search/?api=1&query=arena%20futev%C3%B4lei%20em%20Taubat%C3%A9%2C%20S%C3%A3o%20Paulo%2C%20Brasil","https://www.google.com/maps/search/?api=1&query=quadra%20v%C3%B4lei%20de%20praia%20em%20Taubat%C3%A9%2C%20S%C3%A3o%20Paulo%2C%20Brasil","https://www.google.com/maps/search/?api=1&query=arena%20esportes%20de%20areia%20em%20Taubat%C3%A9%2C%20S%C3%A3o%20Paulo%2C%20Brasil","https://www.google.com/maps/search/?api=1&query=beach%20sports%20em%20Taubat%C3%A9%2C%20S%C3%A3o%20Paulo%2C%20Brasil","2026-09-13","0","Unidades validadas neste lote: 0. Consultas Maps da fila não executadas; cobertura municipal incompleta."
"3554201","Tejupá","Marília","a pesquisar","https://www.google.com/maps/search/?api=1&query=arena%20beach%20tennis%20em%20Tejup%C3%A1%2C%20S%C3%A3o%20Paulo%2C%20Brasil","https://www.google.com/maps/search/?api=1&query=arena%20futev%C3%B4lei%20em%20Tejup%C3%A1%2C%20S%C3%A3o%20Paulo%2C%20Brasil","https://www.google.com/maps/search/?api=1&query=quadra%20v%C3%B4lei%20de%20praia%20em%20Tejup%C3%A1%2C%20S%C3%A3o%20Paulo%2C%20Brasil","https://www.google.com/maps/search/?api=1&query=arena%20esportes%20de%20areia%20em%20Tejup%C3%A1%2C%20S%C3%A3o%20Paulo%2C%20Brasil","https://www.google.com/maps/search/?api=1&query=beach%20sports%20em%20Tejup%C3%A1%2C%20S%C3%A3o%20Paulo%2C%20Brasil","","",""
"3554300","Teodoro Sampaio","Presidente Prudente","a pesquisar","https://www.google.com/maps/search/?api=1&query=arena%20beach%20tennis%20em%20Teodoro%20Sampaio%2C%20S%C3%A3o%20Paulo%2C%20Brasil","https://www.google.com/maps/search/?api=1&query=arena%20futev%C3%B4lei%20em%20Teodoro%20Sampaio%2C%20S%C3%A3o%20Paulo%2C%20Brasil","https://www.google.com/maps/search/?api=1&query=quadra%20v%C3%B4lei%20de%20praia%20em%20Teodoro%20Sampaio%2C%20S%C3%A3o%20Paulo%2C%20Brasil","https://www.google.com/maps/search/?api=1&query=arena%20esportes%20de%20areia%20em%20Teodoro%20Sampaio%2C%20S%C3%A3o%20Paulo%2C%20Brasil","https://www.google.com/maps/search/?api=1&query=beach%20sports%20em%20Teodoro%20Sampaio%2C%20S%C3%A3o%20Paulo%2C%20Brasil","","",""
"3554409","Terra Roxa","Ribeirão Preto","a pesquisar","https://www.google.com/maps/search/?api=1&query=arena%20beach%20tennis%20em%20Terra%20Roxa%2C%20S%C3%A3o%20Paulo%2C%20Brasil","https://www.google.com/maps/search/?api=1&query=arena%20futev%C3%B4lei%20em%20Terra%20Roxa%2C%20S%C3%A3o%20Paulo%2C%20Brasil","https://www.google.com/maps/search/?api=1&query=quadra%20v%C3%B4lei%20de%20praia%20em%20Terra%20Roxa%2C%20S%C3%A3o%20Paulo%2C%20Brasil","https://www.google.com/maps/search/?api=1&query=arena%20esportes%20de%20areia%20em%20Terra%20Roxa%2C%20S%C3%A3o%20Paulo%2C%20Brasil","https://www.google.com/maps/search/?api=1&query=beach%20sports%20em%20Terra%20Roxa%2C%20S%C3%A3o%20Paulo%2C%20Brasil","","",""
"3554508","Tietê","Sorocaba","a pesquisar","https://www.google.com/maps/search/?api=1&query=arena%20beach%20tennis%20em%20Tiet%C3%AA%2C%20S%C3%A3o%20Paulo%2C%20Brasil","https://www.google.com/maps/search/?api=1&query=arena%20futev%C3%B4lei%20em%20Tiet%C3%AA%2C%20S%C3%A3o%20Paulo%2C%20Brasil","https://www.google.com/maps/search/?api=1&query=quadra%20v%C3%B4lei%20de%20praia%20em%20Tiet%C3%AA%2C%20S%C3%A3o%20Paulo%2C%20Brasil","https://www.google.com/maps/search/?api=1&query=arena%20esportes%20de%20areia%20em%20Tiet%C3%AA%2C%20S%C3%A3o%20Paulo%2C%20Brasil","https://www.google.com/maps/search/?api=1&query=beach%20sports%20em%20Tiet%C3%AA%2C%20S%C3%A3o%20Paulo%2C%20Brasil","","",""
"3554607","Timburi","Marília","a pesquisar","https://www.google.com/maps/search/?api=1&query=arena%20beach%20tennis%20em%20Timburi%2C%20S%C3%A3o%20Paulo%2C%20Brasil","https://www.google.com/maps/search/?api=1&query=arena%20futev%C3%B4lei%20em%20Timburi%2C%20S%C3%A3o%20Paulo%2C%20Brasil","https://www.google.com/maps/search/?api=1&query=quadra%20v%C3%B4lei%20de%20praia%20em%20Timburi%2C%20S%C3%A3o%20Paulo%2C%20Brasil","https://www.google.com/maps/search/?api=1&query=arena%20esportes%20de%20areia%20em%20Timburi%2C%20S%C3%A3o%20Paulo%2C%20Brasil","https://www.google.com/maps/search/?api=1&query=beach%20sports%20em%20Timburi%2C%20S%C3%A3o%20Paulo%2C%20Brasil","","",""
"3554656","Torre de Pedra","Sorocaba","a pesquisar","https://www.google.com/maps/search/?api=1&query=arena%20beach%20tennis%20em%20Torre%20de%20Pedra%2C%20S%C3%A3o%20Paulo%2C%20Brasil","https://www.google.com/maps/search/?api=1&query=arena%20futev%C3%B4lei%20em%20Torre%20de%20Pedra%2C%20S%C3%A3o%20Paulo%2C%20Brasil","https://www.google.com/maps/search/?api=1&query=quadra%20v%C3%B4lei%20de%20praia%20em%20Torre%20de%20Pedra%2C%20S%C3%A3o%20Paulo%2C%20Brasil","https://www.google.com/maps/search/?api=1&query=arena%20esportes%20de%20areia%20em%20Torre%20de%20Pedra%2C%20S%C3%A3o%20Paulo%2C%20Brasil","https://www.google.com/maps/search/?api=1&query=beach%20sports%20em%20Torre%20de%20Pedra%2C%20S%C3%A3o%20Paulo%2C%20Brasil","","",""
"3554706","Torrinha","Bauru","a pesquisar","https://www.google.com/maps/search/?api=1&query=arena%20beach%20tennis%20em%20Torrinha%2C%20S%C3%A3o%20Paulo%2C%20Brasil","https://www.google.com/maps/search/?api=1&query=arena%20futev%C3%B4lei%20em%20Torrinha%2C%20S%C3%A3o%20Paulo%2C%20Brasil","https://www.google.com/maps/search/?api=1&query=quadra%20v%C3%B4lei%20de%20praia%20em%20Torrinha%2C%20S%C3%A3o%20Paulo%2C%20Brasil","https://www.google.com/maps/search/?api=1&query=arena%20esportes%20de%20areia%20em%20Torrinha%2C%20S%C3%A3o%20Paulo%2C%20Brasil","https://www.google.com/maps/search/?api=1&query=beach%20sports%20em%20Torrinha%2C%20S%C3%A3o%20Paulo%2C%20Brasil","","",""
"3554755","Trabiju","Araraquara","a pesquisar","https://www.google.com/maps/search/?api=1&query=arena%20beach%20tennis%20em%20Trabiju%2C%20S%C3%A3o%20Paulo%2C%20Brasil","https://www.google.com/maps/search/?api=1&query=arena%20futev%C3%B4lei%20em%20Trabiju%2C%20S%C3%A3o%20Paulo%2C%20Brasil","https://www.google.com/maps/search/?api=1&query=quadra%20v%C3%B4lei%20de%20praia%20em%20Trabiju%2C%20S%C3%A3o%20Paulo%2C%20Brasil","https://www.google.com/maps/search/?api=1&query=arena%20esportes%20de%20areia%20em%20Trabiju%2C%20S%C3%A3o%20Paulo%2C%20Brasil","https://www.google.com/maps/search/?api=1&query=beach%20sports%20em%20Trabiju%2C%20S%C3%A3o%20Paulo%2C%20Brasil","","",""
"3554805","Tremembé","São José dos Campos","a pesquisar","https://www.google.com/maps/search/?api=1&query=arena%20beach%20tennis%20em%20Trememb%C3%A9%2C%20S%C3%A3o%20Paulo%2C%20Brasil","https://www.google.com/maps/search/?api=1&query=arena%20futev%C3%B4lei%20em%20Trememb%C3%A9%2C%20S%C3%A3o%20Paulo%2C%20Brasil","https://www.google.com/maps/search/?api=1&query=quadra%20v%C3%B4lei%20de%20praia%20em%20Trememb%C3%A9%2C%20S%C3%A3o%20Paulo%2C%20Brasil","https://www.google.com/maps/search/?api=1&query=arena%20esportes%20de%20areia%20em%20Trememb%C3%A9%2C%20S%C3%A3o%20Paulo%2C%20Brasil","https://www.google.com/maps/search/?api=1&query=beach%20sports%20em%20Trememb%C3%A9%2C%20S%C3%A3o%20Paulo%2C%20Brasil","","",""
"3554904","Três Fronteiras","São José do Rio Preto","a pesquisar","https://www.google.com/maps/search/?api=1&query=arena%20beach%20tennis%20em%20Tr%C3%AAs%20Fronteiras%2C%20S%C3%A3o%20Paulo%2C%20Brasil","https://www.google.com/maps/search/?api=1&query=arena%20futev%C3%B4lei%20em%20Tr%C3%AAs%20Fronteiras%2C%20S%C3%A3o%20Paulo%2C%20Brasil","https://www.google.com/maps/search/?api=1&query=quadra%20v%C3%B4lei%20de%20praia%20em%20Tr%C3%AAs%20Fronteiras%2C%20S%C3%A3o%20Paulo%2C%20Brasil","https://www.google.com/maps/search/?api=1&query=arena%20esportes%20de%20areia%20em%20Tr%C3%AAs%20Fronteiras%2C%20S%C3%A3o%20Paulo%2C%20Brasil","https://www.google.com/maps/search/?api=1&query=beach%20sports%20em%20Tr%C3%AAs%20Fronteiras%2C%20S%C3%A3o%20Paulo%2C%20Brasil","","",""
"3554953","Tuiuti","Campinas","a pesquisar","https://www.google.com/maps/search/?api=1&query=arena%20beach%20tennis%20em%20Tuiuti%2C%20S%C3%A3o%20Paulo%2C%20Brasil","https://www.google.com/maps/search/?api=1&query=arena%20futev%C3%B4lei%20em%20Tuiuti%2C%20S%C3%A3o%20Paulo%2C%20Brasil","https://www.google.com/maps/search/?api=1&query=quadra%20v%C3%B4lei%20de%20praia%20em%20Tuiuti%2C%20S%C3%A3o%20Paulo%2C%20Brasil","https://www.google.com/maps/search/?api=1&query=arena%20esportes%20de%20areia%20em%20Tuiuti%2C%20S%C3%A3o%20Paulo%2C%20Brasil","https://www.google.com/maps/search/?api=1&query=beach%20sports%20em%20Tuiuti%2C%20S%C3%A3o%20Paulo%2C%20Brasil","","",""
"3555000","Tupã","Marília","a pesquisar","https://www.google.com/maps/search/?api=1&query=arena%20beach%20tennis%20em%20Tup%C3%A3%2C%20S%C3%A3o%20Paulo%2C%20Brasil","https://www.google.com/maps/search/?api=1&query=arena%20futev%C3%B4lei%20em%20Tup%C3%A3%2C%20S%C3%A3o%20Paulo%2C%20Brasil","https://www.google.com/maps/search/?api=1&query=quadra%20v%C3%B4lei%20de%20praia%20em%20Tup%C3%A3%2C%20S%C3%A3o%20Paulo%2C%20Brasil","https://www.google.com/maps/search/?api=1&query=arena%20esportes%20de%20areia%20em%20Tup%C3%A3%2C%20S%C3%A3o%20Paulo%2C%20Brasil","https://www.google.com/maps/search/?api=1&query=beach%20sports%20em%20Tup%C3%A3%2C%20S%C3%A3o%20Paulo%2C%20Brasil","","",""
"3555109","Tupi Paulista","Presidente Prudente","a pesquisar","https://www.google.com/maps/search/?api=1&query=arena%20beach%20tennis%20em%20Tupi%20Paulista%2C%20S%C3%A3o%20Paulo%2C%20Brasil","https://www.google.com/maps/search/?api=1&query=arena%20futev%C3%B4lei%20em%20Tupi%20Paulista%2C%20S%C3%A3o%20Paulo%2C%20Brasil","https://www.google.com/maps/search/?api=1&query=quadra%20v%C3%B4lei%20de%20praia%20em%20Tupi%20Paulista%2C%20S%C3%A3o%20Paulo%2C%20Brasil","https://www.google.com/maps/search/?api=1&query=arena%20esportes%20de%20areia%20em%20Tupi%20Paulista%2C%20S%C3%A3o%20Paulo%2C%20Brasil","https://www.google.com/maps/search/?api=1&query=beach%20sports%20em%20Tupi%20Paulista%2C%20S%C3%A3o%20Paulo%2C%20Brasil","","",""
"3555208","Turiúba","Araçatuba","a pesquisar","https://www.google.com/maps/search/?api=1&query=arena%20beach%20tennis%20em%20Turi%C3%BAba%2C%20S%C3%A3o%20Paulo%2C%20Brasil","https://www.google.com/maps/search/?api=1&query=arena%20futev%C3%B4lei%20em%20Turi%C3%BAba%2C%20S%C3%A3o%20Paulo%2C%20Brasil","https://www.google.com/maps/search/?api=1&query=quadra%20v%C3%B4lei%20de%20praia%20em%20Turi%C3%BAba%2C%20S%C3%A3o%20Paulo%2C%20Brasil","https://www.google.com/maps/search/?api=1&query=arena%20esportes%20de%20areia%20em%20Turi%C3%BAba%2C%20S%C3%A3o%20Paulo%2C%20Brasil","https://www.google.com/maps/search/?api=1&query=beach%20sports%20em%20Turi%C3%BAba%2C%20S%C3%A3o%20Paulo%2C%20Brasil","","",""
"3555307","Turmalina","São José do Rio Preto","a pesquisar","https://www.google.com/maps/search/?api=1&query=arena%20beach%20tennis%20em%20Turmalina%2C%20S%C3%A3o%20Paulo%2C%20Brasil","https://www.google.com/maps/search/?api=1&query=arena%20futev%C3%B4lei%20em%20Turmalina%2C%20S%C3%A3o%20Paulo%2C%20Brasil","https://www.google.com/maps/search/?api=1&query=quadra%20v%C3%B4lei%20de%20praia%20em%20Turmalina%2C%20S%C3%A3o%20Paulo%2C%20Brasil","https://www.google.com/maps/search/?api=1&query=arena%20esportes%20de%20areia%20em%20Turmalina%2C%20S%C3%A3o%20Paulo%2C%20Brasil","https://www.google.com/maps/search/?api=1&query=beach%20sports%20em%20Turmalina%2C%20S%C3%A3o%20Paulo%2C%20Brasil","","",""
"3555356","Ubarana","São José do Rio Preto","a pesquisar","https://www.google.com/maps/search/?api=1&query=arena%20beach%20tennis%20em%20Ubarana%2C%20S%C3%A3o%20Paulo%2C%20Brasil","https://www.google.com/maps/search/?api=1&query=arena%20futev%C3%B4lei%20em%20Ubarana%2C%20S%C3%A3o%20Paulo%2C%20Brasil","https://www.google.com/maps/search/?api=1&query=quadra%20v%C3%B4lei%20de%20praia%20em%20Ubarana%2C%20S%C3%A3o%20Paulo%2C%20Brasil","https://www.google.com/maps/search/?api=1&query=arena%20esportes%20de%20areia%20em%20Ubarana%2C%20S%C3%A3o%20Paulo%2C%20Brasil","https://www.google.com/maps/search/?api=1&query=beach%20sports%20em%20Ubarana%2C%20S%C3%A3o%20Paulo%2C%20Brasil","","",""
"3555406","Ubatuba","São José dos Campos","pesquisa pública parcial","https://www.google.com/maps/search/?api=1&query=arena%20beach%20tennis%20em%20Ubatuba%2C%20S%C3%A3o%20Paulo%2C%20Brasil","https://www.google.com/maps/search/?api=1&query=arena%20futev%C3%B4lei%20em%20Ubatuba%2C%20S%C3%A3o%20Paulo%2C%20Brasil","https://www.google.com/maps/search/?api=1&query=quadra%20v%C3%B4lei%20de%20praia%20em%20Ubatuba%2C%20S%C3%A3o%20Paulo%2C%20Brasil","https://www.google.com/maps/search/?api=1&query=arena%20esportes%20de%20areia%20em%20Ubatuba%2C%20S%C3%A3o%20Paulo%2C%20Brasil","https://www.google.com/maps/search/?api=1&query=beach%20sports%20em%20Ubatuba%2C%20S%C3%A3o%20Paulo%2C%20Brasil","2026-09-13","1","Unidades validadas neste lote: 1. Consultas Maps da fila não executadas; cobertura municipal incompleta."
"3555505","Ubirajara","Bauru","a pesquisar","https://www.google.com/maps/search/?api=1&query=arena%20beach%20tennis%20em%20Ubirajara%2C%20S%C3%A3o%20Paulo%2C%20Brasil","https://www.google.com/maps/search/?api=1&query=arena%20futev%C3%B4lei%20em%20Ubirajara%2C%20S%C3%A3o%20Paulo%2C%20Brasil","https://www.google.com/maps/search/?api=1&query=quadra%20v%C3%B4lei%20de%20praia%20em%20Ubirajara%2C%20S%C3%A3o%20Paulo%2C%20Brasil","https://www.google.com/maps/search/?api=1&query=arena%20esportes%20de%20areia%20em%20Ubirajara%2C%20S%C3%A3o%20Paulo%2C%20Brasil","https://www.google.com/maps/search/?api=1&query=beach%20sports%20em%20Ubirajara%2C%20S%C3%A3o%20Paulo%2C%20Brasil","","",""
"3555604","Uchoa","São José do Rio Preto","a pesquisar","https://www.google.com/maps/search/?api=1&query=arena%20beach%20tennis%20em%20Uchoa%2C%20S%C3%A3o%20Paulo%2C%20Brasil","https://www.google.com/maps/search/?api=1&query=arena%20futev%C3%B4lei%20em%20Uchoa%2C%20S%C3%A3o%20Paulo%2C%20Brasil","https://www.google.com/maps/search/?api=1&query=quadra%20v%C3%B4lei%20de%20praia%20em%20Uchoa%2C%20S%C3%A3o%20Paulo%2C%20Brasil","https://www.google.com/maps/search/?api=1&query=arena%20esportes%20de%20areia%20em%20Uchoa%2C%20S%C3%A3o%20Paulo%2C%20Brasil","https://www.google.com/maps/search/?api=1&query=beach%20sports%20em%20Uchoa%2C%20S%C3%A3o%20Paulo%2C%20Brasil","","",""
"3555703","União Paulista","São José do Rio Preto","a pesquisar","https://www.google.com/maps/search/?api=1&query=arena%20beach%20tennis%20em%20Uni%C3%A3o%20Paulista%2C%20S%C3%A3o%20Paulo%2C%20Brasil","https://www.google.com/maps/search/?api=1&query=arena%20futev%C3%B4lei%20em%20Uni%C3%A3o%20Paulista%2C%20S%C3%A3o%20Paulo%2C%20Brasil","https://www.google.com/maps/search/?api=1&query=quadra%20v%C3%B4lei%20de%20praia%20em%20Uni%C3%A3o%20Paulista%2C%20S%C3%A3o%20Paulo%2C%20Brasil","https://www.google.com/maps/search/?api=1&query=arena%20esportes%20de%20areia%20em%20Uni%C3%A3o%20Paulista%2C%20S%C3%A3o%20Paulo%2C%20Brasil","https://www.google.com/maps/search/?api=1&query=beach%20sports%20em%20Uni%C3%A3o%20Paulista%2C%20S%C3%A3o%20Paulo%2C%20Brasil","","",""
"3555802","Urânia","São José do Rio Preto","a pesquisar","https://www.google.com/maps/search/?api=1&query=arena%20beach%20tennis%20em%20Ur%C3%A2nia%2C%20S%C3%A3o%20Paulo%2C%20Brasil","https://www.google.com/maps/search/?api=1&query=arena%20futev%C3%B4lei%20em%20Ur%C3%A2nia%2C%20S%C3%A3o%20Paulo%2C%20Brasil","https://www.google.com/maps/search/?api=1&query=quadra%20v%C3%B4lei%20de%20praia%20em%20Ur%C3%A2nia%2C%20S%C3%A3o%20Paulo%2C%20Brasil","https://www.google.com/maps/search/?api=1&query=arena%20esportes%20de%20areia%20em%20Ur%C3%A2nia%2C%20S%C3%A3o%20Paulo%2C%20Brasil","https://www.google.com/maps/search/?api=1&query=beach%20sports%20em%20Ur%C3%A2nia%2C%20S%C3%A3o%20Paulo%2C%20Brasil","","",""
"3555901","Uru","Bauru","a pesquisar","https://www.google.com/maps/search/?api=1&query=arena%20beach%20tennis%20em%20Uru%2C%20S%C3%A3o%20Paulo%2C%20Brasil","https://www.google.com/maps/search/?api=1&query=arena%20futev%C3%B4lei%20em%20Uru%2C%20S%C3%A3o%20Paulo%2C%20Brasil","https://www.google.com/maps/search/?api=1&query=quadra%20v%C3%B4lei%20de%20praia%20em%20Uru%2C%20S%C3%A3o%20Paulo%2C%20Brasil","https://www.google.com/maps/search/?api=1&query=arena%20esportes%20de%20areia%20em%20Uru%2C%20S%C3%A3o%20Paulo%2C%20Brasil","https://www.google.com/maps/search/?api=1&query=beach%20sports%20em%20Uru%2C%20S%C3%A3o%20Paulo%2C%20Brasil","","",""
"3556008","Urupês","São José do Rio Preto","a pesquisar","https://www.google.com/maps/search/?api=1&query=arena%20beach%20tennis%20em%20Urup%C3%AAs%2C%20S%C3%A3o%20Paulo%2C%20Brasil","https://www.google.com/maps/search/?api=1&query=arena%20futev%C3%B4lei%20em%20Urup%C3%AAs%2C%20S%C3%A3o%20Paulo%2C%20Brasil","https://www.google.com/maps/search/?api=1&query=quadra%20v%C3%B4lei%20de%20praia%20em%20Urup%C3%AAs%2C%20S%C3%A3o%20Paulo%2C%20Brasil","https://www.google.com/maps/search/?api=1&query=arena%20esportes%20de%20areia%20em%20Urup%C3%AAs%2C%20S%C3%A3o%20Paulo%2C%20Brasil","https://www.google.com/maps/search/?api=1&query=beach%20sports%20em%20Urup%C3%AAs%2C%20S%C3%A3o%20Paulo%2C%20Brasil","","",""
"3556107","Valentim Gentil","São José do Rio Preto","a pesquisar","https://www.google.com/maps/search/?api=1&query=arena%20beach%20tennis%20em%20Valentim%20Gentil%2C%20S%C3%A3o%20Paulo%2C%20Brasil","https://www.google.com/maps/search/?api=1&query=arena%20futev%C3%B4lei%20em%20Valentim%20Gentil%2C%20S%C3%A3o%20Paulo%2C%20Brasil","https://www.google.com/maps/search/?api=1&query=quadra%20v%C3%B4lei%20de%20praia%20em%20Valentim%20Gentil%2C%20S%C3%A3o%20Paulo%2C%20Brasil","https://www.google.com/maps/search/?api=1&query=arena%20esportes%20de%20areia%20em%20Valentim%20Gentil%2C%20S%C3%A3o%20Paulo%2C%20Brasil","https://www.google.com/maps/search/?api=1&query=beach%20sports%20em%20Valentim%20Gentil%2C%20S%C3%A3o%20Paulo%2C%20Brasil","","",""
"3556206","Valinhos","Campinas","a pesquisar","https://www.google.com/maps/search/?api=1&query=arena%20beach%20tennis%20em%20Valinhos%2C%20S%C3%A3o%20Paulo%2C%20Brasil","https://www.google.com/maps/search/?api=1&query=arena%20futev%C3%B4lei%20em%20Valinhos%2C%20S%C3%A3o%20Paulo%2C%20Brasil","https://www.google.com/maps/search/?api=1&query=quadra%20v%C3%B4lei%20de%20praia%20em%20Valinhos%2C%20S%C3%A3o%20Paulo%2C%20Brasil","https://www.google.com/maps/search/?api=1&query=arena%20esportes%20de%20areia%20em%20Valinhos%2C%20S%C3%A3o%20Paulo%2C%20Brasil","https://www.google.com/maps/search/?api=1&query=beach%20sports%20em%20Valinhos%2C%20S%C3%A3o%20Paulo%2C%20Brasil","","",""
"3556305","Valparaíso","Araçatuba","a pesquisar","https://www.google.com/maps/search/?api=1&query=arena%20beach%20tennis%20em%20Valpara%C3%ADso%2C%20S%C3%A3o%20Paulo%2C%20Brasil","https://www.google.com/maps/search/?api=1&query=arena%20futev%C3%B4lei%20em%20Valpara%C3%ADso%2C%20S%C3%A3o%20Paulo%2C%20Brasil","https://www.google.com/maps/search/?api=1&query=quadra%20v%C3%B4lei%20de%20praia%20em%20Valpara%C3%ADso%2C%20S%C3%A3o%20Paulo%2C%20Brasil","https://www.google.com/maps/search/?api=1&query=arena%20esportes%20de%20areia%20em%20Valpara%C3%ADso%2C%20S%C3%A3o%20Paulo%2C%20Brasil","https://www.google.com/maps/search/?api=1&query=beach%20sports%20em%20Valpara%C3%ADso%2C%20S%C3%A3o%20Paulo%2C%20Brasil","","",""
"3556354","Vargem","Campinas","a pesquisar","https://www.google.com/maps/search/?api=1&query=arena%20beach%20tennis%20em%20Vargem%2C%20S%C3%A3o%20Paulo%2C%20Brasil","https://www.google.com/maps/search/?api=1&query=arena%20futev%C3%B4lei%20em%20Vargem%2C%20S%C3%A3o%20Paulo%2C%20Brasil","https://www.google.com/maps/search/?api=1&query=quadra%20v%C3%B4lei%20de%20praia%20em%20Vargem%2C%20S%C3%A3o%20Paulo%2C%20Brasil","https://www.google.com/maps/search/?api=1&query=arena%20esportes%20de%20areia%20em%20Vargem%2C%20S%C3%A3o%20Paulo%2C%20Brasil","https://www.google.com/maps/search/?api=1&query=beach%20sports%20em%20Vargem%2C%20S%C3%A3o%20Paulo%2C%20Brasil","","",""
"3556404","Vargem Grande do Sul","Campinas","a pesquisar","https://www.google.com/maps/search/?api=1&query=arena%20beach%20tennis%20em%20Vargem%20Grande%20do%20Sul%2C%20S%C3%A3o%20Paulo%2C%20Brasil","https://www.google.com/maps/search/?api=1&query=arena%20futev%C3%B4lei%20em%20Vargem%20Grande%20do%20Sul%2C%20S%C3%A3o%20Paulo%2C%20Brasil","https://www.google.com/maps/search/?api=1&query=quadra%20v%C3%B4lei%20de%20praia%20em%20Vargem%20Grande%20do%20Sul%2C%20S%C3%A3o%20Paulo%2C%20Brasil","https://www.google.com/maps/search/?api=1&query=arena%20esportes%20de%20areia%20em%20Vargem%20Grande%20do%20Sul%2C%20S%C3%A3o%20Paulo%2C%20Brasil","https://www.google.com/maps/search/?api=1&query=beach%20sports%20em%20Vargem%20Grande%20do%20Sul%2C%20S%C3%A3o%20Paulo%2C%20Brasil","","",""
"3556453","Vargem Grande Paulista","São Paulo","a pesquisar","https://www.google.com/maps/search/?api=1&query=arena%20beach%20tennis%20em%20Vargem%20Grande%20Paulista%2C%20S%C3%A3o%20Paulo%2C%20Brasil","https://www.google.com/maps/search/?api=1&query=arena%20futev%C3%B4lei%20em%20Vargem%20Grande%20Paulista%2C%20S%C3%A3o%20Paulo%2C%20Brasil","https://www.google.com/maps/search/?api=1&query=quadra%20v%C3%B4lei%20de%20praia%20em%20Vargem%20Grande%20Paulista%2C%20S%C3%A3o%20Paulo%2C%20Brasil","https://www.google.com/maps/search/?api=1&query=arena%20esportes%20de%20areia%20em%20Vargem%20Grande%20Paulista%2C%20S%C3%A3o%20Paulo%2C%20Brasil","https://www.google.com/maps/search/?api=1&query=beach%20sports%20em%20Vargem%20Grande%20Paulista%2C%20S%C3%A3o%20Paulo%2C%20Brasil","","",""
"3556503","Várzea Paulista","Campinas","a pesquisar","https://www.google.com/maps/search/?api=1&query=arena%20beach%20tennis%20em%20V%C3%A1rzea%20Paulista%2C%20S%C3%A3o%20Paulo%2C%20Brasil","https://www.google.com/maps/search/?api=1&query=arena%20futev%C3%B4lei%20em%20V%C3%A1rzea%20Paulista%2C%20S%C3%A3o%20Paulo%2C%20Brasil","https://www.google.com/maps/search/?api=1&query=quadra%20v%C3%B4lei%20de%20praia%20em%20V%C3%A1rzea%20Paulista%2C%20S%C3%A3o%20Paulo%2C%20Brasil","https://www.google.com/maps/search/?api=1&query=arena%20esportes%20de%20areia%20em%20V%C3%A1rzea%20Paulista%2C%20S%C3%A3o%20Paulo%2C%20Brasil","https://www.google.com/maps/search/?api=1&query=beach%20sports%20em%20V%C3%A1rzea%20Paulista%2C%20S%C3%A3o%20Paulo%2C%20Brasil","","",""
"3556602","Vera Cruz","Marília","a pesquisar","https://www.google.com/maps/search/?api=1&query=arena%20beach%20tennis%20em%20Vera%20Cruz%2C%20S%C3%A3o%20Paulo%2C%20Brasil","https://www.google.com/maps/search/?api=1&query=arena%20futev%C3%B4lei%20em%20Vera%20Cruz%2C%20S%C3%A3o%20Paulo%2C%20Brasil","https://www.google.com/maps/search/?api=1&query=quadra%20v%C3%B4lei%20de%20praia%20em%20Vera%20Cruz%2C%20S%C3%A3o%20Paulo%2C%20Brasil","https://www.google.com/maps/search/?api=1&query=arena%20esportes%20de%20areia%20em%20Vera%20Cruz%2C%20S%C3%A3o%20Paulo%2C%20Brasil","https://www.google.com/maps/search/?api=1&query=beach%20sports%20em%20Vera%20Cruz%2C%20S%C3%A3o%20Paulo%2C%20Brasil","","",""
"3556701","Vinhedo","Campinas","pesquisa pública parcial","https://www.google.com/maps/search/?api=1&query=arena%20beach%20tennis%20em%20Vinhedo%2C%20S%C3%A3o%20Paulo%2C%20Brasil","https://www.google.com/maps/search/?api=1&query=arena%20futev%C3%B4lei%20em%20Vinhedo%2C%20S%C3%A3o%20Paulo%2C%20Brasil","https://www.google.com/maps/search/?api=1&query=quadra%20v%C3%B4lei%20de%20praia%20em%20Vinhedo%2C%20S%C3%A3o%20Paulo%2C%20Brasil","https://www.google.com/maps/search/?api=1&query=arena%20esportes%20de%20areia%20em%20Vinhedo%2C%20S%C3%A3o%20Paulo%2C%20Brasil","https://www.google.com/maps/search/?api=1&query=beach%20sports%20em%20Vinhedo%2C%20S%C3%A3o%20Paulo%2C%20Brasil","2026-09-13","1","Unidades validadas neste lote: 1. Consultas Maps da fila não executadas; cobertura municipal incompleta."
"3556800","Viradouro","Ribeirão Preto","a pesquisar","https://www.google.com/maps/search/?api=1&query=arena%20beach%20tennis%20em%20Viradouro%2C%20S%C3%A3o%20Paulo%2C%20Brasil","https://www.google.com/maps/search/?api=1&query=arena%20futev%C3%B4lei%20em%20Viradouro%2C%20S%C3%A3o%20Paulo%2C%20Brasil","https://www.google.com/maps/search/?api=1&query=quadra%20v%C3%B4lei%20de%20praia%20em%20Viradouro%2C%20S%C3%A3o%20Paulo%2C%20Brasil","https://www.google.com/maps/search/?api=1&query=arena%20esportes%20de%20areia%20em%20Viradouro%2C%20S%C3%A3o%20Paulo%2C%20Brasil","https://www.google.com/maps/search/?api=1&query=beach%20sports%20em%20Viradouro%2C%20S%C3%A3o%20Paulo%2C%20Brasil","","",""
"3556909","Vista Alegre do Alto","São José do Rio Preto","a pesquisar","https://www.google.com/maps/search/?api=1&query=arena%20beach%20tennis%20em%20Vista%20Alegre%20do%20Alto%2C%20S%C3%A3o%20Paulo%2C%20Brasil","https://www.google.com/maps/search/?api=1&query=arena%20futev%C3%B4lei%20em%20Vista%20Alegre%20do%20Alto%2C%20S%C3%A3o%20Paulo%2C%20Brasil","https://www.google.com/maps/search/?api=1&query=quadra%20v%C3%B4lei%20de%20praia%20em%20Vista%20Alegre%20do%20Alto%2C%20S%C3%A3o%20Paulo%2C%20Brasil","https://www.google.com/maps/search/?api=1&query=arena%20esportes%20de%20areia%20em%20Vista%20Alegre%20do%20Alto%2C%20S%C3%A3o%20Paulo%2C%20Brasil","https://www.google.com/maps/search/?api=1&query=beach%20sports%20em%20Vista%20Alegre%20do%20Alto%2C%20S%C3%A3o%20Paulo%2C%20Brasil","","",""
"3556958","Vitória Brasil","São José do Rio Preto","a pesquisar","https://www.google.com/maps/search/?api=1&query=arena%20beach%20tennis%20em%20Vit%C3%B3ria%20Brasil%2C%20S%C3%A3o%20Paulo%2C%20Brasil","https://www.google.com/maps/search/?api=1&query=arena%20futev%C3%B4lei%20em%20Vit%C3%B3ria%20Brasil%2C%20S%C3%A3o%20Paulo%2C%20Brasil","https://www.google.com/maps/search/?api=1&query=quadra%20v%C3%B4lei%20de%20praia%20em%20Vit%C3%B3ria%20Brasil%2C%20S%C3%A3o%20Paulo%2C%20Brasil","https://www.google.com/maps/search/?api=1&query=arena%20esportes%20de%20areia%20em%20Vit%C3%B3ria%20Brasil%2C%20S%C3%A3o%20Paulo%2C%20Brasil","https://www.google.com/maps/search/?api=1&query=beach%20sports%20em%20Vit%C3%B3ria%20Brasil%2C%20S%C3%A3o%20Paulo%2C%20Brasil","","",""
"3557006","Votorantim","Sorocaba","a pesquisar","https://www.google.com/maps/search/?api=1&query=arena%20beach%20tennis%20em%20Votorantim%2C%20S%C3%A3o%20Paulo%2C%20Brasil","https://www.google.com/maps/search/?api=1&query=arena%20futev%C3%B4lei%20em%20Votorantim%2C%20S%C3%A3o%20Paulo%2C%20Brasil","https://www.google.com/maps/search/?api=1&query=quadra%20v%C3%B4lei%20de%20praia%20em%20Votorantim%2C%20S%C3%A3o%20Paulo%2C%20Brasil","https://www.google.com/maps/search/?api=1&query=arena%20esportes%20de%20areia%20em%20Votorantim%2C%20S%C3%A3o%20Paulo%2C%20Brasil","https://www.google.com/maps/search/?api=1&query=beach%20sports%20em%20Votorantim%2C%20S%C3%A3o%20Paulo%2C%20Brasil","","",""
"3557105","Votuporanga","São José do Rio Preto","a pesquisar","https://www.google.com/maps/search/?api=1&query=arena%20beach%20tennis%20em%20Votuporanga%2C%20S%C3%A3o%20Paulo%2C%20Brasil","https://www.google.com/maps/search/?api=1&query=arena%20futev%C3%B4lei%20em%20Votuporanga%2C%20S%C3%A3o%20Paulo%2C%20Brasil","https://www.google.com/maps/search/?api=1&query=quadra%20v%C3%B4lei%20de%20praia%20em%20Votuporanga%2C%20S%C3%A3o%20Paulo%2C%20Brasil","https://www.google.com/maps/search/?api=1&query=arena%20esportes%20de%20areia%20em%20Votuporanga%2C%20S%C3%A3o%20Paulo%2C%20Brasil","https://www.google.com/maps/search/?api=1&query=beach%20sports%20em%20Votuporanga%2C%20S%C3%A3o%20Paulo%2C%20Brasil","","",""
"3557154","Zacarias","Araçatuba","a pesquisar","https://www.google.com/maps/search/?api=1&query=arena%20beach%20tennis%20em%20Zacarias%2C%20S%C3%A3o%20Paulo%2C%20Brasil","https://www.google.com/maps/search/?api=1&query=arena%20futev%C3%B4lei%20em%20Zacarias%2C%20S%C3%A3o%20Paulo%2C%20Brasil","https://www.google.com/maps/search/?api=1&query=quadra%20v%C3%B4lei%20de%20praia%20em%20Zacarias%2C%20S%C3%A3o%20Paulo%2C%20Brasil","https://www.google.com/maps/search/?api=1&query=arena%20esportes%20de%20areia%20em%20Zacarias%2C%20S%C3%A3o%20Paulo%2C%20Brasil","https://www.google.com/maps/search/?api=1&query=beach%20sports%20em%20Zacarias%2C%20S%C3%A3o%20Paulo%2C%20Brasil","","",""
